/*
 Navicat Premium Data Transfer

 Source Server         : 192.168.245.132
 Source Server Type    : MySQL
 Source Server Version : 80031
 Source Host           : 192.168.245.132:3306
 Source Schema         : rental_house

 Target Server Type    : MySQL
 Target Server Version : 80031
 File Encoding         : 65001

 Date: 31/05/2023 21:22:37
*/

SET NAMES utf8mb4;
SET FOREIGN_KEY_CHECKS = 0;

-- ----------------------------
-- Table structure for basic
-- ----------------------------
DROP TABLE IF EXISTS `basic`;
CREATE TABLE `basic`  (
  `base_id` int(0) NOT NULL AUTO_INCREMENT,
  `base_name` varchar(10) CHARACTER SET utf8mb4 COLLATE utf8mb4_general_ci NOT NULL,
  `price` decimal(10, 2) NOT NULL,
  `remark` text CHARACTER SET utf8mb4 COLLATE utf8mb4_general_ci NOT NULL,
  `state` int(0) NOT NULL,
  `time` datetime(0) NOT NULL,
  `operation` int(0) NOT NULL,
  `old_price` decimal(10, 2) NOT NULL,
  PRIMARY KEY (`base_id`) USING BTREE
) ENGINE = InnoDB AUTO_INCREMENT = 11 CHARACTER SET = utf8mb4 COLLATE = utf8mb4_general_ci ROW_FORMAT = Dynamic;

-- ----------------------------
-- Records of basic
-- ----------------------------
INSERT INTO `basic` VALUES (1, '电费', 1.50, '每月每度电收费￥1.50元', 1, '2022-12-31 00:00:00', 0, 1.50);
INSERT INTO `basic` VALUES (2, '水费', 4.50, '每月每方水收费￥4.50元', 1, '2022-12-31 00:00:00', 0, 4.50);
INSERT INTO `basic` VALUES (3, '垃圾费', 15.00, '每月垃圾费收费￥15.00元', 1, '2022-12-31 00:00:00', 0, 15.00);
INSERT INTO `basic` VALUES (4, '电梯费', 30.00, '每月电梯费收费￥30.00元', 1, '2022-12-31 00:00:00', 0, 30.00);
INSERT INTO `basic` VALUES (5, '停车费', 270.00, '每月停车费收费￥270.00元', 1, '2022-12-31 00:00:00', 0, 270.00);
INSERT INTO `basic` VALUES (6, '电视费', 20.00, '每月电视费收费￥20.00元', 1, '2022-12-31 00:00:00', 0, 20.00);
INSERT INTO `basic` VALUES (7, '网费', 25.00, '每月网费收费￥25.00元', 1, '2022-12-31 00:00:00', 0, 25.00);
INSERT INTO `basic` VALUES (8, '燃油费', 40.00, '每月燃油费收费￥40.00元', 1, '2022-12-31 00:00:00', 0, 40.00);
INSERT INTO `basic` VALUES (9, '空调费', 50.00, '每月空调费收费￥50.00元', 1, '2022-12-31 00:00:00', 0, 50.00);
INSERT INTO `basic` VALUES (10, '安保费', 10.00, '每月安保费收费￥10.00元', 1, '2022-12-31 00:00:00', 0, 15.00);

-- ----------------------------
-- Table structure for checkout
-- ----------------------------
DROP TABLE IF EXISTS `checkout`;
CREATE TABLE `checkout`  (
  `checkout_id` int(0) NOT NULL AUTO_INCREMENT,
  `rent_id` int(0) NOT NULL,
  `user_id` int(0) DEFAULT NULL,
  `start` datetime(0) NOT NULL,
  `end` datetime(0) DEFAULT NULL,
  `remark` text CHARACTER SET utf8mb4 COLLATE utf8mb4_general_ci,
  `state` int(0) NOT NULL,
  `message` text CHARACTER SET utf8mb4 COLLATE utf8mb4_general_ci,
  PRIMARY KEY (`checkout_id`) USING BTREE,
  INDEX `FK_Reference_12`(`rent_id`) USING BTREE,
  INDEX `FK_Reference_23`(`user_id`) USING BTREE,
  CONSTRAINT `FK_Reference_12` FOREIGN KEY (`rent_id`) REFERENCES `rent` (`rent_id`) ON DELETE RESTRICT ON UPDATE RESTRICT,
  CONSTRAINT `FK_Reference_23` FOREIGN KEY (`user_id`) REFERENCES `user` (`user_id`) ON DELETE RESTRICT ON UPDATE RESTRICT
) ENGINE = InnoDB AUTO_INCREMENT = 12 CHARACTER SET = utf8mb4 COLLATE = utf8mb4_general_ci ROW_FORMAT = Dynamic;

-- ----------------------------
-- Table structure for contract
-- ----------------------------
DROP TABLE IF EXISTS `contract`;
CREATE TABLE `contract`  (
  `contract_id` int(0) NOT NULL AUTO_INCREMENT,
  `kind_id` int(0) NOT NULL,
  `user_id` int(0) NOT NULL,
  `state` int(0) NOT NULL,
  `sign` datetime(0) NOT NULL,
  `url` varchar(255) CHARACTER SET utf8mb4 COLLATE utf8mb4_general_ci NOT NULL,
  `deltime` datetime(0) DEFAULT NULL,
  PRIMARY KEY (`contract_id`) USING BTREE,
  INDEX `FK_Reference_45`(`kind_id`) USING BTREE,
  INDEX `FK_Reference_46`(`user_id`) USING BTREE,
  CONSTRAINT `FK_Reference_45` FOREIGN KEY (`kind_id`) REFERENCES `kind` (`kind_id`) ON DELETE RESTRICT ON UPDATE RESTRICT,
  CONSTRAINT `FK_Reference_46` FOREIGN KEY (`user_id`) REFERENCES `user` (`user_id`) ON DELETE RESTRICT ON UPDATE RESTRICT
) ENGINE = InnoDB AUTO_INCREMENT = 72 CHARACTER SET = utf8mb4 COLLATE = utf8mb4_general_ci ROW_FORMAT = Dynamic;

-- ----------------------------
-- Records of contract
-- ----------------------------
INSERT INTO `contract` VALUES (72, 2, 106, 1, '2023-01-01 00:00:00', '2023-05-31-12-01-12_202305310001_猪猪波.pdf', NULL);
INSERT INTO `contract` VALUES (73, 2, 107, 1, '2023-01-01 00:00:00', '2023-05-31-12-07-30_202305310001_菲菲波.pdf', NULL);
INSERT INTO `contract` VALUES (74, 2, 108, 1, '2023-01-01 00:00:00', '2023-05-31-12-10-00_202305310001_呆呆波.pdf', NULL);
INSERT INTO `contract` VALUES (75, 2, 109, 1, '2023-01-01 00:00:00', '2023-05-31-12-12-24_202305310001_超人波.pdf', NULL);
INSERT INTO `contract` VALUES (76, 2, 110, 1, '2023-01-01 00:00:00', '2023-05-31-12-14-28_202305310001_迷糊波.pdf', NULL);
INSERT INTO `contract` VALUES (77, 1, 111, 1, '2023-01-01 00:00:00', '2023-05-31-14-21-10_202305310001_芝麻糊.pdf', NULL);
INSERT INTO `contract` VALUES (78, 1, 112, 1, '2023-01-01 00:00:00', '2023-05-31-14-25-45_202305310002_花生糊.pdf', NULL);
INSERT INTO `contract` VALUES (79, 1, 113, 1, '2023-01-01 00:00:00', '2023-05-31-14-30-17_202305310003_绿豆沙.pdf', NULL);
INSERT INTO `contract` VALUES (80, 1, 114, 1, '2023-01-01 00:00:00', '2023-05-31-15-06-47_202305310004_小杰.pdf', NULL);
INSERT INTO `contract` VALUES (81, 1, 115, 1, '2023-01-01 00:00:00', '2023-05-31-15-08-34_202305310005_小毛.pdf', NULL);
INSERT INTO `contract` VALUES (82, 1, 116, 1, '2023-01-01 00:00:00', '2023-05-31-15-08-57_202305310006_小黎.pdf', NULL);
INSERT INTO `contract` VALUES (83, 1, 117, 1, '2023-01-01 00:00:00', '2023-05-31-15-09-29_202305310007_小雕.pdf', NULL);
INSERT INTO `contract` VALUES (84, 1, 118, 1, '2023-01-01 00:00:00', '2023-05-31-15-10-06_202305310008_小夫.pdf', NULL);
INSERT INTO `contract` VALUES (85, 1, 119, 1, '2023-01-01 00:00:00', '2023-05-31-15-10-32_202305310009_小虎.pdf', NULL);
INSERT INTO `contract` VALUES (86, 1, 120, 1, '2023-01-01 00:00:00', '2023-05-31-15-10-57_202305310010_小明.pdf', NULL);
INSERT INTO `contract` VALUES (87, 1, 121, 1, '2023-01-01 00:00:00', '2023-05-31-15-11-33_202305310011_小白.pdf', NULL);
INSERT INTO `contract` VALUES (88, 1, 122, 1, '2023-01-01 00:00:00', '2023-05-31-15-11-55_202305310012_小罗.pdf', NULL);
INSERT INTO `contract` VALUES (89, 1, 123, 1, '2023-01-01 00:00:00', '2023-05-31-15-12-16_202305310013_小莹.pdf', NULL);
INSERT INTO `contract` VALUES (90, 1, 124, 1, '2023-01-01 00:00:00', '2023-05-31-15-12-55_202305310014_小英.pdf', NULL);
INSERT INTO `contract` VALUES (91, 1, 125, 1, '2023-01-01 00:00:00', '2023-05-31-15-14-45_202305310015_红豆沙.pdf', NULL);
INSERT INTO `contract` VALUES (92, 1, 126, 1, '2023-01-01 00:00:00', '2023-05-31-15-15-02_202305310016_豆浆.pdf', NULL);
INSERT INTO `contract` VALUES (93, 1, 127, 1, '2023-01-01 00:00:00', '2023-05-31-15-15-20_202305310017_豆饼.pdf', NULL);
INSERT INTO `contract` VALUES (94, 1, 128, 1, '2023-01-01 00:00:00', '2023-05-31-15-15-37_202305310018_生菜.pdf', NULL);
INSERT INTO `contract` VALUES (95, 1, 129, 1, '2023-01-01 00:00:00', '2023-05-31-15-15-58_202305310019_油麦菜.pdf', NULL);
INSERT INTO `contract` VALUES (96, 1, 130, 1, '2023-01-01 00:00:00', '2023-05-31-15-16-18_202305310020_通菜.pdf', NULL);
INSERT INTO `contract` VALUES (97, 1, 131, 1, '2023-01-01 00:00:00', '2023-05-31-15-16-38_202305310021_西红柿.pdf', NULL);
INSERT INTO `contract` VALUES (98, 1, 132, 1, '2023-01-01 00:00:00', '2023-05-31-15-16-56_202305310022_青瓜.pdf', NULL);
INSERT INTO `contract` VALUES (99, 1, 133, 1, '2023-01-01 00:00:00', '2023-05-31-15-17-15_202305310023_节瓜.pdf', NULL);
INSERT INTO `contract` VALUES (100, 1, 134, 1, '2023-01-01 00:00:00', '2023-05-31-15-17-37_202305310024_土豆.pdf', NULL);
INSERT INTO `contract` VALUES (101, 1, 135, 1, '2023-01-01 00:00:00', '2023-05-31-15-17-55_202305310025_洋葱.pdf', NULL);
INSERT INTO `contract` VALUES (102, 1, 136, 1, '2023-01-01 00:00:00', '2023-05-31-15-18-12_202305310026_大蒜.pdf', NULL);
INSERT INTO `contract` VALUES (103, 1, 137, 1, '2023-01-01 00:00:00', '2023-05-31-15-18-29_202305310027_黄姜.pdf', NULL);
INSERT INTO `contract` VALUES (104, 1, 138, 1, '2023-01-01 00:00:00', '2023-05-31-15-18-45_202305310028_料酒.pdf', NULL);
INSERT INTO `contract` VALUES (105, 1, 139, 1, '2023-01-01 00:00:00', '2023-05-31-15-19-01_202305310029_生抽.pdf', NULL);
INSERT INTO `contract` VALUES (106, 1, 140, 1, '2023-01-01 00:00:00', '2023-05-31-15-19-18_202305310030_老抽.pdf', NULL);
INSERT INTO `contract` VALUES (107, 1, 141, 1, '2023-01-01 00:00:00', '2023-05-31-15-19-38_202305310031_细狗.pdf', NULL);
INSERT INTO `contract` VALUES (108, 1, 142, 1, '2023-01-01 00:00:00', '2023-05-31-15-19-56_202305310032_白糖.pdf', NULL);
INSERT INTO `contract` VALUES (109, 1, 143, 1, '2023-01-01 00:00:00', '2023-05-31-15-20-13_202305310033_木耳.pdf', NULL);
INSERT INTO `contract` VALUES (110, 1, 144, 1, '2023-01-01 00:00:00', '2023-05-31-15-20-32_202305310034_白虎.pdf', NULL);
INSERT INTO `contract` VALUES (111, 1, 145, 1, '2023-01-01 00:00:00', '2023-05-31-15-20-48_202305310035_青龙.pdf', NULL);
INSERT INTO `contract` VALUES (112, 1, 146, 1, '2023-01-01 00:00:00', '2023-05-31-15-21-13_202305310036_玄武.pdf', NULL);
INSERT INTO `contract` VALUES (113, 1, 147, 1, '2023-01-01 00:00:00', '2023-05-31-15-21-30_202305310037_朱雀.pdf', NULL);
INSERT INTO `contract` VALUES (114, 1, 148, 1, '2023-01-01 00:00:00', '2023-05-31-15-21-48_202305310038_鸡粉.pdf', NULL);
INSERT INTO `contract` VALUES (115, 1, 149, 1, '2023-01-01 00:00:00', '2023-05-31-15-22-08_202305310039_蔡徐坤.pdf', NULL);
INSERT INTO `contract` VALUES (116, 1, 150, 1, '2023-01-01 00:00:00', '2023-05-31-15-22-24_202305310040_杨颖.pdf', NULL);
INSERT INTO `contract` VALUES (117, 1, 151, 1, '2023-01-01 00:00:00', '2023-05-31-15-23-03_202305310041_周杰伦.pdf', NULL);
INSERT INTO `contract` VALUES (118, 1, 152, 1, '2023-01-01 00:00:00', '2023-05-31-15-23-22_202305310042_王俊凯.pdf', NULL);
INSERT INTO `contract` VALUES (119, 1, 153, 1, '2023-01-01 00:00:00', '2023-05-31-15-23-37_202305310043_苏皓杰.pdf', NULL);
INSERT INTO `contract` VALUES (120, 1, 154, 1, '2023-01-01 00:00:00', '2023-05-31-15-23-55_202305310044_潘英家.pdf', NULL);
INSERT INTO `contract` VALUES (121, 1, 155, 1, '2023-01-01 00:00:00', '2023-05-31-15-24-10_202305310045_黄租赁.pdf', NULL);
INSERT INTO `contract` VALUES (122, 1, 156, 1, '2023-01-01 00:00:00', '2023-05-31-15-24-27_202305310046_黄请先.pdf', NULL);
INSERT INTO `contract` VALUES (123, 1, 157, 1, '2023-01-01 00:00:00', '2023-05-31-15-24-43_202305310047_欧阳娜娜.pdf', NULL);
INSERT INTO `contract` VALUES (124, 1, 158, 1, '2023-01-01 00:00:00', '2023-05-31-15-24-56_202305310048_欧阳锋.pdf', NULL);
INSERT INTO `contract` VALUES (125, 1, 159, 1, '2023-01-01 00:00:00', '2023-05-31-15-25-17_202305310049_林冲.pdf', NULL);
INSERT INTO `contract` VALUES (126, 1, 160, 1, '2023-01-01 00:00:00', '2023-05-31-15-25-34_202305310050_武松.pdf', NULL);
INSERT INTO `contract` VALUES (127, 1, 161, 1, '2023-01-01 00:00:00', '2023-05-31-15-25-52_202305310051_萧峰.pdf', NULL);
INSERT INTO `contract` VALUES (128, 1, 162, 1, '2023-01-01 00:00:00', '2023-05-31-15-26-10_202305310052_欧阳修.pdf', NULL);
INSERT INTO `contract` VALUES (129, 1, 163, 1, '2023-01-01 00:00:00', '2023-05-31-15-26-27_202305310053_李白.pdf', NULL);
INSERT INTO `contract` VALUES (130, 1, 164, 1, '2023-01-01 00:00:00', '2023-05-31-15-26-43_202305310054_杜甫.pdf', NULL);
INSERT INTO `contract` VALUES (131, 1, 165, 1, '2023-01-01 00:00:00', '2023-05-31-15-26-58_202305310055_李清照.pdf', NULL);
INSERT INTO `contract` VALUES (132, 1, 166, 1, '2023-01-01 00:00:00', '2023-05-31-15-27-14_202305310056_苍井.pdf', NULL);
INSERT INTO `contract` VALUES (133, 1, 167, 1, '2023-01-01 00:00:00', '2023-05-31-15-27-36_202305310057_李警官.pdf', NULL);
INSERT INTO `contract` VALUES (134, 1, 168, 1, '2023-01-01 00:00:00', '2023-05-31-15-27-53_202305310058_胖虎.pdf', NULL);
INSERT INTO `contract` VALUES (135, 1, 169, 1, '2023-01-01 00:00:00', '2023-05-31-15-28-08_202305310059_静香.pdf', NULL);
INSERT INTO `contract` VALUES (136, 1, 170, 1, '2023-01-01 00:00:00', '2023-05-31-15-28-27_202305310060_野逼大熊.pdf', NULL);
INSERT INTO `contract` VALUES (137, 1, 171, 1, '2023-01-01 00:00:00', '2023-05-31-15-28-45_202305310061_大胡.pdf', NULL);
INSERT INTO `contract` VALUES (138, 1, 172, 1, '2023-01-01 00:00:00', '2023-05-31-15-29-00_202305310062_大提琴.pdf', NULL);
INSERT INTO `contract` VALUES (139, 1, 173, 1, '2023-01-01 00:00:00', '2023-05-31-15-29-15_202305310063_小提琴.pdf', NULL);
INSERT INTO `contract` VALUES (140, 1, 174, 1, '2023-01-01 00:00:00', '2023-05-31-15-29-31_202305310064_大萧.pdf', NULL);
INSERT INTO `contract` VALUES (141, 1, 175, 1, '2023-01-01 00:00:00', '2023-05-31-15-29-54_202305310065_单簧管.pdf', NULL);
INSERT INTO `contract` VALUES (142, 1, 176, 1, '2023-01-01 00:00:00', '2023-05-31-15-30-09_202305310066_双簧管.pdf', NULL);
INSERT INTO `contract` VALUES (143, 1, 177, 1, '2023-01-01 00:00:00', '2023-05-31-15-30-26_202305310067_苑翰.pdf', NULL);
INSERT INTO `contract` VALUES (144, 1, 178, 1, '2023-01-01 00:00:00', '2023-05-31-15-30-44_202305310068_中提琴.pdf', NULL);
INSERT INTO `contract` VALUES (145, 1, 179, 1, '2023-01-01 00:00:00', '2023-05-31-15-31-17_202305310069_钢琴.pdf', NULL);
INSERT INTO `contract` VALUES (146, 1, 180, 1, '2023-01-01 00:00:00', '2023-05-31-15-31-35_202305310070_电子琴.pdf', NULL);
INSERT INTO `contract` VALUES (147, 1, 181, 1, '2023-01-01 00:00:00', '2023-05-31-15-31-54_202305310071_爵士鼓.pdf', NULL);
INSERT INTO `contract` VALUES (148, 1, 182, 1, '2023-01-01 00:00:00', '2023-05-31-15-32-10_202305310072_椰汁水.pdf', NULL);
INSERT INTO `contract` VALUES (149, 1, 183, 1, '2023-01-01 00:00:00', '2023-05-31-15-32-24_202305310073_纯牛奶.pdf', NULL);
INSERT INTO `contract` VALUES (150, 1, 184, 1, '2023-01-01 00:00:00', '2023-05-31-15-32-41_202305310074_糖浆.pdf', NULL);
INSERT INTO `contract` VALUES (151, 1, 185, 1, '2023-01-01 00:00:00', '2023-05-31-15-32-57_202305310075_西米露.pdf', NULL);
INSERT INTO `contract` VALUES (152, 1, 186, 1, '2023-01-01 00:00:00', '2023-05-31-15-33-14_202305310076_凉粉.pdf', NULL);
INSERT INTO `contract` VALUES (153, 1, 187, 1, '2023-01-01 00:00:00', '2023-05-31-15-33-31_202305310077_清补凉.pdf', NULL);
INSERT INTO `contract` VALUES (154, 1, 188, 1, '2023-01-01 00:00:00', '2023-05-31-15-33-46_202305310078_芋圆.pdf', NULL);
INSERT INTO `contract` VALUES (155, 1, 189, 1, '2023-01-01 00:00:00', '2023-05-31-15-34-04_202305310079_波波.pdf', NULL);
INSERT INTO `contract` VALUES (156, 1, 190, 1, '2023-01-01 00:00:00', '2023-05-31-15-34-20_202305310080_奶茶.pdf', NULL);
INSERT INTO `contract` VALUES (157, 1, 191, 1, '2023-01-01 00:00:00', '2023-05-31-15-34-37_202305310081_麦当劳.pdf', NULL);
INSERT INTO `contract` VALUES (158, 1, 192, 1, '2023-01-01 00:00:00', '2023-05-31-15-34-59_202305310082_熊猫.pdf', NULL);
INSERT INTO `contract` VALUES (159, 1, 193, 1, '2023-01-01 00:00:00', '2023-05-31-15-35-14_202305310083_长颈鹿.pdf', NULL);
INSERT INTO `contract` VALUES (160, 1, 194, 1, '2023-01-01 00:00:00', '2023-05-31-15-35-31_202305310084_河马.pdf', NULL);
INSERT INTO `contract` VALUES (161, 1, 195, 1, '2023-01-01 00:00:00', '2023-05-31-15-35-51_202305310085_大西瓜.pdf', NULL);
INSERT INTO `contract` VALUES (162, 1, 196, 1, '2023-01-01 00:00:00', '2023-05-31-15-36-12_202305310086_斑马.pdf', NULL);
INSERT INTO `contract` VALUES (163, 1, 197, 1, '2023-01-01 00:00:00', '2023-05-31-15-36-51_202305310087_牛马.pdf', NULL);
INSERT INTO `contract` VALUES (164, 1, 198, 1, '2023-01-01 00:00:00', '2023-05-31-15-37-09_202305310088_杜鹃.pdf', NULL);
INSERT INTO `contract` VALUES (165, 1, 199, 1, '2023-01-01 00:00:00', '2023-05-31-15-37-26_202305310089_燕子.pdf', NULL);
INSERT INTO `contract` VALUES (166, 1, 200, 1, '2023-01-01 00:00:00', '2023-05-31-15-37-45_202305310090_喜鹊.pdf', NULL);
INSERT INTO `contract` VALUES (167, 1, 201, 1, '2023-01-01 00:00:00', '2023-05-31-15-38-15_202305310091_后羿.pdf', NULL);
INSERT INTO `contract` VALUES (168, 1, 202, 1, '2023-01-01 00:00:00', '2023-05-31-15-46-06_202305310092_老鹰.pdf', NULL);

-- ----------------------------
-- Table structure for cost
-- ----------------------------
DROP TABLE IF EXISTS `cost`;
CREATE TABLE `cost`  (
  `cost_id` int(0) NOT NULL AUTO_INCREMENT,
  `rent_id` int(0) NOT NULL,
  `date` date NOT NULL,
  `num_water` decimal(10, 2) DEFAULT NULL,
  `cost_water` decimal(10, 2) DEFAULT NULL,
  `num_electric` decimal(10, 2) DEFAULT NULL,
  `cost_electric` decimal(10, 2) DEFAULT NULL,
  `mis` decimal(10, 2) DEFAULT NULL,
  `total` decimal(10, 2) DEFAULT NULL,
  `upload_electric` datetime(0) DEFAULT NULL,
  `upload_water` datetime(0) DEFAULT NULL,
  `state` int(0) NOT NULL,
  PRIMARY KEY (`cost_id`) USING BTREE,
  INDEX `FK_Reference_32`(`rent_id`) USING BTREE,
  CONSTRAINT `FK_Reference_32` FOREIGN KEY (`rent_id`) REFERENCES `rent` (`rent_id`) ON DELETE RESTRICT ON UPDATE RESTRICT
) ENGINE = InnoDB AUTO_INCREMENT = 18 CHARACTER SET = utf8mb4 COLLATE = utf8mb4_general_ci ROW_FORMAT = Dynamic;

-- ----------------------------
-- Records of cost
-- ----------------------------
INSERT INTO `cost` VALUES (18, 56, '2023-01-31', 10.00, 6.03, 320.00, 150.00, 460.00, 1066.03, '2023-05-31 19:54:49', '2023-05-31 19:55:07', 1);
INSERT INTO `cost` VALUES (19, 57, '2023-01-31', 11.00, 6.06, 321.00, 151.50, 460.00, 1067.56, '2023-05-31 19:54:49', '2023-05-31 19:55:07', 1);
INSERT INTO `cost` VALUES (20, 58, '2023-01-31', 12.00, 6.09, 322.00, 153.00, 460.00, 1069.09, '2023-05-31 19:54:49', '2023-05-31 19:55:07', 1);
INSERT INTO `cost` VALUES (21, 59, '2023-01-31', 13.00, 6.12, 323.00, 154.50, 460.00, 1260.62, '2023-05-31 19:54:49', '2023-05-31 19:55:07', 1);
INSERT INTO `cost` VALUES (22, 60, '2023-01-31', 14.00, 6.15, 324.00, 156.00, 460.00, 1262.15, '2023-05-31 19:54:49', '2023-05-31 19:55:07', 1);
INSERT INTO `cost` VALUES (23, 61, '2023-01-31', 15.00, 6.18, 325.00, 157.50, 460.00, 1983.68, '2023-05-31 19:54:49', '2023-05-31 19:55:07', 1);
INSERT INTO `cost` VALUES (24, 62, '2023-01-31', 16.00, 6.15, 326.00, 159.00, 460.00, 1985.15, '2023-05-31 19:54:49', '2023-05-31 19:55:07', 1);
INSERT INTO `cost` VALUES (25, 63, '2023-01-31', 17.00, 6.03, 327.00, 160.50, 460.00, 2786.53, '2023-05-31 19:54:49', '2023-05-31 19:55:07', 1);
INSERT INTO `cost` VALUES (26, 64, '2023-01-31', 18.00, 6.06, 328.00, 162.00, 460.00, 2788.06, '2023-05-31 19:54:49', '2023-05-31 19:55:07', 1);
INSERT INTO `cost` VALUES (27, 65, '2023-01-31', 19.00, 6.09, 329.00, 163.50, 460.00, 1079.59, '2023-05-31 19:54:49', '2023-05-31 19:55:07', 1);
INSERT INTO `cost` VALUES (28, 66, '2023-01-31', 20.00, 6.12, 330.00, 165.00, 460.00, 1231.12, '2023-05-31 19:54:49', '2023-05-31 19:55:07', 1);
INSERT INTO `cost` VALUES (29, 67, '2023-01-31', 21.00, 6.15, 331.00, 166.50, 460.00, 1232.65, '2023-05-31 19:54:49', '2023-05-31 19:55:07', 1);
INSERT INTO `cost` VALUES (30, 68, '2023-01-31', 22.00, 6.18, 332.00, 168.00, 460.00, 1234.18, '2023-05-31 19:54:49', '2023-05-31 19:55:07', 1);
INSERT INTO `cost` VALUES (31, 69, '2023-01-31', 23.00, 6.15, 333.00, 169.50, 460.00, 1235.65, '2023-05-31 19:54:49', '2023-05-31 19:55:07', 1);
INSERT INTO `cost` VALUES (32, 70, '2023-01-31', 24.00, 6.03, 334.00, 171.00, 460.00, 1757.03, '2023-05-31 19:54:49', '2023-05-31 19:55:07', 1);
INSERT INTO `cost` VALUES (33, 71, '2023-01-31', 25.00, 6.06, 335.00, 172.50, 460.00, 1758.56, '2023-05-31 19:54:49', '2023-05-31 19:55:07', 1);
INSERT INTO `cost` VALUES (34, 72, '2023-01-31', 25.00, 6.09, 336.00, 174.00, 460.00, 2850.09, '2023-05-31 19:54:49', '2023-05-31 19:55:07', 1);
INSERT INTO `cost` VALUES (35, 73, '2023-01-31', 25.00, 6.12, 337.00, 175.50, 460.00, 2851.62, '2023-05-31 19:54:49', '2023-05-31 19:55:07', 1);
INSERT INTO `cost` VALUES (36, 74, '2023-01-31', 25.00, 6.15, 338.00, 177.00, 460.00, 1243.15, '2023-05-31 19:54:49', '2023-05-31 19:55:07', 1);
INSERT INTO `cost` VALUES (37, 75, '2023-01-31', 25.00, 6.18, 339.00, 178.50, 460.00, 1094.68, '2023-05-31 19:54:49', '2023-05-31 19:55:07', 1);
INSERT INTO `cost` VALUES (38, 76, '2023-01-31', 25.00, 6.15, 340.00, 180.00, 460.00, 1096.15, '2023-05-31 19:54:49', '2023-05-31 19:55:07', 1);
INSERT INTO `cost` VALUES (39, 77, '2023-01-31', 25.00, 6.03, 341.00, 181.50, 460.00, 1097.53, '2023-05-31 19:54:49', '2023-05-31 19:55:07', 1);
INSERT INTO `cost` VALUES (40, 78, '2023-01-31', 25.00, 6.06, 342.00, 183.00, 460.00, 1289.06, '2023-05-31 19:54:49', '2023-05-31 19:55:07', 1);
INSERT INTO `cost` VALUES (41, 79, '2023-01-31', 25.00, 6.09, 343.00, 184.50, 460.00, 1290.59, '2023-05-31 19:54:49', '2023-05-31 19:55:07', 1);
INSERT INTO `cost` VALUES (42, 80, '2023-01-31', 25.00, 6.12, 198.00, 186.00, 460.00, 2012.12, '2023-05-31 19:54:49', '2023-05-31 19:55:07', 1);
INSERT INTO `cost` VALUES (43, 81, '2023-01-31', 25.00, 6.15, 199.00, 187.50, 460.00, 2013.65, '2023-05-31 19:54:49', '2023-05-31 19:55:07', 1);
INSERT INTO `cost` VALUES (44, 82, '2023-01-31', 25.00, 6.18, 200.00, 189.00, 460.00, 2815.18, '2023-05-31 19:54:49', '2023-05-31 19:55:07', 1);
INSERT INTO `cost` VALUES (45, 83, '2023-01-31', 25.00, 6.15, 201.00, 190.50, 460.00, 2816.65, '2023-05-31 19:54:49', '2023-05-31 19:55:07', 1);
INSERT INTO `cost` VALUES (46, 84, '2023-01-31', 16.00, 6.03, 111.00, 192.00, 460.00, 1108.03, '2023-05-31 19:54:49', '2023-05-31 19:55:07', 1);
INSERT INTO `cost` VALUES (47, 85, '2023-01-31', 4.00, 6.06, 112.00, 193.50, 460.00, 1259.56, '2023-05-31 19:54:49', '2023-05-31 19:55:07', 1);
INSERT INTO `cost` VALUES (48, 86, '2023-01-31', 2.03, 6.09, 113.00, 195.00, 460.00, 1261.09, '2023-05-31 19:54:49', '2023-05-31 19:55:07', 1);
INSERT INTO `cost` VALUES (49, 87, '2023-01-31', 5.00, 6.12, 114.00, 196.50, 460.00, 1262.62, '2023-05-31 19:54:49', '2023-05-31 19:55:07', 1);
INSERT INTO `cost` VALUES (50, 88, '2023-01-31', 2.05, 6.15, 115.00, 198.00, 460.00, 1264.15, '2023-05-31 19:54:49', '2023-05-31 19:55:07', 1);
INSERT INTO `cost` VALUES (51, 89, '2023-01-31', 6.00, 6.18, 116.00, 199.50, 460.00, 1785.68, '2023-05-31 19:54:49', '2023-05-31 19:55:07', 1);
INSERT INTO `cost` VALUES (52, 90, '2023-01-31', 5.00, 6.15, 117.00, 201.00, 460.00, 1787.15, '2023-05-31 19:54:49', '2023-05-31 19:55:07', 1);
INSERT INTO `cost` VALUES (53, 91, '2023-01-31', 2.01, 6.03, 118.00, 202.50, 460.00, 2878.53, '2023-05-31 19:54:49', '2023-05-31 19:55:07', 1);
INSERT INTO `cost` VALUES (54, 92, '2023-01-31', 2.02, 6.06, 119.00, 204.00, 460.00, 2880.06, '2023-05-31 19:54:49', '2023-05-31 19:55:07', 1);
INSERT INTO `cost` VALUES (55, 93, '2023-01-31', 1.00, 6.09, 120.00, 205.50, 460.00, 1271.59, '2023-05-31 19:54:49', '2023-05-31 19:55:07', 1);
INSERT INTO `cost` VALUES (56, 94, '2023-01-31', 1.00, 6.12, 121.00, 207.00, 460.00, 1123.12, '2023-05-31 19:54:49', '2023-05-31 19:55:07', 1);
INSERT INTO `cost` VALUES (57, 95, '2023-01-31', 1.00, 6.15, 122.00, 208.50, 460.00, 1124.65, '2023-05-31 19:54:49', '2023-05-31 19:55:07', 1);
INSERT INTO `cost` VALUES (58, 96, '2023-01-31', 1.00, 6.18, 123.00, 210.00, 460.00, 1126.18, '2023-05-31 19:54:49', '2023-05-31 19:55:07', 1);
INSERT INTO `cost` VALUES (59, 97, '2023-01-31', 1.00, 6.15, 124.00, 211.50, 460.00, 1317.65, '2023-05-31 19:54:49', '2023-05-31 19:55:07', 1);
INSERT INTO `cost` VALUES (60, 98, '2023-01-31', 1.00, 6.03, 125.00, 213.00, 460.00, 1319.03, '2023-05-31 19:54:49', '2023-05-31 19:55:07', 1);
INSERT INTO `cost` VALUES (61, 99, '2023-01-31', 1.00, 6.06, 126.00, 214.50, 460.00, 2040.56, '2023-05-31 19:54:49', '2023-05-31 19:55:07', 1);
INSERT INTO `cost` VALUES (62, 100, '2023-01-31', 1.00, 6.09, 127.00, 216.00, 460.00, 2042.09, '2023-05-31 19:54:49', '2023-05-31 19:55:07', 1);
INSERT INTO `cost` VALUES (63, 101, '2023-01-31', 1.00, 6.12, 128.00, 217.50, 460.00, 2843.62, '2023-05-31 19:54:49', '2023-05-31 19:55:07', 1);
INSERT INTO `cost` VALUES (64, 102, '2023-01-31', 1.00, 6.15, 107.00, 219.00, 460.00, 2845.15, '2023-05-31 19:54:49', '2023-05-31 19:55:07', 1);
INSERT INTO `cost` VALUES (65, 103, '2023-01-31', 1.00, 6.18, 108.00, 220.50, 460.00, 1136.68, '2023-05-31 19:54:49', '2023-05-31 19:55:07', 1);
INSERT INTO `cost` VALUES (66, 104, '2023-01-31', 1.00, 6.15, 205.00, 222.00, 460.00, 1288.15, '2023-05-31 19:54:49', '2023-05-31 19:55:07', 1);
INSERT INTO `cost` VALUES (67, 105, '2023-01-31', 1.00, 6.03, 206.00, 223.50, 460.00, 1289.53, '2023-05-31 19:54:49', '2023-05-31 19:55:07', 1);
INSERT INTO `cost` VALUES (68, 106, '2023-01-31', 1.00, 6.06, 207.00, 225.00, 460.00, 1291.06, '2023-05-31 19:54:49', '2023-05-31 19:55:07', 1);
INSERT INTO `cost` VALUES (69, 107, '2023-01-31', 1.00, 6.09, 208.00, 226.50, 460.00, 1292.59, '2023-05-31 19:54:49', '2023-05-31 19:55:07', 1);
INSERT INTO `cost` VALUES (70, 108, '2023-01-31', 1.00, 6.12, 209.00, 228.00, 460.00, 1814.12, '2023-05-31 19:54:49', '2023-05-31 19:55:07', 1);
INSERT INTO `cost` VALUES (71, 109, '2023-01-31', 1.00, 6.15, 210.00, 229.50, 460.00, 1815.65, '2023-05-31 19:54:49', '2023-05-31 19:55:07', 1);
INSERT INTO `cost` VALUES (72, 110, '2023-01-31', 1.00, 6.18, 211.00, 231.00, 460.00, 2907.18, '2023-05-31 19:54:49', '2023-05-31 19:55:07', 1);
INSERT INTO `cost` VALUES (73, 111, '2023-01-31', 1.00, 6.15, 212.00, 232.50, 460.00, 2908.65, '2023-05-31 19:54:49', '2023-05-31 19:55:07', 1);
INSERT INTO `cost` VALUES (74, 112, '2023-01-31', 25.00, 6.03, 213.00, 234.00, 460.00, 1300.03, '2023-05-31 19:54:49', '2023-05-31 19:55:07', 1);
INSERT INTO `cost` VALUES (75, 113, '2023-01-31', 26.00, 6.06, 214.00, 235.50, 460.00, 1151.56, '2023-05-31 19:54:49', '2023-05-31 19:55:07', 1);
INSERT INTO `cost` VALUES (76, 114, '2023-01-31', 27.00, 6.09, 215.00, 237.00, 460.00, 1153.09, '2023-05-31 19:54:49', '2023-05-31 19:55:07', 1);
INSERT INTO `cost` VALUES (77, 115, '2023-01-31', 1.00, 6.12, 216.00, 238.50, 460.00, 1154.62, '2023-05-31 19:54:49', '2023-05-31 19:55:07', 1);
INSERT INTO `cost` VALUES (78, 116, '2023-01-31', 1.00, 6.15, 217.00, 240.00, 460.00, 1346.15, '2023-05-31 19:54:49', '2023-05-31 19:55:07', 1);
INSERT INTO `cost` VALUES (79, 117, '2023-01-31', 1.00, 6.18, 218.00, 241.50, 460.00, 1347.68, '2023-05-31 19:54:49', '2023-05-31 19:55:07', 1);
INSERT INTO `cost` VALUES (80, 118, '2023-01-31', 1.00, 6.15, 219.00, 243.00, 460.00, 2069.15, '2023-05-31 19:54:49', '2023-05-31 19:55:07', 1);
INSERT INTO `cost` VALUES (81, 119, '2023-01-31', 1.00, 6.03, 220.00, 244.50, 460.00, 2070.53, '2023-05-31 19:54:49', '2023-05-31 19:55:07', 1);
INSERT INTO `cost` VALUES (82, 120, '2023-01-31', 1.00, 6.06, 221.00, 246.00, 460.00, 2872.06, '2023-05-31 19:54:49', '2023-05-31 19:55:07', 1);
INSERT INTO `cost` VALUES (83, 121, '2023-01-31', 1.00, 6.09, 222.00, 247.50, 460.00, 2873.59, '2023-05-31 19:54:49', '2023-05-31 19:55:07', 1);
INSERT INTO `cost` VALUES (84, 122, '2023-01-31', 1.00, 6.12, 223.00, 249.00, 460.00, 1165.12, '2023-05-31 19:54:49', '2023-05-31 19:55:07', 1);
INSERT INTO `cost` VALUES (85, 123, '2023-01-31', 1.00, 6.15, 224.00, 250.50, 460.00, 1316.65, '2023-05-31 19:54:49', '2023-05-31 19:55:07', 1);
INSERT INTO `cost` VALUES (86, 124, '2023-01-31', 1.00, 6.18, 225.00, 252.00, 460.00, 1318.18, '2023-05-31 19:54:49', '2023-05-31 19:55:07', 1);
INSERT INTO `cost` VALUES (87, 125, '2023-01-31', 1.00, 6.15, 226.00, 253.50, 460.00, 1319.65, '2023-05-31 19:54:49', '2023-05-31 19:55:07', 1);
INSERT INTO `cost` VALUES (88, 126, '2023-01-31', 1.00, 6.03, 227.00, 255.00, 460.00, 1321.03, '2023-05-31 19:54:49', '2023-05-31 19:55:07', 1);
INSERT INTO `cost` VALUES (89, 127, '2023-01-31', 1.00, 6.06, 230.00, 256.50, 460.00, 1842.56, '2023-05-31 19:54:49', '2023-05-31 19:55:07', 1);
INSERT INTO `cost` VALUES (90, 128, '2023-01-31', 1.00, 6.09, 231.00, 258.00, 460.00, 1844.09, '2023-05-31 19:54:49', '2023-05-31 19:55:07', 1);
INSERT INTO `cost` VALUES (91, 129, '2023-01-31', 1.00, 6.12, 232.00, 259.50, 460.00, 2935.62, '2023-05-31 19:54:49', '2023-05-31 19:55:07', 1);
INSERT INTO `cost` VALUES (92, 130, '2023-01-31', 1.00, 6.15, 233.00, 261.00, 460.00, 2937.15, '2023-05-31 19:54:49', '2023-05-31 19:55:07', 1);
INSERT INTO `cost` VALUES (93, 131, '2023-01-31', 1.00, 6.18, 234.00, 262.50, 460.00, 1328.68, '2023-05-31 19:54:49', '2023-05-31 19:55:07', 1);
INSERT INTO `cost` VALUES (94, 132, '2023-01-31', 1.00, 6.15, 235.00, 264.00, 460.00, 1180.15, '2023-05-31 19:54:49', '2023-05-31 19:55:07', 1);
INSERT INTO `cost` VALUES (95, 133, '2023-01-31', 1.00, 6.03, 236.00, 265.50, 460.00, 1181.53, '2023-05-31 19:54:49', '2023-05-31 19:55:07', 1);
INSERT INTO `cost` VALUES (96, 134, '2023-01-31', 1.00, 6.06, 237.00, 267.00, 460.00, 1183.06, '2023-05-31 19:54:49', '2023-05-31 19:55:07', 1);
INSERT INTO `cost` VALUES (97, 135, '2023-01-31', 1.00, 6.09, 238.00, 268.50, 460.00, 1374.59, '2023-05-31 19:54:49', '2023-05-31 19:55:07', 1);
INSERT INTO `cost` VALUES (98, 136, '2023-01-31', 1.00, 6.12, 239.00, 270.00, 460.00, 1376.12, '2023-05-31 19:54:49', '2023-05-31 19:55:07', 1);
INSERT INTO `cost` VALUES (99, 137, '2023-01-31', 1.00, 6.15, 240.00, 271.50, 460.00, 2097.65, '2023-05-31 19:54:49', '2023-05-31 19:55:07', 1);
INSERT INTO `cost` VALUES (100, 138, '2023-01-31', 2.06, 6.18, 241.00, 273.00, 460.00, 2099.18, '2023-05-31 19:54:49', '2023-05-31 19:55:07', 1);
INSERT INTO `cost` VALUES (101, 139, '2023-01-31', 2.05, 6.15, 242.00, 274.50, 460.00, 2900.65, '2023-05-31 19:54:49', '2023-05-31 19:55:07', 1);
INSERT INTO `cost` VALUES (102, 140, '2023-01-31', 3.00, 9.00, 243.00, 276.00, 460.00, 2905.00, '2023-05-31 19:54:49', '2023-05-31 19:55:07', 1);
INSERT INTO `cost` VALUES (103, 141, '2023-01-31', 2.00, 6.00, 244.00, 277.50, 460.00, 1193.50, '2023-05-31 19:54:49', '2023-05-31 19:55:07', 1);
INSERT INTO `cost` VALUES (104, 142, '2023-01-31', 5.00, 15.00, 245.00, 279.00, 460.00, 1354.00, '2023-05-31 19:54:49', '2023-05-31 19:55:07', 1);
INSERT INTO `cost` VALUES (105, 143, '2023-01-31', 3.00, 9.00, 246.00, 280.50, 460.00, 1349.50, '2023-05-31 19:54:49', '2023-05-31 19:55:07', 1);
INSERT INTO `cost` VALUES (106, 144, '2023-01-31', 3.00, 9.00, 247.00, 282.00, 460.00, 1351.00, '2023-05-31 19:54:49', '2023-05-31 19:55:07', 1);
INSERT INTO `cost` VALUES (107, 145, '2023-01-31', 2.00, 6.00, 248.00, 283.50, 460.00, 1349.50, '2023-05-31 19:54:49', '2023-05-31 19:55:07', 1);
INSERT INTO `cost` VALUES (108, 146, '2023-01-31', 2.55, 7.65, 249.00, 285.00, 460.00, 1352.65, '2023-05-31 19:54:49', '2023-05-31 19:55:07', 1);
INSERT INTO `cost` VALUES (109, 147, '2023-01-31', 5.00, 9.00, 250.00, 286.50, 460.00, 1875.50, '2023-05-31 19:54:49', '2023-05-31 19:55:07', 1);
INSERT INTO `cost` VALUES (110, 56, '2023-02-28', 10.00, 9.05, 320.00, 157.50, 460.00, 1076.54, '2023-05-31 19:54:49', '2023-05-31 19:55:07', 1);
INSERT INTO `cost` VALUES (111, 57, '2023-02-28', 11.00, 9.09, 321.00, 159.00, 460.00, 1078.09, '2023-05-31 19:54:49', '2023-05-31 19:55:07', 1);
INSERT INTO `cost` VALUES (112, 58, '2023-02-28', 12.00, 9.14, 322.00, 160.50, 460.00, 1079.64, '2023-05-31 19:54:49', '2023-05-31 19:55:07', 1);
INSERT INTO `cost` VALUES (113, 59, '2023-02-28', 13.00, 9.18, 323.00, 162.00, 460.00, 1271.18, '2023-05-31 19:54:49', '2023-05-31 19:55:07', 1);
INSERT INTO `cost` VALUES (114, 60, '2023-02-28', 14.00, 9.22, 324.00, 163.50, 460.00, 1272.73, '2023-05-31 19:54:49', '2023-05-31 19:55:07', 1);
INSERT INTO `cost` VALUES (115, 61, '2023-02-28', 15.00, 9.27, 325.00, 165.00, 460.00, 1994.27, '2023-05-31 19:54:49', '2023-05-31 19:55:07', 1);
INSERT INTO `cost` VALUES (116, 62, '2023-02-28', 16.00, 40.50, 326.00, 166.50, 460.00, 2027.00, '2023-05-31 19:54:49', '2023-05-31 19:55:07', 1);
INSERT INTO `cost` VALUES (117, 63, '2023-02-28', 17.00, 9.05, 327.00, 168.00, 460.00, 2797.05, '2023-05-31 19:54:49', '2023-05-31 19:55:07', 1);
INSERT INTO `cost` VALUES (118, 64, '2023-02-28', 18.00, 9.09, 328.00, 169.50, 460.00, 2798.59, '2023-05-31 19:54:49', '2023-05-31 19:55:07', 1);
INSERT INTO `cost` VALUES (119, 65, '2023-02-28', 19.00, 9.14, 329.00, 171.00, 460.00, 1090.14, '2023-05-31 19:54:49', '2023-05-31 19:55:07', 1);
INSERT INTO `cost` VALUES (120, 66, '2023-02-28', 20.00, 9.18, 330.00, 172.50, 460.00, 1241.68, '2023-05-31 19:54:49', '2023-05-31 19:55:07', 1);
INSERT INTO `cost` VALUES (121, 67, '2023-02-28', 21.00, 9.22, 331.00, 174.00, 460.00, 1243.23, '2023-05-31 19:54:49', '2023-05-31 19:55:07', 1);
INSERT INTO `cost` VALUES (122, 68, '2023-02-28', 22.00, 36.00, 332.00, 175.50, 460.00, 1271.50, '2023-05-31 19:54:49', '2023-05-31 19:55:07', 1);
INSERT INTO `cost` VALUES (123, 69, '2023-02-28', 23.00, 9.22, 333.00, 177.00, 460.00, 1246.23, '2023-05-31 19:54:49', '2023-05-31 19:55:07', 1);
INSERT INTO `cost` VALUES (124, 70, '2023-02-28', 24.00, 90.00, 334.00, 178.50, 460.00, 1848.50, '2023-05-31 19:54:49', '2023-05-31 19:55:07', 1);
INSERT INTO `cost` VALUES (125, 71, '2023-02-28', 25.00, 9.09, 335.00, 180.00, 460.00, 1769.09, '2023-05-31 19:54:49', '2023-05-31 19:55:07', 1);
INSERT INTO `cost` VALUES (126, 72, '2023-02-28', 25.00, 9.14, 336.00, 181.50, 460.00, 2860.64, '2023-05-31 19:54:49', '2023-05-31 19:55:07', 1);
INSERT INTO `cost` VALUES (127, 73, '2023-02-28', 25.00, 67.50, 337.00, 183.00, 460.00, 2920.50, '2023-05-31 19:54:49', '2023-05-31 19:55:07', 1);
INSERT INTO `cost` VALUES (128, 74, '2023-02-28', 25.00, 9.22, 338.00, 184.50, 460.00, 1253.73, '2023-05-31 19:54:49', '2023-05-31 19:55:07', 1);
INSERT INTO `cost` VALUES (129, 75, '2023-02-28', 25.00, 9.27, 339.00, 186.00, 460.00, 1105.27, '2023-05-31 19:54:49', '2023-05-31 19:55:07', 1);
INSERT INTO `cost` VALUES (130, 76, '2023-02-28', 25.00, 9.22, 340.00, 187.50, 460.00, 1106.73, '2023-05-31 19:54:49', '2023-05-31 19:55:07', 1);
INSERT INTO `cost` VALUES (131, 77, '2023-02-28', 25.00, 9.05, 341.00, 189.00, 460.00, 1108.04, '2023-05-31 19:54:49', '2023-05-31 19:55:07', 1);
INSERT INTO `cost` VALUES (132, 78, '2023-02-28', 25.00, 9.09, 342.00, 190.50, 460.00, 1299.59, '2023-05-31 19:54:49', '2023-05-31 19:55:07', 1);
INSERT INTO `cost` VALUES (133, 79, '2023-02-28', 25.00, 31.59, 343.00, 192.00, 460.00, 1323.59, '2023-05-31 19:54:49', '2023-05-31 19:55:07', 1);
INSERT INTO `cost` VALUES (134, 80, '2023-02-28', 25.00, 9.18, 198.00, 160.50, 460.00, 1989.68, '2023-05-31 19:54:49', '2023-05-31 19:55:07', 1);
INSERT INTO `cost` VALUES (135, 81, '2023-02-28', 25.00, 9.22, 199.00, 162.00, 460.00, 1991.23, '2023-05-31 19:54:49', '2023-05-31 19:55:07', 1);
INSERT INTO `cost` VALUES (136, 82, '2023-02-28', 25.00, 9.27, 200.00, 163.50, 460.00, 2792.77, '2023-05-31 19:54:49', '2023-05-31 19:55:07', 1);
INSERT INTO `cost` VALUES (137, 83, '2023-02-28', 25.00, 9.22, 201.00, 165.00, 460.00, 2794.23, '2023-05-31 19:54:49', '2023-05-31 19:55:07', 1);
INSERT INTO `cost` VALUES (138, 84, '2023-02-28', 16.00, 18.00, 111.00, 166.50, 460.00, 1094.50, '2023-05-31 19:54:49', '2023-05-31 19:55:07', 1);
INSERT INTO `cost` VALUES (139, 85, '2023-02-28', 4.00, 18.00, 112.00, 168.00, 460.00, 1246.00, '2023-05-31 19:54:49', '2023-05-31 19:55:07', 1);
INSERT INTO `cost` VALUES (140, 86, '2023-02-28', 2.03, 9.14, 113.00, 169.50, 460.00, 1238.64, '2023-05-31 19:54:49', '2023-05-31 19:55:07', 1);
INSERT INTO `cost` VALUES (141, 87, '2023-02-28', 5.00, 22.50, 114.00, 171.00, 460.00, 1253.50, '2023-05-31 19:54:49', '2023-05-31 19:55:07', 1);
INSERT INTO `cost` VALUES (142, 88, '2023-02-28', 2.05, 9.22, 115.00, 172.50, 460.00, 1241.73, '2023-05-31 19:54:49', '2023-05-31 19:55:07', 1);
INSERT INTO `cost` VALUES (143, 89, '2023-02-28', 6.00, 27.00, 116.00, 174.00, 460.00, 1781.00, '2023-05-31 19:54:49', '2023-05-31 19:55:07', 1);
INSERT INTO `cost` VALUES (144, 90, '2023-02-28', 5.00, 22.50, 117.00, 175.50, 460.00, 1778.00, '2023-05-31 19:54:49', '2023-05-31 19:55:07', 1);
INSERT INTO `cost` VALUES (145, 91, '2023-02-28', 2.01, 9.05, 118.00, 177.00, 460.00, 2856.05, '2023-05-31 19:54:49', '2023-05-31 19:55:07', 1);
INSERT INTO `cost` VALUES (146, 92, '2023-02-28', 2.02, 9.09, 119.00, 178.50, 460.00, 2857.59, '2023-05-31 19:54:49', '2023-05-31 19:55:07', 1);
INSERT INTO `cost` VALUES (147, 93, '2023-02-28', 1.00, 9.14, 120.00, 180.00, 460.00, 1249.14, '2023-05-31 19:54:49', '2023-05-31 19:55:07', 1);
INSERT INTO `cost` VALUES (148, 94, '2023-02-28', 1.00, 45.00, 121.00, 181.50, 460.00, 1136.50, '2023-05-31 19:54:49', '2023-05-31 19:55:07', 1);
INSERT INTO `cost` VALUES (149, 95, '2023-02-28', 1.00, 9.22, 122.00, 183.00, 460.00, 1102.23, '2023-05-31 19:54:49', '2023-05-31 19:55:07', 1);
INSERT INTO `cost` VALUES (150, 96, '2023-02-28', 1.00, 9.27, 123.00, 184.50, 460.00, 1103.77, '2023-05-31 19:54:49', '2023-05-31 19:55:07', 1);
INSERT INTO `cost` VALUES (151, 97, '2023-02-28', 1.00, 9.22, 124.00, 186.00, 460.00, 1295.23, '2023-05-31 19:54:49', '2023-05-31 19:55:07', 1);
INSERT INTO `cost` VALUES (152, 98, '2023-02-28', 1.00, 22.50, 125.00, 187.50, 460.00, 1310.00, '2023-05-31 19:54:49', '2023-05-31 19:55:07', 1);
INSERT INTO `cost` VALUES (153, 99, '2023-02-28', 1.00, 9.09, 126.00, 189.00, 460.00, 2018.09, '2023-05-31 19:54:49', '2023-05-31 19:55:07', 1);
INSERT INTO `cost` VALUES (154, 100, '2023-02-28', 1.00, 9.14, 127.00, 190.50, 460.00, 2019.64, '2023-05-31 19:54:49', '2023-05-31 19:55:07', 1);
INSERT INTO `cost` VALUES (155, 101, '2023-02-28', 1.00, 67.50, 128.00, 192.00, 460.00, 2879.50, '2023-05-31 19:54:49', '2023-05-31 19:55:07', 1);
INSERT INTO `cost` VALUES (156, 102, '2023-02-28', 1.00, 9.22, 107.00, 160.50, 460.00, 2789.73, '2023-05-31 19:54:49', '2023-05-31 19:55:07', 1);
INSERT INTO `cost` VALUES (157, 103, '2023-02-28', 1.00, 9.27, 108.00, 162.00, 460.00, 1081.27, '2023-05-31 19:54:49', '2023-05-31 19:55:07', 1);
INSERT INTO `cost` VALUES (158, 104, '2023-02-28', 1.00, 9.22, 205.00, 163.50, 460.00, 1232.73, '2023-05-31 19:54:49', '2023-05-31 19:55:07', 1);
INSERT INTO `cost` VALUES (159, 105, '2023-02-28', 1.00, 9.05, 206.00, 165.00, 460.00, 1234.05, '2023-05-31 19:54:49', '2023-05-31 19:55:07', 1);
INSERT INTO `cost` VALUES (160, 106, '2023-02-28', 1.00, 69.12, 207.00, 166.50, 460.00, 1295.62, '2023-05-31 19:54:49', '2023-05-31 19:55:07', 1);
INSERT INTO `cost` VALUES (161, 107, '2023-02-28', 1.00, 9.14, 208.00, 168.00, 460.00, 1237.14, '2023-05-31 19:54:49', '2023-05-31 19:55:07', 1);
INSERT INTO `cost` VALUES (162, 108, '2023-02-28', 1.00, 9.18, 209.00, 169.50, 460.00, 1758.68, '2023-05-31 19:54:49', '2023-05-31 19:55:07', 1);
INSERT INTO `cost` VALUES (163, 109, '2023-02-28', 1.00, 9.22, 210.00, 171.00, 460.00, 1760.23, '2023-05-31 19:54:49', '2023-05-31 19:55:07', 1);
INSERT INTO `cost` VALUES (164, 110, '2023-02-28', 1.00, 9.27, 211.00, 172.50, 460.00, 2851.77, '2023-05-31 19:54:49', '2023-05-31 19:55:07', 1);
INSERT INTO `cost` VALUES (165, 111, '2023-02-28', 1.00, 9.22, 212.00, 174.00, 460.00, 2853.23, '2023-05-31 19:54:49', '2023-05-31 19:55:07', 1);
INSERT INTO `cost` VALUES (166, 112, '2023-02-28', 25.00, 47.52, 213.00, 175.50, 460.00, 1283.02, '2023-05-31 19:54:49', '2023-05-31 19:55:07', 1);
INSERT INTO `cost` VALUES (167, 113, '2023-02-28', 26.00, 9.09, 214.00, 177.00, 460.00, 1096.09, '2023-05-31 19:54:49', '2023-05-31 19:55:07', 1);
INSERT INTO `cost` VALUES (168, 114, '2023-02-28', 27.00, 22.77, 215.00, 178.50, 460.00, 1111.27, '2023-05-31 19:54:49', '2023-05-31 19:55:07', 1);
INSERT INTO `cost` VALUES (169, 115, '2023-02-28', 1.00, 9.18, 216.00, 180.00, 460.00, 1099.18, '2023-05-31 19:54:49', '2023-05-31 19:55:07', 1);
INSERT INTO `cost` VALUES (170, 116, '2023-02-28', 1.00, 9.22, 217.00, 181.50, 460.00, 1290.73, '2023-05-31 19:54:49', '2023-05-31 19:55:07', 1);
INSERT INTO `cost` VALUES (171, 117, '2023-02-28', 1.00, 9.27, 218.00, 183.00, 460.00, 1292.27, '2023-05-31 19:54:49', '2023-05-31 19:55:07', 1);
INSERT INTO `cost` VALUES (172, 118, '2023-02-28', 1.00, 9.22, 219.00, 184.50, 460.00, 2013.73, '2023-05-31 19:54:49', '2023-05-31 19:55:07', 1);
INSERT INTO `cost` VALUES (173, 119, '2023-02-28', 1.00, 9.05, 220.00, 186.00, 460.00, 2015.05, '2023-05-31 19:54:49', '2023-05-31 19:55:07', 1);
INSERT INTO `cost` VALUES (174, 120, '2023-02-28', 1.00, 9.09, 221.00, 187.50, 460.00, 2816.59, '2023-05-31 19:54:49', '2023-05-31 19:55:07', 1);
INSERT INTO `cost` VALUES (175, 121, '2023-02-28', 1.00, 9.14, 222.00, 189.00, 460.00, 2818.14, '2023-05-31 19:54:49', '2023-05-31 19:55:07', 1);
INSERT INTO `cost` VALUES (176, 122, '2023-02-28', 1.00, 9.18, 223.00, 190.50, 460.00, 1109.68, '2023-05-31 19:54:49', '2023-05-31 19:55:07', 1);
INSERT INTO `cost` VALUES (177, 123, '2023-02-28', 1.00, 9.22, 224.00, 192.00, 460.00, 1261.23, '2023-05-31 19:54:49', '2023-05-31 19:55:07', 1);
INSERT INTO `cost` VALUES (178, 124, '2023-02-28', 1.00, 36.27, 225.00, 160.50, 460.00, 1256.77, '2023-05-31 19:54:49', '2023-05-31 19:55:07', 1);
INSERT INTO `cost` VALUES (179, 125, '2023-02-28', 1.00, 9.22, 226.00, 162.00, 460.00, 1231.23, '2023-05-31 19:54:49', '2023-05-31 19:55:07', 1);
INSERT INTO `cost` VALUES (180, 126, '2023-02-28', 1.00, 9.05, 227.00, 163.50, 460.00, 1232.55, '2023-05-31 19:54:49', '2023-05-31 19:55:07', 1);
INSERT INTO `cost` VALUES (181, 127, '2023-02-28', 1.00, 9.09, 230.00, 165.00, 460.00, 1754.09, '2023-05-31 19:54:49', '2023-05-31 19:55:07', 1);
INSERT INTO `cost` VALUES (182, 128, '2023-02-28', 1.00, 9.14, 231.00, 166.50, 460.00, 1755.64, '2023-05-31 19:54:49', '2023-05-31 19:55:07', 1);
INSERT INTO `cost` VALUES (183, 129, '2023-02-28', 1.00, 9.18, 232.00, 168.00, 460.00, 2847.18, '2023-05-31 19:54:49', '2023-05-31 19:55:07', 1);
INSERT INTO `cost` VALUES (184, 130, '2023-02-28', 1.00, 9.22, 233.00, 169.50, 460.00, 2848.73, '2023-05-31 19:54:49', '2023-05-31 19:55:07', 1);
INSERT INTO `cost` VALUES (185, 131, '2023-02-28', 1.00, 36.23, 234.00, 171.00, 460.00, 1267.23, '2023-05-31 19:54:49', '2023-05-31 19:55:07', 1);
INSERT INTO `cost` VALUES (186, 132, '2023-02-28', 1.00, 4.32, 235.00, 172.50, 460.00, 1086.82, '2023-05-31 19:54:49', '2023-05-31 19:55:07', 1);
INSERT INTO `cost` VALUES (187, 133, '2023-02-28', 1.00, 9.05, 236.00, 174.00, 460.00, 1093.04, '2023-05-31 19:54:49', '2023-05-31 19:55:07', 1);
INSERT INTO `cost` VALUES (188, 134, '2023-02-28', 1.00, 9.09, 237.00, 175.50, 460.00, 1094.59, '2023-05-31 19:54:49', '2023-05-31 19:55:07', 1);
INSERT INTO `cost` VALUES (189, 135, '2023-02-28', 1.00, 39.83, 238.00, 177.00, 460.00, 1316.83, '2023-05-31 19:54:49', '2023-05-31 19:55:07', 1);
INSERT INTO `cost` VALUES (190, 136, '2023-02-28', 1.00, 9.18, 239.00, 178.50, 460.00, 1287.68, '2023-05-31 19:54:49', '2023-05-31 19:55:07', 1);
INSERT INTO `cost` VALUES (191, 137, '2023-02-28', 1.00, 9.22, 240.00, 180.00, 460.00, 2009.23, '2023-05-31 19:54:49', '2023-05-31 19:55:07', 1);
INSERT INTO `cost` VALUES (192, 138, '2023-02-28', 2.06, 9.27, 241.00, 181.50, 460.00, 2010.77, '2023-05-31 19:54:49', '2023-05-31 19:55:07', 1);
INSERT INTO `cost` VALUES (193, 139, '2023-02-28', 2.05, 9.22, 242.00, 183.00, 460.00, 2812.23, '2023-05-31 19:54:49', '2023-05-31 19:55:07', 1);
INSERT INTO `cost` VALUES (194, 140, '2023-02-28', 3.00, 13.50, 243.00, 184.50, 460.00, 2818.00, '2023-05-31 19:54:49', '2023-05-31 19:55:07', 1);
INSERT INTO `cost` VALUES (195, 141, '2023-02-28', 2.00, 9.00, 244.00, 186.00, 460.00, 1105.00, '2023-05-31 19:54:49', '2023-05-31 19:55:07', 1);
INSERT INTO `cost` VALUES (196, 142, '2023-02-28', 5.00, 22.50, 245.00, 187.50, 460.00, 1270.00, '2023-05-31 19:54:49', '2023-05-31 19:55:07', 1);
INSERT INTO `cost` VALUES (197, 143, '2023-02-28', 3.00, 13.50, 246.00, 189.00, 460.00, 1262.50, '2023-05-31 19:54:49', '2023-05-31 19:55:07', 1);
INSERT INTO `cost` VALUES (198, 144, '2023-02-28', 3.00, 13.50, 247.00, 190.50, 460.00, 1264.00, '2023-05-31 19:54:49', '2023-05-31 19:55:07', 1);
INSERT INTO `cost` VALUES (199, 145, '2023-02-28', 2.00, 9.00, 248.00, 192.00, 460.00, 1261.00, '2023-05-31 19:54:49', '2023-05-31 19:55:07', 1);
INSERT INTO `cost` VALUES (200, 146, '2023-02-28', 2.55, 11.47, 249.00, 204.00, 460.00, 1275.48, '2023-05-31 19:54:49', '2023-05-31 19:55:07', 1);
INSERT INTO `cost` VALUES (201, 147, '2023-02-28', 5.00, 22.50, 250.00, 354.00, 460.00, 1956.50, '2023-05-31 19:54:49', '2023-05-31 19:55:07', 1);
INSERT INTO `cost` VALUES (202, 56, '2023-03-31', 10.00, 31.50, 320.00, 234.00, 460.00, 1175.50, '2023-05-31 19:54:49', '2023-05-31 19:55:07', 1);
INSERT INTO `cost` VALUES (203, 57, '2023-03-31', 11.00, 36.00, 321.00, 235.50, 460.00, 1181.50, '2023-05-31 19:54:49', '2023-05-31 19:55:07', 1);
INSERT INTO `cost` VALUES (204, 58, '2023-03-31', 12.00, 40.50, 322.00, 237.00, 460.00, 1187.50, '2023-05-31 19:54:49', '2023-05-31 19:55:07', 1);
INSERT INTO `cost` VALUES (205, 59, '2023-03-31', 13.00, 45.00, 323.00, 238.50, 460.00, 1383.50, '2023-05-31 19:54:49', '2023-05-31 19:55:07', 1);
INSERT INTO `cost` VALUES (206, 60, '2023-03-31', 14.00, 49.50, 324.00, 240.00, 460.00, 1389.50, '2023-05-31 19:54:49', '2023-05-31 19:55:07', 1);
INSERT INTO `cost` VALUES (207, 61, '2023-03-31', 15.00, 54.00, 325.00, 241.50, 460.00, 2115.50, '2023-05-31 19:54:49', '2023-05-31 19:55:07', 1);
INSERT INTO `cost` VALUES (208, 62, '2023-03-31', 16.00, 58.50, 326.00, 243.00, 460.00, 2121.50, '2023-05-31 19:54:49', '2023-05-31 19:55:07', 1);
INSERT INTO `cost` VALUES (209, 63, '2023-03-31', 17.00, 63.00, 327.00, 244.50, 460.00, 2927.50, '2023-05-31 19:54:49', '2023-05-31 19:55:07', 1);
INSERT INTO `cost` VALUES (210, 64, '2023-03-31', 18.00, 67.50, 328.00, 246.00, 460.00, 2933.50, '2023-05-31 19:54:49', '2023-05-31 19:55:07', 1);
INSERT INTO `cost` VALUES (211, 65, '2023-03-31', 19.00, 9.14, 329.00, 247.50, 460.00, 1166.64, '2023-05-31 19:54:49', '2023-05-31 19:55:07', 1);
INSERT INTO `cost` VALUES (212, 66, '2023-03-31', 20.00, 9.18, 330.00, 172.50, 460.00, 1241.68, '2023-05-31 19:54:49', '2023-05-31 19:55:07', 1);
INSERT INTO `cost` VALUES (213, 67, '2023-03-31', 21.00, 9.22, 331.00, 174.00, 460.00, 1243.23, '2023-05-31 19:54:49', '2023-05-31 19:55:07', 1);
INSERT INTO `cost` VALUES (214, 68, '2023-03-31', 22.00, 36.00, 332.00, 175.50, 460.00, 1271.50, '2023-05-31 19:54:49', '2023-05-31 19:55:07', 1);
INSERT INTO `cost` VALUES (215, 69, '2023-03-31', 23.00, 9.22, 333.00, 177.00, 460.00, 1246.23, '2023-05-31 19:54:49', '2023-05-31 19:55:07', 1);
INSERT INTO `cost` VALUES (216, 70, '2023-03-31', 24.00, 90.00, 334.00, 178.50, 460.00, 1848.50, '2023-05-31 19:54:49', '2023-05-31 19:55:07', 1);
INSERT INTO `cost` VALUES (217, 71, '2023-03-31', 25.00, 9.09, 335.00, 180.00, 460.00, 1769.09, '2023-05-31 19:54:49', '2023-05-31 19:55:07', 1);
INSERT INTO `cost` VALUES (218, 72, '2023-03-31', 25.00, 9.14, 336.00, 285.00, 460.00, 2964.14, '2023-05-31 19:54:49', '2023-05-31 19:55:07', 1);
INSERT INTO `cost` VALUES (219, 73, '2023-03-31', 25.00, 67.50, 337.00, 286.50, 335.00, 2899.00, '2023-05-31 19:54:49', '2023-05-31 19:55:07', 1);
INSERT INTO `cost` VALUES (220, 74, '2023-03-31', 25.00, 9.22, 338.00, 288.00, 445.00, 1342.23, '2023-05-31 19:54:49', '2023-05-31 19:55:07', 1);
INSERT INTO `cost` VALUES (221, 75, '2023-03-31', 25.00, 9.27, 339.00, 289.50, 460.00, 1208.77, '2023-05-31 19:54:49', '2023-05-31 19:55:07', 1);
INSERT INTO `cost` VALUES (222, 76, '2023-03-31', 25.00, 36.00, 340.00, 291.00, 460.00, 1237.00, '2023-05-31 19:54:49', '2023-05-31 19:55:07', 1);
INSERT INTO `cost` VALUES (223, 77, '2023-03-31', 25.00, 40.50, 341.00, 292.50, 460.00, 1243.00, '2023-05-31 19:54:49', '2023-05-31 19:55:07', 1);
INSERT INTO `cost` VALUES (224, 78, '2023-03-31', 25.00, 45.00, 342.00, 294.00, 460.00, 1439.00, '2023-05-31 19:54:49', '2023-05-31 19:55:07', 1);
INSERT INTO `cost` VALUES (225, 79, '2023-03-31', 25.00, 49.50, 343.00, 295.50, 460.00, 1445.00, '2023-05-31 19:54:49', '2023-05-31 19:55:07', 1);
INSERT INTO `cost` VALUES (226, 80, '2023-03-31', 25.00, 54.00, 198.00, 297.00, 460.00, 2171.00, '2023-05-31 19:54:49', '2023-05-31 19:55:07', 1);
INSERT INTO `cost` VALUES (227, 81, '2023-03-31', 25.00, 58.50, 199.00, 298.50, 460.00, 2177.00, '2023-05-31 19:54:49', '2023-05-31 19:55:07', 1);
INSERT INTO `cost` VALUES (228, 82, '2023-03-31', 25.00, 63.00, 200.00, 300.00, 460.00, 2983.00, '2023-05-31 19:54:49', '2023-05-31 19:55:07', 1);
INSERT INTO `cost` VALUES (229, 83, '2023-03-31', 25.00, 67.50, 201.00, 301.50, 460.00, 2989.00, '2023-05-31 19:54:49', '2023-05-31 19:55:07', 1);
INSERT INTO `cost` VALUES (230, 84, '2023-03-31', 16.00, 72.00, 111.00, 166.50, 460.00, 1148.50, '2023-05-31 19:54:49', '2023-05-31 19:55:07', 1);
INSERT INTO `cost` VALUES (231, 85, '2023-03-31', 4.00, 18.00, 112.00, 168.00, 460.00, 1246.00, '2023-05-31 19:54:49', '2023-05-31 19:55:07', 1);
INSERT INTO `cost` VALUES (232, 86, '2023-03-31', 2.03, 9.14, 113.00, 169.50, 460.00, 1238.64, '2023-05-31 19:54:49', '2023-05-31 19:55:07', 1);
INSERT INTO `cost` VALUES (233, 87, '2023-03-31', 5.00, 22.50, 114.00, 171.00, 460.00, 1253.50, '2023-05-31 19:54:49', '2023-05-31 19:55:07', 1);
INSERT INTO `cost` VALUES (234, 88, '2023-03-31', 2.05, 9.22, 115.00, 172.50, 460.00, 1241.73, '2023-05-31 19:54:49', '2023-05-31 19:55:07', 1);
INSERT INTO `cost` VALUES (235, 89, '2023-03-31', 6.00, 27.00, 116.00, 174.00, 460.00, 1781.00, '2023-05-31 19:54:49', '2023-05-31 19:55:07', 1);
INSERT INTO `cost` VALUES (236, 90, '2023-03-31', 5.00, 22.50, 117.00, 175.50, 460.00, 1778.00, '2023-05-31 19:54:49', '2023-05-31 19:55:07', 1);
INSERT INTO `cost` VALUES (237, 91, '2023-03-31', 2.01, 9.05, 118.00, 177.00, 460.00, 2856.05, '2023-05-31 19:54:49', '2023-05-31 19:55:07', 1);
INSERT INTO `cost` VALUES (238, 92, '2023-03-31', 2.02, 9.09, 119.00, 178.50, 460.00, 2857.59, '2023-05-31 19:54:49', '2023-05-31 19:55:07', 1);
INSERT INTO `cost` VALUES (239, 93, '2023-03-31', 1.00, 9.14, 120.00, 180.00, 460.00, 1249.14, '2023-05-31 19:54:49', '2023-05-31 19:55:07', 1);
INSERT INTO `cost` VALUES (240, 94, '2023-03-31', 1.00, 45.00, 121.00, 181.50, 460.00, 1136.50, '2023-05-31 19:54:49', '2023-05-31 19:55:07', 1);
INSERT INTO `cost` VALUES (241, 95, '2023-03-31', 1.00, 9.22, 122.00, 183.00, 460.00, 1102.23, '2023-05-31 19:54:49', '2023-05-31 19:55:07', 1);
INSERT INTO `cost` VALUES (242, 96, '2023-03-31', 1.00, 9.27, 123.00, 184.50, 460.00, 1103.77, '2023-05-31 19:54:49', '2023-05-31 19:55:07', 1);
INSERT INTO `cost` VALUES (243, 97, '2023-03-31', 1.00, 9.22, 124.00, 186.00, 460.00, 1295.23, '2023-05-31 19:54:49', '2023-05-31 19:55:07', 1);
INSERT INTO `cost` VALUES (244, 98, '2023-03-31', 1.00, 22.50, 125.00, 187.50, 460.00, 1310.00, '2023-05-31 19:54:49', '2023-05-31 19:55:07', 1);
INSERT INTO `cost` VALUES (245, 99, '2023-03-31', 1.00, 9.09, 126.00, 189.00, 460.00, 2018.09, '2023-05-31 19:54:49', '2023-05-31 19:55:07', 1);
INSERT INTO `cost` VALUES (246, 100, '2023-03-31', 1.00, 9.14, 127.00, 190.50, 460.00, 2019.64, '2023-05-31 19:54:49', '2023-05-31 19:55:07', 1);
INSERT INTO `cost` VALUES (247, 101, '2023-03-31', 1.00, 67.50, 128.00, 192.00, 460.00, 2879.50, '2023-05-31 19:54:49', '2023-05-31 19:55:07', 1);
INSERT INTO `cost` VALUES (248, 102, '2023-03-31', 1.00, 9.22, 107.00, 160.50, 460.00, 2789.73, '2023-05-31 19:54:49', '2023-05-31 19:55:07', 1);
INSERT INTO `cost` VALUES (249, 103, '2023-03-31', 1.00, 9.27, 108.00, 162.00, 460.00, 1081.27, '2023-05-31 19:54:49', '2023-05-31 19:55:07', 1);
INSERT INTO `cost` VALUES (250, 104, '2023-03-31', 1.00, 9.22, 205.00, 163.50, 460.00, 1232.73, '2023-05-31 19:54:49', '2023-05-31 19:55:07', 1);
INSERT INTO `cost` VALUES (251, 105, '2023-03-31', 1.00, 9.05, 206.00, 165.00, 460.00, 1234.05, '2023-05-31 19:54:49', '2023-05-31 19:55:07', 1);
INSERT INTO `cost` VALUES (252, 106, '2023-03-31', 1.00, 69.12, 207.00, 166.50, 460.00, 1295.62, '2023-05-31 19:54:49', '2023-05-31 19:55:07', 1);
INSERT INTO `cost` VALUES (253, 107, '2023-03-31', 1.00, 9.14, 208.00, 168.00, 460.00, 1237.14, '2023-05-31 19:54:49', '2023-05-31 19:55:07', 1);
INSERT INTO `cost` VALUES (254, 108, '2023-03-31', 1.00, 9.18, 209.00, 169.50, 460.00, 1758.68, '2023-05-31 19:54:49', '2023-05-31 19:55:07', 1);
INSERT INTO `cost` VALUES (255, 109, '2023-03-31', 1.00, 9.22, 210.00, 171.00, 460.00, 1760.23, '2023-05-31 19:54:49', '2023-05-31 19:55:07', 1);
INSERT INTO `cost` VALUES (256, 110, '2023-03-31', 1.00, 9.27, 211.00, 172.50, 460.00, 2851.77, '2023-05-31 19:54:49', '2023-05-31 19:55:07', 1);
INSERT INTO `cost` VALUES (257, 111, '2023-03-31', 1.00, 9.22, 212.00, 174.00, 460.00, 2853.23, '2023-05-31 19:54:49', '2023-05-31 19:55:07', 1);
INSERT INTO `cost` VALUES (258, 112, '2023-03-31', 25.00, 47.52, 213.00, 175.50, 460.00, 1283.02, '2023-05-31 19:54:49', '2023-05-31 19:55:07', 1);
INSERT INTO `cost` VALUES (259, 113, '2023-03-31', 26.00, 9.09, 214.00, 177.00, 460.00, 1096.09, '2023-05-31 19:54:49', '2023-05-31 19:55:07', 1);
INSERT INTO `cost` VALUES (260, 114, '2023-03-31', 27.00, 22.77, 215.00, 178.50, 460.00, 1111.27, '2023-05-31 19:54:49', '2023-05-31 19:55:07', 1);
INSERT INTO `cost` VALUES (261, 115, '2023-03-31', 1.00, 22.50, 216.00, 180.00, 460.00, 1112.50, '2023-05-31 19:54:49', '2023-05-31 19:55:07', 1);
INSERT INTO `cost` VALUES (262, 116, '2023-03-31', 1.00, 27.00, 217.00, 181.50, 460.00, 1308.50, '2023-05-31 19:54:49', '2023-05-31 19:55:07', 1);
INSERT INTO `cost` VALUES (263, 117, '2023-03-31', 1.00, 31.50, 218.00, 183.00, 460.00, 1314.50, '2023-05-31 19:54:49', '2023-05-31 19:55:07', 1);
INSERT INTO `cost` VALUES (264, 118, '2023-03-31', 1.00, 36.00, 219.00, 184.50, 460.00, 2040.50, '2023-05-31 19:54:49', '2023-05-31 19:55:07', 1);
INSERT INTO `cost` VALUES (265, 119, '2023-03-31', 1.00, 40.50, 220.00, 186.00, 460.00, 2046.50, '2023-05-31 19:54:49', '2023-05-31 19:55:07', 1);
INSERT INTO `cost` VALUES (266, 120, '2023-03-31', 1.00, 45.00, 221.00, 187.50, 460.00, 2852.50, '2023-05-31 19:54:49', '2023-05-31 19:55:07', 1);
INSERT INTO `cost` VALUES (267, 121, '2023-03-31', 1.00, 49.50, 222.00, 189.00, 460.00, 2858.50, '2023-05-31 19:54:49', '2023-05-31 19:55:07', 1);
INSERT INTO `cost` VALUES (268, 122, '2023-03-31', 1.00, 54.00, 223.00, 190.50, 460.00, 1154.50, '2023-05-31 19:54:49', '2023-05-31 19:55:07', 1);
INSERT INTO `cost` VALUES (269, 123, '2023-03-31', 1.00, 58.50, 224.00, 192.00, 460.00, 1310.50, '2023-05-31 19:54:49', '2023-05-31 19:55:07', 1);
INSERT INTO `cost` VALUES (270, 124, '2023-03-31', 1.00, 63.00, 225.00, 160.50, 460.00, 1283.50, '2023-05-31 19:54:49', '2023-05-31 19:55:07', 1);
INSERT INTO `cost` VALUES (271, 125, '2023-03-31', 1.00, 9.22, 226.00, 162.00, 460.00, 1231.23, '2023-05-31 19:54:49', '2023-05-31 19:55:07', 1);
INSERT INTO `cost` VALUES (272, 126, '2023-03-31', 1.00, 9.05, 227.00, 163.50, 460.00, 1232.55, '2023-05-31 19:54:49', '2023-05-31 19:55:07', 1);
INSERT INTO `cost` VALUES (273, 127, '2023-03-31', 1.00, 9.09, 230.00, 345.00, 460.00, 1934.09, '2023-05-31 19:54:49', '2023-05-31 19:55:07', 1);
INSERT INTO `cost` VALUES (274, 128, '2023-03-31', 1.00, 9.14, 231.00, 346.50, 460.00, 1935.64, '2023-05-31 19:54:49', '2023-05-31 19:55:07', 1);
INSERT INTO `cost` VALUES (275, 129, '2023-03-31', 1.00, 9.18, 232.00, 348.00, 460.00, 3027.18, '2023-05-31 19:54:49', '2023-05-31 19:55:07', 1);
INSERT INTO `cost` VALUES (276, 130, '2023-03-31', 1.00, 9.22, 233.00, 349.50, 460.00, 3028.73, '2023-05-31 19:54:49', '2023-05-31 19:55:07', 1);
INSERT INTO `cost` VALUES (277, 131, '2023-03-31', 1.00, 36.23, 234.00, 351.00, 460.00, 1447.23, '2023-05-31 19:54:49', '2023-05-31 19:55:07', 1);
INSERT INTO `cost` VALUES (278, 132, '2023-03-31', 1.00, 4.32, 235.00, 352.50, 460.00, 1266.82, '2023-05-31 19:54:49', '2023-05-31 19:55:07', 1);
INSERT INTO `cost` VALUES (279, 133, '2023-03-31', 1.00, 9.05, 236.00, 354.00, 460.00, 1273.04, '2023-05-31 19:54:49', '2023-05-31 19:55:07', 1);
INSERT INTO `cost` VALUES (280, 134, '2023-03-31', 1.00, 9.09, 237.00, 355.50, 460.00, 1274.59, '2023-05-31 19:54:49', '2023-05-31 19:55:07', 1);
INSERT INTO `cost` VALUES (281, 135, '2023-03-31', 1.00, 39.83, 238.00, 357.00, 460.00, 1496.83, '2023-05-31 19:54:49', '2023-05-31 19:55:07', 1);
INSERT INTO `cost` VALUES (282, 136, '2023-03-31', 1.00, 9.18, 239.00, 358.50, 460.00, 1467.68, '2023-05-31 19:54:49', '2023-05-31 19:55:07', 1);
INSERT INTO `cost` VALUES (283, 137, '2023-03-31', 1.00, 9.22, 240.00, 360.00, 460.00, 2189.23, '2023-05-31 19:54:49', '2023-05-31 19:55:07', 1);
INSERT INTO `cost` VALUES (284, 138, '2023-03-31', 2.06, 9.27, 241.00, 361.50, 460.00, 2190.77, '2023-05-31 19:54:49', '2023-05-31 19:55:07', 1);
INSERT INTO `cost` VALUES (285, 139, '2023-03-31', 2.05, 9.22, 242.00, 363.00, 460.00, 2992.23, '2023-05-31 19:54:49', '2023-05-31 19:55:07', 1);
INSERT INTO `cost` VALUES (286, 140, '2023-03-31', 3.00, 13.50, 243.00, 364.50, 460.00, 2998.00, '2023-05-31 19:54:49', '2023-05-31 19:55:07', 1);
INSERT INTO `cost` VALUES (287, 141, '2023-03-31', 2.00, 9.00, 244.00, 366.00, 460.00, 1285.00, '2023-05-31 19:54:49', '2023-05-31 19:55:07', 1);
INSERT INTO `cost` VALUES (288, 142, '2023-03-31', 5.00, 22.50, 245.00, 367.50, 460.00, 1450.00, '2023-05-31 19:54:49', '2023-05-31 19:55:07', 1);
INSERT INTO `cost` VALUES (289, 143, '2023-03-31', 3.00, 13.50, 246.00, 369.00, 460.00, 1442.50, '2023-05-31 19:54:49', '2023-05-31 19:55:07', 1);
INSERT INTO `cost` VALUES (290, 144, '2023-03-31', 3.00, 13.50, 247.00, 370.50, 460.00, 1444.00, '2023-05-31 19:54:49', '2023-05-31 19:55:07', 1);
INSERT INTO `cost` VALUES (291, 145, '2023-03-31', 2.00, 9.00, 248.00, 372.00, 460.00, 1441.00, '2023-05-31 19:54:49', '2023-05-31 19:55:07', 1);
INSERT INTO `cost` VALUES (292, 146, '2023-03-31', 2.55, 11.47, 249.00, 373.50, 460.00, 1444.98, '2023-05-31 19:54:49', '2023-05-31 19:55:07', 1);
INSERT INTO `cost` VALUES (293, 147, '2023-03-31', 5.00, 22.50, 250.00, 375.00, 460.00, 1977.50, '2023-05-31 19:54:49', '2023-05-31 19:55:07', 1);
INSERT INTO `cost` VALUES (294, 56, '2023-04-30', 10.00, 45.00, 320.00, 300.00, 460.00, 1255.00, '2023-05-31 19:54:49', '2023-05-31 19:55:07', 1);
INSERT INTO `cost` VALUES (295, 57, '2023-04-30', 11.00, 49.50, 321.00, 301.50, 460.00, 1261.00, '2023-05-31 19:54:49', '2023-05-31 19:55:07', 1);
INSERT INTO `cost` VALUES (296, 58, '2023-04-30', 12.00, 54.00, 322.00, 303.00, 460.00, 1267.00, '2023-05-31 19:54:49', '2023-05-31 19:55:07', 1);
INSERT INTO `cost` VALUES (297, 59, '2023-04-30', 13.00, 58.50, 323.00, 304.50, 460.00, 1463.00, '2023-05-31 19:54:49', '2023-05-31 19:55:07', 1);
INSERT INTO `cost` VALUES (298, 60, '2023-04-30', 14.00, 63.00, 324.00, 306.00, 460.00, 1469.00, '2023-05-31 19:54:49', '2023-05-31 19:55:07', 1);
INSERT INTO `cost` VALUES (299, 61, '2023-04-30', 15.00, 67.50, 325.00, 307.50, 460.00, 2195.00, '2023-05-31 19:54:49', '2023-05-31 19:55:07', 1);
INSERT INTO `cost` VALUES (300, 62, '2023-04-30', 16.00, 72.00, 326.00, 309.00, 460.00, 2201.00, '2023-05-31 19:54:49', '2023-05-31 19:55:07', 1);
INSERT INTO `cost` VALUES (301, 63, '2023-04-30', 17.00, 76.50, 327.00, 310.50, 460.00, 3007.00, '2023-05-31 19:54:49', '2023-05-31 19:55:07', 1);
INSERT INTO `cost` VALUES (302, 64, '2023-04-30', 18.00, 81.00, 328.00, 312.00, 460.00, 3013.00, '2023-05-31 19:54:49', '2023-05-31 19:55:07', 1);
INSERT INTO `cost` VALUES (303, 65, '2023-04-30', 19.00, 85.50, 329.00, 313.50, 460.00, 1309.00, '2023-05-31 19:54:49', '2023-05-31 19:55:07', 1);
INSERT INTO `cost` VALUES (304, 66, '2023-04-30', 20.00, 90.00, 330.00, 315.00, 460.00, 1465.00, '2023-05-31 19:54:49', '2023-05-31 19:55:07', 1);
INSERT INTO `cost` VALUES (305, 67, '2023-04-30', 21.00, 94.50, 331.00, 316.50, 460.00, 1471.00, '2023-05-31 19:54:49', '2023-05-31 19:55:07', 1);
INSERT INTO `cost` VALUES (306, 68, '2023-04-30', 22.00, 99.00, 332.00, 318.00, 460.00, 1477.00, '2023-05-31 19:54:49', '2023-05-31 19:55:07', 1);
INSERT INTO `cost` VALUES (307, 69, '2023-04-30', 23.00, 103.50, 333.00, 319.50, 460.00, 1483.00, '2023-05-31 19:54:49', '2023-05-31 19:55:07', 1);
INSERT INTO `cost` VALUES (308, 70, '2023-04-30', 24.00, 108.00, 334.00, 321.00, 315.00, 1864.00, '2023-05-31 19:54:49', '2023-05-31 19:55:07', 1);
INSERT INTO `cost` VALUES (309, 71, '2023-04-30', 25.00, 112.50, 335.00, 322.50, 445.00, 2000.00, '2023-05-31 19:54:49', '2023-05-31 19:55:07', 1);
INSERT INTO `cost` VALUES (310, 72, '2023-04-30', 25.00, 117.00, 336.00, 324.00, 460.00, 3111.00, '2023-05-31 19:54:49', '2023-05-31 19:55:07', 1);
INSERT INTO `cost` VALUES (311, 73, '2023-04-30', 25.00, 67.50, 337.00, 325.50, 335.00, 2938.00, '2023-05-31 19:54:49', '2023-05-31 19:55:07', 1);
INSERT INTO `cost` VALUES (312, 74, '2023-04-30', 25.00, 9.22, 338.00, 327.00, 445.00, 1381.23, '2023-05-31 19:54:49', '2023-05-31 19:55:07', 1);
INSERT INTO `cost` VALUES (313, 75, '2023-04-30', 25.00, 9.27, 339.00, 328.50, 460.00, 1247.77, '2023-05-31 19:54:49', '2023-05-31 19:55:07', 1);
INSERT INTO `cost` VALUES (314, 76, '2023-04-30', 25.00, 36.00, 340.00, 330.00, 460.00, 1276.00, '2023-05-31 19:54:49', '2023-05-31 19:55:07', 1);
INSERT INTO `cost` VALUES (315, 77, '2023-04-30', 25.00, 40.50, 341.00, 331.50, 460.00, 1282.00, '2023-05-31 19:54:49', '2023-05-31 19:55:07', 1);
INSERT INTO `cost` VALUES (316, 78, '2023-04-30', 25.00, 45.00, 342.00, 333.00, 460.00, 1478.00, '2023-05-31 19:54:49', '2023-05-31 19:55:07', 1);
INSERT INTO `cost` VALUES (317, 79, '2023-04-30', 25.00, 49.50, 343.00, 334.50, 460.00, 1484.00, '2023-05-31 19:54:49', '2023-05-31 19:55:07', 1);
INSERT INTO `cost` VALUES (318, 80, '2023-04-30', 25.00, 54.00, 198.00, 297.00, 460.00, 2171.00, '2023-05-31 19:54:49', '2023-05-31 19:55:07', 1);
INSERT INTO `cost` VALUES (319, 81, '2023-04-30', 25.00, 58.50, 199.00, 298.50, 460.00, 2177.00, '2023-05-31 19:54:49', '2023-05-31 19:55:07', 1);
INSERT INTO `cost` VALUES (320, 82, '2023-04-30', 25.00, 63.00, 200.00, 300.00, 460.00, 2983.00, '2023-05-31 19:54:49', '2023-05-31 19:55:07', 1);
INSERT INTO `cost` VALUES (321, 83, '2023-04-30', 25.00, 67.50, 201.00, 301.50, 460.00, 2989.00, '2023-05-31 19:54:49', '2023-05-31 19:55:07', 1);
INSERT INTO `cost` VALUES (322, 84, '2023-04-30', 16.00, 72.00, 111.00, 166.50, 460.00, 1148.50, '2023-05-31 19:54:49', '2023-05-31 19:55:07', 1);
INSERT INTO `cost` VALUES (323, 85, '2023-04-30', 4.00, 18.00, 112.00, 168.00, 460.00, 1246.00, '2023-05-31 19:54:49', '2023-05-31 19:55:07', 1);
INSERT INTO `cost` VALUES (324, 86, '2023-04-30', 2.03, 9.14, 113.00, 169.50, 460.00, 1238.64, '2023-05-31 19:54:49', '2023-05-31 19:55:07', 1);
INSERT INTO `cost` VALUES (325, 87, '2023-04-30', 5.00, 22.50, 114.00, 171.00, 460.00, 1253.50, '2023-05-31 19:54:49', '2023-05-31 19:55:07', 1);
INSERT INTO `cost` VALUES (326, 88, '2023-04-30', 2.05, 9.22, 115.00, 172.50, 460.00, 1241.73, '2023-05-31 19:54:49', '2023-05-31 19:55:07', 1);
INSERT INTO `cost` VALUES (327, 89, '2023-04-30', 6.00, 27.00, 116.00, 174.00, 460.00, 1781.00, '2023-05-31 19:54:49', '2023-05-31 19:55:07', 1);
INSERT INTO `cost` VALUES (328, 90, '2023-04-30', 5.00, 22.50, 117.00, 175.50, 460.00, 1778.00, '2023-05-31 19:54:49', '2023-05-31 19:55:07', 1);
INSERT INTO `cost` VALUES (329, 91, '2023-04-30', 2.01, 9.05, 118.00, 177.00, 460.00, 2856.05, '2023-05-31 19:54:49', '2023-05-31 19:55:07', 1);
INSERT INTO `cost` VALUES (330, 92, '2023-04-30', 2.02, 9.09, 119.00, 178.50, 460.00, 2857.59, '2023-05-31 19:54:49', '2023-05-31 19:55:07', 1);
INSERT INTO `cost` VALUES (331, 93, '2023-04-30', 1.00, 9.14, 120.00, 180.00, 460.00, 1249.14, '2023-05-31 19:54:49', '2023-05-31 19:55:07', 1);
INSERT INTO `cost` VALUES (332, 94, '2023-04-30', 1.00, 45.00, 121.00, 181.50, 460.00, 1136.50, '2023-05-31 19:54:49', '2023-05-31 19:55:07', 1);
INSERT INTO `cost` VALUES (333, 95, '2023-04-30', 1.00, 9.22, 122.00, 183.00, 460.00, 1102.23, '2023-05-31 19:54:49', '2023-05-31 19:55:07', 1);
INSERT INTO `cost` VALUES (334, 96, '2023-04-30', 1.00, 40.50, 123.00, 184.50, 460.00, 1135.00, '2023-05-31 19:54:49', '2023-05-31 19:55:07', 1);
INSERT INTO `cost` VALUES (335, 97, '2023-04-30', 1.00, 45.00, 124.00, 186.00, 460.00, 1331.00, '2023-05-31 19:54:49', '2023-05-31 19:55:07', 1);
INSERT INTO `cost` VALUES (336, 98, '2023-04-30', 1.00, 49.50, 125.00, 187.50, 460.00, 1337.00, '2023-05-31 19:54:49', '2023-05-31 19:55:07', 1);
INSERT INTO `cost` VALUES (337, 99, '2023-04-30', 1.00, 54.00, 126.00, 189.00, 460.00, 2063.00, '2023-05-31 19:54:49', '2023-05-31 19:55:07', 1);
INSERT INTO `cost` VALUES (338, 100, '2023-04-30', 1.00, 58.50, 127.00, 190.50, 460.00, 2069.00, '2023-05-31 19:54:49', '2023-05-31 19:55:07', 1);
INSERT INTO `cost` VALUES (339, 101, '2023-04-30', 1.00, 63.00, 128.00, 192.00, 460.00, 2875.00, '2023-05-31 19:54:49', '2023-05-31 19:55:07', 1);
INSERT INTO `cost` VALUES (340, 102, '2023-04-30', 1.00, 67.50, 107.00, 160.50, 460.00, 2848.00, '2023-05-31 19:54:49', '2023-05-31 19:55:07', 1);
INSERT INTO `cost` VALUES (341, 103, '2023-04-30', 1.00, 72.00, 108.00, 162.00, 460.00, 1144.00, '2023-05-31 19:54:49', '2023-05-31 19:55:07', 1);
INSERT INTO `cost` VALUES (342, 104, '2023-04-30', 1.00, 76.50, 205.00, 307.50, 460.00, 1444.00, '2023-05-31 19:54:49', '2023-05-31 19:55:07', 1);
INSERT INTO `cost` VALUES (343, 105, '2023-04-30', 1.00, 81.00, 206.00, 309.00, 460.00, 1450.00, '2023-05-31 19:54:49', '2023-05-31 19:55:07', 1);
INSERT INTO `cost` VALUES (344, 106, '2023-04-30', 1.00, 85.50, 207.00, 310.50, 460.00, 1456.00, '2023-05-31 19:54:49', '2023-05-31 19:55:07', 1);
INSERT INTO `cost` VALUES (345, 107, '2023-04-30', 1.00, 90.00, 208.00, 312.00, 460.00, 1462.00, '2023-05-31 19:54:49', '2023-05-31 19:55:07', 1);
INSERT INTO `cost` VALUES (346, 108, '2023-04-30', 1.00, 94.50, 209.00, 313.50, 460.00, 1988.00, '2023-05-31 19:54:49', '2023-05-31 19:55:07', 1);
INSERT INTO `cost` VALUES (347, 109, '2023-04-30', 1.00, 99.00, 210.00, 315.00, 460.00, 1994.00, '2023-05-31 19:54:49', '2023-05-31 19:55:07', 1);
INSERT INTO `cost` VALUES (348, 110, '2023-04-30', 1.00, 103.50, 211.00, 316.50, 460.00, 3090.00, '2023-05-31 19:54:49', '2023-05-31 19:55:07', 1);
INSERT INTO `cost` VALUES (349, 111, '2023-04-30', 1.00, 108.00, 212.00, 318.00, 460.00, 3096.00, '2023-05-31 19:54:49', '2023-05-31 19:55:07', 1);
INSERT INTO `cost` VALUES (350, 112, '2023-04-30', 25.00, 112.50, 213.00, 319.50, 460.00, 1492.00, '2023-05-31 19:54:49', '2023-05-31 19:55:07', 1);
INSERT INTO `cost` VALUES (351, 113, '2023-04-30', 26.00, 117.00, 214.00, 321.00, 460.00, 1348.00, '2023-05-31 19:54:49', '2023-05-31 19:55:07', 1);
INSERT INTO `cost` VALUES (352, 114, '2023-04-30', 27.00, 121.50, 215.00, 322.50, 460.00, 1354.00, '2023-05-31 19:54:49', '2023-05-31 19:55:07', 1);
INSERT INTO `cost` VALUES (353, 115, '2023-04-30', 1.00, 126.00, 216.00, 324.00, 460.00, 1360.00, '2023-05-31 19:54:49', '2023-05-31 19:55:07', 1);
INSERT INTO `cost` VALUES (354, 116, '2023-04-30', 1.00, 130.50, 217.00, 325.50, 460.00, 1556.00, '2023-05-31 19:54:49', '2023-05-31 19:55:07', 1);
INSERT INTO `cost` VALUES (355, 117, '2023-04-30', 1.00, 135.00, 218.00, 327.00, 460.00, 1562.00, '2023-05-31 19:54:49', '2023-05-31 19:55:07', 1);
INSERT INTO `cost` VALUES (356, 118, '2023-04-30', 1.00, 139.50, 219.00, 328.50, 460.00, 2288.00, '2023-05-31 19:54:49', '2023-05-31 19:55:07', 1);
INSERT INTO `cost` VALUES (357, 119, '2023-04-30', 1.00, 144.00, 220.00, 330.00, 460.00, 2294.00, '2023-05-31 19:54:49', '2023-05-31 19:55:07', 1);
INSERT INTO `cost` VALUES (358, 120, '2023-04-30', 1.00, 148.50, 221.00, 331.50, 460.00, 3100.00, '2023-05-31 19:54:49', '2023-05-31 19:55:07', 1);
INSERT INTO `cost` VALUES (359, 121, '2023-04-30', 1.00, 153.00, 222.00, 333.00, 460.00, 3106.00, '2023-05-31 19:54:49', '2023-05-31 19:55:07', 1);
INSERT INTO `cost` VALUES (360, 122, '2023-04-30', 1.00, 157.50, 223.00, 334.50, 460.00, 1402.00, '2023-05-31 19:54:49', '2023-05-31 19:55:07', 1);
INSERT INTO `cost` VALUES (361, 123, '2023-04-30', 1.00, 162.00, 224.00, 336.00, 460.00, 1558.00, '2023-05-31 19:54:49', '2023-05-31 19:55:07', 1);
INSERT INTO `cost` VALUES (362, 124, '2023-04-30', 1.00, 166.50, 225.00, 337.50, 460.00, 1564.00, '2023-05-31 19:54:49', '2023-05-31 19:55:07', 1);
INSERT INTO `cost` VALUES (363, 125, '2023-04-30', 1.00, 9.22, 226.00, 339.00, 460.00, 1408.23, '2023-05-31 19:54:49', '2023-05-31 19:55:07', 1);
INSERT INTO `cost` VALUES (364, 126, '2023-04-30', 1.00, 9.05, 227.00, 340.50, 460.00, 1409.55, '2023-05-31 19:54:49', '2023-05-31 19:55:07', 1);
INSERT INTO `cost` VALUES (365, 127, '2023-04-30', 1.00, 9.09, 230.00, 345.00, 460.00, 1934.09, '2023-05-31 19:54:49', '2023-05-31 19:55:07', 1);
INSERT INTO `cost` VALUES (366, 128, '2023-04-30', 1.00, 9.14, 231.00, 346.50, 460.00, 1935.64, '2023-05-31 19:54:49', '2023-05-31 19:55:07', 1);
INSERT INTO `cost` VALUES (367, 129, '2023-04-30', 1.00, 9.18, 232.00, 348.00, 460.00, 3027.18, '2023-05-31 19:54:49', '2023-05-31 19:55:07', 1);
INSERT INTO `cost` VALUES (368, 130, '2023-04-30', 1.00, 9.22, 233.00, 349.50, 460.00, 3028.73, '2023-05-31 19:54:49', '2023-05-31 19:55:07', 1);
INSERT INTO `cost` VALUES (369, 131, '2023-04-30', 1.00, 36.23, 234.00, 351.00, 460.00, 1447.23, '2023-05-31 19:54:49', '2023-05-31 19:55:07', 1);
INSERT INTO `cost` VALUES (370, 132, '2023-04-30', 1.00, 4.32, 235.00, 352.50, 460.00, 1266.82, '2023-05-31 19:54:49', '2023-05-31 19:55:07', 1);
INSERT INTO `cost` VALUES (371, 133, '2023-04-30', 1.00, 9.05, 236.00, 354.00, 460.00, 1273.04, '2023-05-31 19:54:49', '2023-05-31 19:55:07', 1);
INSERT INTO `cost` VALUES (372, 134, '2023-04-30', 1.00, 9.09, 237.00, 355.50, 460.00, 1274.59, '2023-05-31 19:54:49', '2023-05-31 19:55:07', 1);
INSERT INTO `cost` VALUES (373, 135, '2023-04-30', 1.00, 39.83, 238.00, 357.00, 460.00, 1496.83, '2023-05-31 19:54:49', '2023-05-31 19:55:07', 1);
INSERT INTO `cost` VALUES (374, 136, '2023-04-30', 1.00, 9.18, 239.00, 358.50, 460.00, 1467.68, '2023-05-31 19:54:49', '2023-05-31 19:55:07', 1);
INSERT INTO `cost` VALUES (375, 137, '2023-04-30', 1.00, 9.22, 240.00, 360.00, 460.00, 2189.23, '2023-05-31 19:54:49', '2023-05-31 19:55:07', 1);
INSERT INTO `cost` VALUES (376, 138, '2023-04-30', 2.06, 9.27, 241.00, 361.50, 460.00, 2190.77, '2023-05-31 19:54:49', '2023-05-31 19:55:07', 1);
INSERT INTO `cost` VALUES (377, 139, '2023-04-30', 2.05, 9.22, 242.00, 363.00, 460.00, 2992.23, '2023-05-31 19:54:49', '2023-05-31 19:55:07', 1);
INSERT INTO `cost` VALUES (378, 140, '2023-04-30', 3.00, 13.50, 243.00, 364.50, 460.00, 2998.00, '2023-05-31 19:54:49', '2023-05-31 19:55:07', 1);
INSERT INTO `cost` VALUES (379, 141, '2023-04-30', 2.00, 9.00, 244.00, 366.00, 460.00, 1285.00, '2023-05-31 19:54:49', '2023-05-31 19:55:07', 1);
INSERT INTO `cost` VALUES (380, 142, '2023-04-30', 5.00, 22.50, 245.00, 367.50, 460.00, 1450.00, '2023-05-31 19:54:49', '2023-05-31 19:55:07', 1);
INSERT INTO `cost` VALUES (381, 143, '2023-04-30', 3.00, 13.50, 246.00, 369.00, 460.00, 1442.50, '2023-05-31 19:54:49', '2023-05-31 19:55:07', 1);
INSERT INTO `cost` VALUES (382, 144, '2023-04-30', 3.00, 13.50, 247.00, 370.50, 460.00, 1444.00, '2023-05-31 19:54:49', '2023-05-31 19:55:07', 1);
INSERT INTO `cost` VALUES (383, 145, '2023-04-30', 2.00, 9.00, 248.00, 372.00, 460.00, 1441.00, '2023-05-31 19:54:49', '2023-05-31 19:55:07', 1);
INSERT INTO `cost` VALUES (384, 146, '2023-04-30', 2.55, 11.47, 249.00, 373.50, 460.00, 1444.98, '2023-05-31 19:54:49', '2023-05-31 19:55:07', 1);
INSERT INTO `cost` VALUES (385, 147, '2023-04-30', 5.00, 22.50, 250.00, 375.00, 460.00, 1977.50, '2023-05-31 19:54:49', '2023-05-31 19:55:07', 1);
INSERT INTO `cost` VALUES (386, 56, '2023-05-31', 10.00, 45.00, 320.00, 480.00, 460.00, 1435.00, '2023-05-31 19:54:49', '2023-05-31 19:55:07', 1);
INSERT INTO `cost` VALUES (387, 57, '2023-05-31', 11.00, 49.50, 321.00, 481.50, 460.00, 1441.00, '2023-05-31 19:54:49', '2023-05-31 19:55:07', 1);
INSERT INTO `cost` VALUES (388, 58, '2023-05-31', 12.00, 54.00, 322.00, 483.00, 460.00, 1447.00, '2023-05-31 19:54:49', '2023-05-31 19:55:07', 1);
INSERT INTO `cost` VALUES (389, 59, '2023-05-31', 13.00, 58.50, 323.00, 484.50, 460.00, 1643.00, '2023-05-31 19:54:49', '2023-05-31 19:55:07', 1);
INSERT INTO `cost` VALUES (390, 60, '2023-05-31', 14.00, 63.00, 324.00, 486.00, 460.00, 1649.00, '2023-05-31 19:54:49', '2023-05-31 19:55:07', 1);
INSERT INTO `cost` VALUES (391, 61, '2023-05-31', 15.00, 67.50, 325.00, 487.50, 460.00, 2375.00, '2023-05-31 19:54:49', '2023-05-31 19:55:07', 1);
INSERT INTO `cost` VALUES (392, 62, '2023-05-31', 16.00, 72.00, 326.00, 489.00, 460.00, 2381.00, '2023-05-31 19:54:49', '2023-05-31 19:55:07', 1);
INSERT INTO `cost` VALUES (393, 63, '2023-05-31', 17.00, 76.50, 327.00, 490.50, 460.00, 3187.00, '2023-05-31 19:54:49', '2023-05-31 19:55:07', 1);
INSERT INTO `cost` VALUES (394, 64, '2023-05-31', 18.00, 81.00, 328.00, 492.00, 460.00, 3193.00, '2023-05-31 19:54:49', '2023-05-31 19:55:07', 1);
INSERT INTO `cost` VALUES (395, 65, '2023-05-31', 19.00, 85.50, 329.00, 493.50, 460.00, 1489.00, '2023-05-31 19:54:49', '2023-05-31 19:55:07', 1);
INSERT INTO `cost` VALUES (396, 66, '2023-05-31', 20.00, 90.00, 330.00, 495.00, 460.00, 1645.00, '2023-05-31 19:54:49', '2023-05-31 19:55:07', 1);
INSERT INTO `cost` VALUES (397, 67, '2023-05-31', 21.00, 94.50, 331.00, 496.50, 315.00, 1506.00, '2023-05-31 19:54:49', '2023-05-31 19:55:07', 1);
INSERT INTO `cost` VALUES (398, 68, '2023-05-31', 22.00, 99.00, 332.00, 498.00, 100.00, 1297.00, '2023-05-31 19:54:49', '2023-05-31 19:55:07', 1);
INSERT INTO `cost` VALUES (399, 69, '2023-05-31', 23.00, 103.50, 333.00, 499.50, 460.00, 1663.00, '2023-05-31 19:54:49', '2023-05-31 19:55:07', 1);
INSERT INTO `cost` VALUES (400, 70, '2023-05-31', 24.00, 108.00, 334.00, 501.00, 315.00, 2044.00, '2023-05-31 19:54:49', '2023-05-31 19:55:07', 1);
INSERT INTO `cost` VALUES (401, 71, '2023-05-31', 25.00, 112.50, 335.00, 502.50, 445.00, 2180.00, '2023-05-31 19:54:49', '2023-05-31 19:55:07', 1);
INSERT INTO `cost` VALUES (402, 72, '2023-05-31', 25.00, 112.50, 336.00, 504.00, 460.00, 3286.50, '2023-05-31 19:54:49', '2023-05-31 19:55:07', 1);
INSERT INTO `cost` VALUES (403, 73, '2023-05-31', 25.00, 112.50, 337.00, 505.50, 335.00, 3163.00, '2023-05-31 19:54:49', '2023-05-31 19:55:07', 1);
INSERT INTO `cost` VALUES (404, 74, '2023-05-31', 25.00, 112.50, 338.00, 507.00, 445.00, 1664.50, '2023-05-31 19:54:49', '2023-05-31 19:55:07', 1);
INSERT INTO `cost` VALUES (405, 75, '2023-05-31', 25.00, 112.50, 339.00, 508.50, 460.00, 1531.00, '2023-05-31 19:54:49', '2023-05-31 19:55:07', 1);
INSERT INTO `cost` VALUES (406, 76, '2023-05-31', 25.00, 112.50, 340.00, 510.00, 460.00, 1532.50, '2023-05-31 19:54:49', '2023-05-31 19:55:07', 1);
INSERT INTO `cost` VALUES (407, 77, '2023-05-31', 25.00, 112.50, 341.00, 511.50, 45.00, 1119.00, '2023-05-31 19:54:49', '2023-05-31 19:55:07', 1);
INSERT INTO `cost` VALUES (408, 78, '2023-05-31', 25.00, 112.50, 342.00, 513.00, 10.00, 1275.50, '2023-05-31 19:54:49', '2023-05-31 19:55:07', 1);
INSERT INTO `cost` VALUES (409, 79, '2023-05-31', 25.00, 112.50, 343.00, 514.50, 460.00, 1727.00, '2023-05-31 19:54:49', '2023-05-31 19:55:07', 1);
INSERT INTO `cost` VALUES (410, 80, '2023-05-31', 25.00, 112.50, 198.00, 297.00, 460.00, 2229.50, '2023-05-31 19:54:49', '2023-05-31 19:55:07', 1);
INSERT INTO `cost` VALUES (411, 81, '2023-05-31', 25.00, 112.50, 199.00, 298.50, 460.00, 2231.00, '2023-05-31 19:54:49', '2023-05-31 19:55:07', 1);
INSERT INTO `cost` VALUES (412, 82, '2023-05-31', 25.00, 112.50, 200.00, 300.00, 460.00, 3032.50, '2023-05-31 19:54:49', '2023-05-31 19:55:07', 1);
INSERT INTO `cost` VALUES (413, 83, '2023-05-31', 25.00, 112.50, 201.00, 301.50, 460.00, 3034.00, '2023-05-31 19:54:49', '2023-05-31 19:55:07', 1);
INSERT INTO `cost` VALUES (414, 84, '2023-05-31', 16.00, 72.00, 111.00, 166.50, 460.00, 1148.50, '2023-05-31 19:54:49', '2023-05-31 19:55:07', 1);
INSERT INTO `cost` VALUES (415, 85, '2023-05-31', 4.00, 18.00, 112.00, 168.00, 460.00, 1246.00, '2023-05-31 19:54:49', '2023-05-31 19:55:07', 1);
INSERT INTO `cost` VALUES (416, 86, '2023-05-31', 2.03, 9.14, 113.00, 169.50, 460.00, 1238.64, '2023-05-31 19:54:49', '2023-05-31 19:55:07', 1);
INSERT INTO `cost` VALUES (417, 87, '2023-05-31', 5.00, 22.50, 114.00, 171.00, 460.00, 1253.50, '2023-05-31 19:54:49', '2023-05-31 19:55:07', 1);
INSERT INTO `cost` VALUES (418, 88, '2023-05-31', 2.05, 9.22, 115.00, 172.50, 460.00, 1241.73, '2023-05-31 19:54:49', '2023-05-31 19:55:07', 1);
INSERT INTO `cost` VALUES (419, 89, '2023-05-31', 6.00, 27.00, 116.00, 174.00, 460.00, 1781.00, '2023-05-31 19:54:49', '2023-05-31 19:55:07', 1);
INSERT INTO `cost` VALUES (420, 90, '2023-05-31', 5.00, 22.50, 117.00, 175.50, 460.00, 1778.00, '2023-05-31 19:54:49', '2023-05-31 19:55:07', 1);
INSERT INTO `cost` VALUES (421, 91, '2023-05-31', 2.01, 9.05, 118.00, 177.00, 460.00, 2856.05, '2023-05-31 19:54:49', '2023-05-31 19:55:07', 1);
INSERT INTO `cost` VALUES (422, 92, '2023-05-31', 2.02, 9.09, 119.00, 178.50, 460.00, 2857.59, '2023-05-31 19:54:49', '2023-05-31 19:55:07', 1);
INSERT INTO `cost` VALUES (423, 93, '2023-05-31', 1.00, 4.50, 120.00, 180.00, 460.00, 1244.50, '2023-05-31 19:54:49', '2023-05-31 19:55:07', 1);
INSERT INTO `cost` VALUES (424, 94, '2023-05-31', 1.00, 4.50, 121.00, 181.50, 460.00, 1096.00, '2023-05-31 19:54:49', '2023-05-31 19:55:07', 1);
INSERT INTO `cost` VALUES (425, 95, '2023-05-31', 1.00, 4.50, 122.00, 183.00, 460.00, 1097.50, '2023-05-31 19:54:49', '2023-05-31 19:55:07', 1);
INSERT INTO `cost` VALUES (426, 96, '2023-05-31', 1.00, 4.50, 123.00, 184.50, 460.00, 1099.00, '2023-05-31 19:54:49', '2023-05-31 19:55:07', 1);
INSERT INTO `cost` VALUES (427, 97, '2023-05-31', 1.00, 4.50, 124.00, 186.00, 460.00, 1290.50, '2023-05-31 19:54:49', '2023-05-31 19:55:07', 1);
INSERT INTO `cost` VALUES (428, 98, '2023-05-31', 1.00, 4.50, 125.00, 187.50, 460.00, 1292.00, '2023-05-31 19:54:49', '2023-05-31 19:55:07', 1);
INSERT INTO `cost` VALUES (429, 99, '2023-05-31', 1.00, 4.50, 126.00, 189.00, 460.00, 2013.50, '2023-05-31 19:54:49', '2023-05-31 19:55:07', 1);
INSERT INTO `cost` VALUES (430, 100, '2023-05-31', 1.00, 4.50, 127.00, 190.50, 460.00, 2015.00, '2023-05-31 19:54:49', '2023-05-31 19:55:07', 1);
INSERT INTO `cost` VALUES (431, 101, '2023-05-31', 1.00, 4.50, 128.00, 192.00, 460.00, 2816.50, '2023-05-31 19:54:49', '2023-05-31 19:55:07', 1);
INSERT INTO `cost` VALUES (432, 102, '2023-05-31', 1.00, 4.50, 107.00, 160.50, 460.00, 2785.00, '2023-05-31 19:54:49', '2023-05-31 19:55:07', 1);
INSERT INTO `cost` VALUES (433, 103, '2023-05-31', 1.00, 4.50, 108.00, 162.00, 460.00, 1076.50, '2023-05-31 19:54:49', '2023-05-31 19:55:07', 1);
INSERT INTO `cost` VALUES (434, 104, '2023-05-31', 1.00, 4.50, 205.00, 307.50, 460.00, 1372.00, '2023-05-31 19:54:49', '2023-05-31 19:55:07', 1);
INSERT INTO `cost` VALUES (435, 105, '2023-05-31', 1.00, 4.50, 206.00, 309.00, 460.00, 1373.50, '2023-05-31 19:54:49', '2023-05-31 19:55:07', 1);
INSERT INTO `cost` VALUES (436, 106, '2023-05-31', 1.00, 4.50, 207.00, 310.50, 460.00, 1375.00, '2023-05-31 19:54:49', '2023-05-31 19:55:07', 1);
INSERT INTO `cost` VALUES (437, 107, '2023-05-31', 1.00, 4.50, 208.00, 312.00, 460.00, 1376.50, '2023-05-31 19:54:49', '2023-05-31 19:55:07', 1);
INSERT INTO `cost` VALUES (438, 108, '2023-05-31', 1.00, 4.50, 209.00, 313.50, 460.00, 1898.00, '2023-05-31 19:54:49', '2023-05-31 19:55:07', 1);
INSERT INTO `cost` VALUES (439, 109, '2023-05-31', 1.00, 4.50, 210.00, 315.00, 460.00, 1899.50, '2023-05-31 19:54:49', '2023-05-31 19:55:07', 1);
INSERT INTO `cost` VALUES (440, 110, '2023-05-31', 1.00, 4.50, 211.00, 316.50, 460.00, 2991.00, '2023-05-31 19:54:49', '2023-05-31 19:55:07', 1);
INSERT INTO `cost` VALUES (441, 111, '2023-05-31', 1.00, 4.50, 212.00, 318.00, 460.00, 2992.50, '2023-05-31 19:54:49', '2023-05-31 19:55:07', 1);
INSERT INTO `cost` VALUES (442, 112, '2023-05-31', 25.00, 112.50, 213.00, 319.50, 460.00, 1492.00, '2023-05-31 19:54:49', '2023-05-31 19:55:07', 1);
INSERT INTO `cost` VALUES (443, 113, '2023-05-31', 26.00, 117.00, 214.00, 321.00, 460.00, 1348.00, '2023-05-31 19:54:49', '2023-05-31 19:55:07', 1);
INSERT INTO `cost` VALUES (444, 114, '2023-05-31', 27.00, 121.50, 215.00, 322.50, 460.00, 1354.00, '2023-05-31 19:54:49', '2023-05-31 19:55:07', 1);
INSERT INTO `cost` VALUES (445, 115, '2023-05-31', 1.00, 4.50, 216.00, 324.00, 460.00, 1238.50, '2023-05-31 19:54:49', '2023-05-31 19:55:07', 1);
INSERT INTO `cost` VALUES (446, 116, '2023-05-31', 1.00, 4.50, 217.00, 325.50, 460.00, 1430.00, '2023-05-31 19:54:49', '2023-05-31 19:55:07', 1);
INSERT INTO `cost` VALUES (447, 117, '2023-05-31', 1.00, 4.50, 218.00, 327.00, 460.00, 1431.50, '2023-05-31 19:54:49', '2023-05-31 19:55:07', 1);
INSERT INTO `cost` VALUES (448, 118, '2023-05-31', 1.00, 4.50, 219.00, 328.50, 460.00, 2153.00, '2023-05-31 19:54:49', '2023-05-31 19:55:07', 1);
INSERT INTO `cost` VALUES (449, 119, '2023-05-31', 1.00, 4.50, 220.00, 330.00, 460.00, 2154.50, '2023-05-31 19:54:49', '2023-05-31 19:55:07', 1);
INSERT INTO `cost` VALUES (450, 120, '2023-05-31', 1.00, 4.50, 221.00, 331.50, 460.00, 2956.00, '2023-05-31 19:54:49', '2023-05-31 19:55:07', 1);
INSERT INTO `cost` VALUES (451, 121, '2023-05-31', 1.00, 4.50, 222.00, 333.00, 460.00, 2957.50, '2023-05-31 19:54:49', '2023-05-31 19:55:07', 1);
INSERT INTO `cost` VALUES (452, 122, '2023-05-31', 1.00, 4.50, 223.00, 334.50, 460.00, 1249.00, '2023-05-31 19:54:49', '2023-05-31 19:55:07', 1);
INSERT INTO `cost` VALUES (453, 123, '2023-05-31', 1.00, 4.50, 224.00, 336.00, 460.00, 1400.50, '2023-05-31 19:54:49', '2023-05-31 19:55:07', 1);
INSERT INTO `cost` VALUES (454, 124, '2023-05-31', 1.00, 4.50, 225.00, 337.50, 460.00, 1402.00, '2023-05-31 19:54:49', '2023-05-31 19:55:07', 1);
INSERT INTO `cost` VALUES (455, 125, '2023-05-31', 1.00, 4.50, 226.00, 339.00, 460.00, 1403.50, '2023-05-31 19:54:49', '2023-05-31 19:55:07', 1);
INSERT INTO `cost` VALUES (456, 126, '2023-05-31', 1.00, 4.50, 227.00, 340.50, 460.00, 1405.00, '2023-05-31 19:54:49', '2023-05-31 19:55:07', 1);
INSERT INTO `cost` VALUES (457, 127, '2023-05-31', 1.00, 4.50, 230.00, 345.00, 460.00, 1929.50, '2023-05-31 19:54:49', '2023-05-31 19:55:07', 1);
INSERT INTO `cost` VALUES (458, 128, '2023-05-31', 1.00, 4.50, 231.00, 346.50, 460.00, 1931.00, '2023-05-31 19:54:49', '2023-05-31 19:55:07', 1);
INSERT INTO `cost` VALUES (459, 129, '2023-05-31', 1.00, 4.50, 232.00, 348.00, 460.00, 3022.50, '2023-05-31 19:54:49', '2023-05-31 19:55:07', 1);
INSERT INTO `cost` VALUES (460, 130, '2023-05-31', 1.00, 4.50, 233.00, 349.50, 460.00, 3024.00, '2023-05-31 19:54:49', '2023-05-31 19:55:07', 1);
INSERT INTO `cost` VALUES (461, 131, '2023-05-31', 1.00, 4.50, 234.00, 351.00, 460.00, 1415.50, '2023-05-31 19:54:49', '2023-05-31 19:55:07', 1);
INSERT INTO `cost` VALUES (462, 132, '2023-05-31', 1.00, 4.50, 235.00, 352.50, 460.00, 1267.00, '2023-05-31 19:54:49', '2023-05-31 19:55:07', 1);
INSERT INTO `cost` VALUES (463, 133, '2023-05-31', 1.00, 4.50, 236.00, 354.00, 460.00, 1268.50, '2023-05-31 19:54:49', '2023-05-31 19:55:07', 1);
INSERT INTO `cost` VALUES (464, 134, '2023-05-31', 1.00, 4.50, 237.00, 355.50, 460.00, 1270.00, '2023-05-31 19:54:49', '2023-05-31 19:55:07', 1);
INSERT INTO `cost` VALUES (465, 135, '2023-05-31', 1.00, 4.50, 238.00, 357.00, 460.00, 1461.50, '2023-05-31 19:54:49', '2023-05-31 19:55:07', 1);
INSERT INTO `cost` VALUES (466, 136, '2023-05-31', 1.00, 4.50, 239.00, 358.50, 460.00, 1463.00, '2023-05-31 19:54:49', '2023-05-31 19:55:07', 1);
INSERT INTO `cost` VALUES (467, 137, '2023-05-31', 1.00, 4.50, 240.00, 360.00, 460.00, 2184.50, '2023-05-31 19:54:49', '2023-05-31 19:55:07', 1);
INSERT INTO `cost` VALUES (468, 138, '2023-05-31', 2.06, 9.27, 241.00, 361.50, 460.00, 2190.77, '2023-05-31 19:54:49', '2023-05-31 19:55:07', 1);
INSERT INTO `cost` VALUES (469, 139, '2023-05-31', 2.05, 9.22, 242.00, 363.00, 460.00, 2992.23, '2023-05-31 19:54:49', '2023-05-31 19:55:07', 1);
INSERT INTO `cost` VALUES (470, 140, '2023-05-31', 3.00, 13.50, 243.00, 364.50, 460.00, 2998.00, '2023-05-31 19:54:49', '2023-05-31 19:55:07', 1);
INSERT INTO `cost` VALUES (471, 141, '2023-05-31', 2.00, 9.00, 244.00, 366.00, 460.00, 1285.00, '2023-05-31 19:54:49', '2023-05-31 19:55:07', 1);
INSERT INTO `cost` VALUES (472, 142, '2023-05-31', 5.00, 22.50, 245.00, 367.50, 460.00, 1450.00, '2023-05-31 19:54:49', '2023-05-31 19:55:07', 1);
INSERT INTO `cost` VALUES (473, 143, '2023-05-31', 3.00, 13.50, 246.00, 369.00, 460.00, 1442.50, '2023-05-31 19:54:49', '2023-05-31 19:55:07', 1);
INSERT INTO `cost` VALUES (474, 144, '2023-05-31', 3.00, 13.50, 247.00, 370.50, 460.00, 1444.00, '2023-05-31 19:54:49', '2023-05-31 19:55:07', 1);
INSERT INTO `cost` VALUES (475, 145, '2023-05-31', 2.00, 9.00, 248.00, 372.00, 460.00, 1441.00, '2023-05-31 19:54:49', '2023-05-31 19:55:07', 1);
INSERT INTO `cost` VALUES (476, 146, '2023-05-31', 2.55, 11.47, 249.00, 373.50, 460.00, 1444.98, '2023-05-31 19:54:49', '2023-05-31 19:55:07', 1);
INSERT INTO `cost` VALUES (477, 147, '2023-05-31', 5.00, 22.50, 250.00, 375.00, 460.00, 1977.50, '2023-05-31 19:54:49', '2023-05-31 19:55:07', 1);

-- ----------------------------
-- Table structure for feedback
-- ----------------------------
DROP TABLE IF EXISTS `feedback`;
CREATE TABLE `feedback`  (
  `feedback_id` int(0) NOT NULL AUTO_INCREMENT,
  `message` varchar(255) CHARACTER SET utf8mb4 COLLATE utf8mb4_general_ci NOT NULL,
  `user_id` int(0) NOT NULL,
  `time` datetime(0) NOT NULL,
  `state` int(0) NOT NULL,
  PRIMARY KEY (`feedback_id`) USING BTREE,
  INDEX `FK_Reference_70`(`user_id`) USING BTREE,
  CONSTRAINT `FK_Reference_70` FOREIGN KEY (`user_id`) REFERENCES `user` (`user_id`) ON DELETE RESTRICT ON UPDATE RESTRICT
) ENGINE = InnoDB AUTO_INCREMENT = 2 CHARACTER SET = utf8mb4 COLLATE = utf8mb4_general_ci ROW_FORMAT = Dynamic;

-- ----------------------------
-- Table structure for financial
-- ----------------------------
DROP TABLE IF EXISTS `financial`;
CREATE TABLE `financial`  (
  `financial_id` int(0) NOT NULL AUTO_INCREMENT,
  `date` date NOT NULL,
  `out_water` decimal(10, 2) DEFAULT NULL,
  `out_electric` decimal(10, 2) DEFAULT NULL,
  `in_water` decimal(10, 2) DEFAULT NULL,
  `in_electric` decimal(10, 2) DEFAULT NULL,
  `pro_water` decimal(10, 2) DEFAULT NULL,
  `pro_electric` decimal(10, 2) DEFAULT NULL,
  `out_salary` decimal(10, 2) DEFAULT NULL,
  `out_mis` decimal(10, 0) DEFAULT NULL,
  `in_mis` decimal(10, 2) DEFAULT NULL,
  `in_rent` decimal(10, 2) DEFAULT NULL,
  `advance_total` decimal(10, 2) DEFAULT NULL,
  `real_total` decimal(10, 2) DEFAULT NULL,
  `final_total` decimal(10, 2) DEFAULT NULL,
  `upload_time` datetime(0) NOT NULL,
  `remark` text CHARACTER SET utf8mb4 COLLATE utf8mb4_general_ci,
  `state` int(0) NOT NULL,
  PRIMARY KEY (`financial_id`) USING BTREE
) ENGINE = InnoDB CHARACTER SET = utf8mb4 COLLATE = utf8mb4_general_ci ROW_FORMAT = Dynamic;

-- ----------------------------
-- Records of financial
-- ----------------------------
INSERT INTO `financial` VALUES (1, '2023-01-01', 545.08, 9370.20, 584.01, 20079.00, 38.93, 10708.80, 17000.00, 0, 42320.00, 93360.00, 156343.05, 26915.28, 129427.77, '2023-05-31 18:09:19', '猪猪波,2023-05-31 18:09:19', 1);
INSERT INTO `financial` VALUES (2, '2023-02-28', 1466.42, 7646.10, 1466.41, 16384.50, -0.01, 8738.40, 17000.00, 0, 42320.00, 93360.00, 153530.95, 26112.52, 127418.44, '2023-05-31 19:32:18', '猪猪波,2023-05-31 19:32:18', 1);
INSERT INTO `financial` VALUES (3, '2023-03-31', 2479.14, 10329.20, 2479.14, 22134.00, 0.00, 11804.80, 17000.00, 0, 42180.00, 93360.00, 160153.16, 29808.34, 130344.81, '2023-05-31 19:44:09', '猪猪波,2023-05-31 19:44:09', 1);
INSERT INTO `financial` VALUES (4, '2023-04-30', 3388.39, 12773.60, 5445.63, 27372.00, 2057.24, 14598.40, 17000.00, 0, 42020.00, 93360.00, 168197.64, 33161.99, 135035.66, '2023-05-31 19:51:21', '猪猪波,2023-05-31 19:51:21', 1);
INSERT INTO `financial` VALUES (5, '2023-05-31', NULL, NULL, 3481.97, 31692.00, NULL, NULL, NULL, NULL, 40650.00, 93360.00, 169183.95, NULL, NULL, '2023-05-31 19:55:24', NULL, 0);

-- ----------------------------
-- Table structure for floor
-- ----------------------------
DROP TABLE IF EXISTS `floor`;
CREATE TABLE `floor`  (
  `floor_id` int(0) NOT NULL AUTO_INCREMENT,
  `floor_name` int(0) NOT NULL,
  `area` decimal(10, 2) NOT NULL,
  `available` decimal(10, 2) NOT NULL,
  PRIMARY KEY (`floor_id`) USING BTREE
) ENGINE = InnoDB AUTO_INCREMENT = 14 CHARACTER SET = utf8mb4 COLLATE = utf8mb4_general_ci ROW_FORMAT = Dynamic;

-- ----------------------------
-- Records of floor
-- ----------------------------
INSERT INTO `floor` VALUES (1, 1, 3600.00, 0.00);
INSERT INTO `floor` VALUES (2, 2, 300.00, 0.00);
INSERT INTO `floor` VALUES (3, 3, 300.00, 0.00);
INSERT INTO `floor` VALUES (4, 4, 300.00, 0.00);
INSERT INTO `floor` VALUES (5, 5, 300.00, 0.00);
INSERT INTO `floor` VALUES (6, 6, 300.00, 0.00);
INSERT INTO `floor` VALUES (7, 7, 300.00, 0.00);
INSERT INTO `floor` VALUES (8, 8, 300.00, 0.00);
INSERT INTO `floor` VALUES (9, 9, 300.00, 0.00);
INSERT INTO `floor` VALUES (10, 10, 300.00, 0.00);
INSERT INTO `floor` VALUES (11, 11, 300.00, 0.00);
INSERT INTO `floor` VALUES (12, 12, 300.00, 0.00);
INSERT INTO `floor` VALUES (13, 13, 300.00, 75.00);

-- ----------------------------
-- Table structure for house
-- ----------------------------
DROP TABLE IF EXISTS `house`;
CREATE TABLE `house`  (
  `house_id` int(0) NOT NULL AUTO_INCREMENT,
  `house_name` char(4) CHARACTER SET utf8mb4 COLLATE utf8mb4_general_ci NOT NULL,
  `style_id` int(0) NOT NULL,
  `insert_time` datetime(0) NOT NULL,
  `state` varchar(5) CHARACTER SET utf8mb4 COLLATE utf8mb4_general_ci NOT NULL,
  `floor_id` int(0) NOT NULL,
  PRIMARY KEY (`house_id`) USING BTREE,
  INDEX `FK_Reference_17`(`style_id`) USING BTREE,
  INDEX `FK_Reference_100`(`floor_id`) USING BTREE,
  CONSTRAINT `FK_Reference_100` FOREIGN KEY (`floor_id`) REFERENCES `floor` (`floor_id`) ON DELETE RESTRICT ON UPDATE RESTRICT,
  CONSTRAINT `FK_Reference_17` FOREIGN KEY (`style_id`) REFERENCES `style` (`style_id`) ON DELETE RESTRICT ON UPDATE RESTRICT
) ENGINE = InnoDB AUTO_INCREMENT = 14 CHARACTER SET = utf8mb4 COLLATE = utf8mb4_general_ci ROW_FORMAT = Dynamic;

-- ----------------------------
-- Records of house
-- ----------------------------
INSERT INTO `house` VALUES (14, '201', 12, '2022-12-31 00:00:00', '已租', 2);
INSERT INTO `house` VALUES (15, '202', 12, '2022-12-31 00:00:00', '已租', 2);
INSERT INTO `house` VALUES (16, '203', 12, '2022-12-31 00:00:00', '已租', 2);
INSERT INTO `house` VALUES (17, '204', 12, '2022-12-31 00:00:00', '已租', 2);
INSERT INTO `house` VALUES (18, '205', 13, '2022-12-31 00:00:00', '已租', 2);
INSERT INTO `house` VALUES (19, '206', 13, '2022-12-31 00:00:00', '已租', 2);
INSERT INTO `house` VALUES (20, '207', 14, '2022-12-31 00:00:00', '已租', 2);
INSERT INTO `house` VALUES (21, '208', 14, '2022-12-31 00:00:00', '已租', 2);
INSERT INTO `house` VALUES (22, '209', 15, '2022-12-31 00:00:00', '已租', 2);
INSERT INTO `house` VALUES (23, '210', 15, '2022-12-31 00:00:00', '已租', 2);
INSERT INTO `house` VALUES (24, '301', 20, '2022-12-31 00:00:00', '已租', 3);
INSERT INTO `house` VALUES (25, '302', 20, '2022-12-31 00:00:00', '已租', 3);
INSERT INTO `house` VALUES (26, '303', 20, '2022-12-31 00:00:00', '已租', 3);
INSERT INTO `house` VALUES (27, '304', 20, '2022-12-31 00:00:00', '已租', 3);
INSERT INTO `house` VALUES (28, '305', 20, '2022-12-31 00:00:00', '已租', 3);
INSERT INTO `house` VALUES (29, '306', 21, '2022-12-31 00:00:00', '已租', 3);
INSERT INTO `house` VALUES (30, '307', 21, '2022-12-31 00:00:00', '已租', 3);
INSERT INTO `house` VALUES (31, '308', 22, '2022-12-31 00:00:00', '已租', 3);
INSERT INTO `house` VALUES (32, '309', 22, '2022-12-31 00:00:00', '已租', 3);
INSERT INTO `house` VALUES (33, '401', 12, '2022-12-31 00:00:00', '已租', 4);
INSERT INTO `house` VALUES (34, '402', 12, '2022-12-31 00:00:00', '已租', 4);
INSERT INTO `house` VALUES (35, '403', 12, '2022-12-31 00:00:00', '已租', 4);
INSERT INTO `house` VALUES (36, '404', 12, '2022-12-31 00:00:00', '已租', 4);
INSERT INTO `house` VALUES (37, '405', 13, '2022-12-31 00:00:00', '已租', 4);
INSERT INTO `house` VALUES (38, '406', 13, '2022-12-31 00:00:00', '已租', 4);
INSERT INTO `house` VALUES (39, '407', 14, '2022-12-31 00:00:00', '已租', 4);
INSERT INTO `house` VALUES (40, '408', 14, '2022-12-31 00:00:00', '已租', 4);
INSERT INTO `house` VALUES (41, '409', 15, '2022-12-31 00:00:00', '已租', 4);
INSERT INTO `house` VALUES (42, '410', 15, '2022-12-31 00:00:00', '已租', 4);
INSERT INTO `house` VALUES (43, '501', 20, '2022-12-31 00:00:00', '已租', 5);
INSERT INTO `house` VALUES (44, '502', 20, '2022-12-31 00:00:00', '已租', 5);
INSERT INTO `house` VALUES (45, '503', 20, '2022-12-31 00:00:00', '已租', 5);
INSERT INTO `house` VALUES (46, '504', 20, '2022-12-31 00:00:00', '已租', 5);
INSERT INTO `house` VALUES (47, '505', 20, '2022-12-31 00:00:00', '已租', 5);
INSERT INTO `house` VALUES (48, '506', 21, '2022-12-31 00:00:00', '已租', 5);
INSERT INTO `house` VALUES (49, '507', 21, '2022-12-31 00:00:00', '已租', 5);
INSERT INTO `house` VALUES (50, '508', 22, '2022-12-31 00:00:00', '已租', 5);
INSERT INTO `house` VALUES (51, '509', 22, '2022-12-31 00:00:00', '已租', 5);
INSERT INTO `house` VALUES (52, '601', 12, '2022-12-31 00:00:00', '已租', 6);
INSERT INTO `house` VALUES (53, '602', 12, '2022-12-31 00:00:00', '已租', 6);
INSERT INTO `house` VALUES (54, '603', 12, '2022-12-31 00:00:00', '已租', 6);
INSERT INTO `house` VALUES (55, '604', 12, '2022-12-31 00:00:00', '已租', 6);
INSERT INTO `house` VALUES (56, '605', 13, '2022-12-31 00:00:00', '已租', 6);
INSERT INTO `house` VALUES (57, '606', 13, '2022-12-31 00:00:00', '已租', 6);
INSERT INTO `house` VALUES (58, '607', 14, '2022-12-31 00:00:00', '已租', 6);
INSERT INTO `house` VALUES (59, '608', 14, '2022-12-31 00:00:00', '已租', 6);
INSERT INTO `house` VALUES (60, '609', 15, '2022-12-31 00:00:00', '已租', 6);
INSERT INTO `house` VALUES (61, '610', 15, '2022-12-31 00:00:00', '已租', 6);
INSERT INTO `house` VALUES (62, '701', 23, '2022-12-31 00:00:00', '已租', 7);
INSERT INTO `house` VALUES (63, '702', 23, '2022-12-31 00:00:00', '已租', 7);
INSERT INTO `house` VALUES (64, '703', 23, '2022-12-31 00:00:00', '已租', 7);
INSERT INTO `house` VALUES (65, '704', 23, '2022-12-31 00:00:00', '已租', 7);
INSERT INTO `house` VALUES (66, '705', 23, '2022-12-31 00:00:00', '已租', 7);
INSERT INTO `house` VALUES (67, '706', 24, '2022-12-31 00:00:00', '已租', 7);
INSERT INTO `house` VALUES (68, '707', 24, '2022-12-31 00:00:00', '已租', 7);
INSERT INTO `house` VALUES (69, '708', 25, '2022-12-31 00:00:00', '已租', 7);
INSERT INTO `house` VALUES (70, '709', 25, '2022-12-31 00:00:00', '已租', 7);
INSERT INTO `house` VALUES (71, '801', 16, '2022-12-31 00:00:00', '已租', 8);
INSERT INTO `house` VALUES (72, '802', 16, '2022-12-31 00:00:00', '已租', 8);
INSERT INTO `house` VALUES (73, '803', 16, '2022-12-31 00:00:00', '已租', 8);
INSERT INTO `house` VALUES (74, '804', 16, '2022-12-31 00:00:00', '已租', 8);
INSERT INTO `house` VALUES (75, '805', 17, '2022-12-31 00:00:00', '已租', 8);
INSERT INTO `house` VALUES (76, '806', 17, '2022-12-31 00:00:00', '已租', 8);
INSERT INTO `house` VALUES (77, '807', 18, '2022-12-31 00:00:00', '已租', 8);
INSERT INTO `house` VALUES (78, '808', 18, '2022-12-31 00:00:00', '已租', 8);
INSERT INTO `house` VALUES (79, '809', 19, '2022-12-31 00:00:00', '已租', 8);
INSERT INTO `house` VALUES (80, '810', 19, '2022-12-31 00:00:00', '已租', 8);
INSERT INTO `house` VALUES (81, '901', 23, '2022-12-31 00:00:00', '已租', 9);
INSERT INTO `house` VALUES (82, '902', 23, '2022-12-31 00:00:00', '已租', 9);
INSERT INTO `house` VALUES (83, '903', 23, '2022-12-31 00:00:00', '已租', 9);
INSERT INTO `house` VALUES (84, '904', 23, '2022-12-31 00:00:00', '已租', 9);
INSERT INTO `house` VALUES (85, '905', 23, '2022-12-31 00:00:00', '已租', 9);
INSERT INTO `house` VALUES (86, '906', 24, '2022-12-31 00:00:00', '已租', 9);
INSERT INTO `house` VALUES (87, '907', 24, '2022-12-31 00:00:00', '已租', 9);
INSERT INTO `house` VALUES (88, '908', 25, '2022-12-31 00:00:00', '已租', 9);
INSERT INTO `house` VALUES (89, '909', 25, '2022-12-31 00:00:00', '已租', 9);
INSERT INTO `house` VALUES (90, '1001', 16, '2022-12-31 00:00:00', '已租', 10);
INSERT INTO `house` VALUES (91, '1002', 16, '2022-12-31 00:00:00', '已租', 10);
INSERT INTO `house` VALUES (92, '1003', 16, '2022-12-31 00:00:00', '已租', 10);
INSERT INTO `house` VALUES (93, '1004', 16, '2022-12-31 00:00:00', '已租', 10);
INSERT INTO `house` VALUES (94, '1005', 17, '2022-12-31 00:00:00', '已租', 10);
INSERT INTO `house` VALUES (95, '1006', 17, '2022-12-31 00:00:00', '已租', 10);
INSERT INTO `house` VALUES (96, '1007', 18, '2022-12-31 00:00:00', '已租', 10);
INSERT INTO `house` VALUES (97, '1008', 18, '2022-12-31 00:00:00', '已租', 10);
INSERT INTO `house` VALUES (98, '1009', 19, '2022-12-31 00:00:00', '已租', 10);
INSERT INTO `house` VALUES (99, '1010', 19, '2022-12-31 00:00:00', '已租', 10);
INSERT INTO `house` VALUES (100, '1101', 23, '2022-12-31 00:00:00', '已租', 11);
INSERT INTO `house` VALUES (101, '1102', 23, '2022-12-31 00:00:00', '已租', 11);
INSERT INTO `house` VALUES (102, '1103', 23, '2022-12-31 00:00:00', '已租', 11);
INSERT INTO `house` VALUES (103, '1104', 23, '2022-12-31 00:00:00', '已租', 11);
INSERT INTO `house` VALUES (104, '1105', 23, '2022-12-31 00:00:00', '已租', 11);
INSERT INTO `house` VALUES (105, '1106', 24, '2022-12-31 00:00:00', '已租', 11);
INSERT INTO `house` VALUES (106, '1107', 24, '2022-12-31 00:00:00', '空闲', 11);
INSERT INTO `house` VALUES (107, '1108', 25, '2022-12-31 00:00:00', '空闲', 11);
INSERT INTO `house` VALUES (108, '1109', 25, '2022-12-31 00:00:00', '空闲', 11);
INSERT INTO `house` VALUES (109, '1201', 26, '2022-12-31 00:00:00', '空闲', 12);
INSERT INTO `house` VALUES (110, '1202', 26, '2022-12-31 00:00:00', '空闲', 12);
INSERT INTO `house` VALUES (111, '1203', 26, '2022-12-31 00:00:00', '空闲', 12);
INSERT INTO `house` VALUES (112, '1204', 26, '2022-12-31 00:00:00', '空闲', 12);
INSERT INTO `house` VALUES (113, '1301', 27, '2022-12-31 00:00:00', '空闲', 13);
INSERT INTO `house` VALUES (114, '1302', 27, '2022-12-31 00:00:00', '空闲', 13);
INSERT INTO `house` VALUES (115, '1303', 27, '2022-12-31 00:00:00', '空闲', 13);

-- ----------------------------
-- Table structure for ip
-- ----------------------------
DROP TABLE IF EXISTS `ip`;
CREATE TABLE `ip`  (
  `id` int(0) NOT NULL AUTO_INCREMENT,
  `user_id` int(0) NOT NULL,
  `ip` varchar(255) CHARACTER SET utf8mb4 COLLATE utf8mb4_general_ci NOT NULL,
  `ip_possession` varchar(255) CHARACTER SET utf8mb4 COLLATE utf8mb4_general_ci NOT NULL,
  `ip_city` varchar(255) CHARACTER SET utf8mb4 COLLATE utf8mb4_general_ci NOT NULL,
  `time` datetime(0) NOT NULL,
  PRIMARY KEY (`id`) USING BTREE,
  INDEX `FK_Reference_65`(`user_id`) USING BTREE,
  CONSTRAINT `FK_Reference_65` FOREIGN KEY (`user_id`) REFERENCES `user` (`user_id`) ON DELETE RESTRICT ON UPDATE RESTRICT
) ENGINE = InnoDB AUTO_INCREMENT = 2 CHARACTER SET = utf8mb4 COLLATE = utf8mb4_general_ci ROW_FORMAT = Dynamic;

-- ----------------------------
-- Table structure for kind
-- ----------------------------
DROP TABLE IF EXISTS `kind`;
CREATE TABLE `kind`  (
  `kind_id` int(0) NOT NULL AUTO_INCREMENT COMMENT '  ',
  `kind_name` varchar(50) CHARACTER SET utf8mb4 COLLATE utf8mb4_general_ci NOT NULL,
  `url` varchar(255) CHARACTER SET utf8mb4 COLLATE utf8mb4_general_ci NOT NULL COMMENT '合同模板保存地址',
  PRIMARY KEY (`kind_id`) USING BTREE
) ENGINE = InnoDB AUTO_INCREMENT = 3 CHARACTER SET = utf8mb4 COLLATE = utf8mb4_general_ci ROW_FORMAT = Dynamic;

-- ----------------------------
-- Records of kind
-- ----------------------------
INSERT INTO `kind` VALUES (1, '租赁合同', '租赁合同模板.pdf');
INSERT INTO `kind` VALUES (2, '劳动合同', '劳动合同模板.pdf');

-- ----------------------------
-- Table structure for menu
-- ----------------------------
DROP TABLE IF EXISTS `menu`;
CREATE TABLE `menu`  (
  `menu_id` int(0) NOT NULL AUTO_INCREMENT,
  `name` varchar(35) CHARACTER SET utf8mb4 COLLATE utf8mb4_general_ci NOT NULL,
  `path` varchar(50) CHARACTER SET utf8mb4 COLLATE utf8mb4_general_ci DEFAULT NULL,
  `component` varchar(100) CHARACTER SET utf8mb4 COLLATE utf8mb4_general_ci DEFAULT NULL,
  `leaf` tinyint(0) NOT NULL DEFAULT 0,
  `parent_id` int(0) DEFAULT NULL,
  `perms` varchar(50) CHARACTER SET utf8mb4 COLLATE utf8mb4_general_ci DEFAULT NULL,
  `icon` varchar(50) CHARACTER SET utf8mb4 COLLATE utf8mb4_general_ci DEFAULT NULL,
  `title` text CHARACTER SET utf8mb4 COLLATE utf8mb4_general_ci,
  PRIMARY KEY (`menu_id`) USING BTREE
) ENGINE = InnoDB AUTO_INCREMENT = 119 CHARACTER SET = utf8mb4 COLLATE = utf8mb4_general_ci ROW_FORMAT = Dynamic;

-- ----------------------------
-- Records of menu
-- ----------------------------
INSERT INTO `menu` VALUES (1, 'house', '/house', '/index', 1, NULL, '/houser!get', '&#xe6e5;', '房 屋 模 块');
INSERT INTO `menu` VALUES (2, 'presonnel', '/personnel', '/index', 1, NULL, '/personnel!get', '&#xe921;', '人 事 模 块');
INSERT INTO `menu` VALUES (3, 'financial', '/financial', '/index', 1, NULL, '/financial!get', '&#xe6ec;', '财 务 模 块');
INSERT INTO `menu` VALUES (4, 'repair', '/repair', '/index', 1, NULL, '/repair!get', '&#xe80d;', '维 修 模 块');
INSERT INTO `menu` VALUES (5, 'contract', '/contrcat', '/index', 1, NULL, '/contrcat!get', '&#xe60d;', '合 同 模 块');
INSERT INTO `menu` VALUES (6, 'report', '/report', '/index', 1, NULL, '/report!get', '&#xe61c;', '公 告 模 块');
INSERT INTO `menu` VALUES (7, 'house_m', '/house/:type', '/house/index', 0, 1, NULL, '&#xe6e4;', '房 间 管 理');
INSERT INTO `menu` VALUES (8, 'house_style_m', '/house_type/:type', '/house/house_type', 0, 1, NULL, '&#xe6e6;', '房 型 管 理');
INSERT INTO `menu` VALUES (9, 'presonnel_m', '/personnel/:type', '/house/personnel', 0, 1, NULL, '&#xe91c;', '住 户 管 理');
INSERT INTO `menu` VALUES (10, 'presonnel_staff_m', '/staff/:type', '/personnel/index', 0, 2, NULL, '&#xe91b;', '员 工 管 理');
INSERT INTO `menu` VALUES (11, 'financial_pay_m', '/financial/:type', '/financial/index', 0, 3, '', '&#xe830;', '缴 费 处 理');
INSERT INTO `menu` VALUES (12, 'financial_statement_m', '/statement/:type', '/financial/financial_statement', 0, 3, NULL, '&#xe6b8;', '财 务 报 表');
INSERT INTO `menu` VALUES (13, 'financial_electric_m', '/electric/:type', '/financial/financial_electric', 0, 3, NULL, '&#xe683;', '用 电 管 理');
INSERT INTO `menu` VALUES (14, 'financial_water_m', '/water/:type', '/financial/financial_water', 0, 3, NULL, '&#xe604;', '用 水 管 理');
INSERT INTO `menu` VALUES (15, 'financial_base_m', '/base/:type', '/financial/financial_base', 0, 3, NULL, '&#xe679;', '收 费 管 理');
INSERT INTO `menu` VALUES (16, 'financial_salary_m', '/salary/:type', '/financial/financial_salary', 0, 3, NULL, '&#xe658;', '薪 水 管 理');
INSERT INTO `menu` VALUES (17, 'repair_m', '/repair/:type', '/repair/index', 0, 4, NULL, '&#xe70e;', '维 修 管 理');
INSERT INTO `menu` VALUES (18, 'contract_m', '/contract/:type', '/contract/index', 0, 5, NULL, '&#xe60f;', '合 同 管 理');
INSERT INTO `menu` VALUES (19, 'report_m', '/report/:type', '/report/index', 0, 6, NULL, '&#xe701;', '公 告 管 理');
INSERT INTO `menu` VALUES (20, 'personnel_checkout_m', '/checkout/:type', '/house/checkout', 0, 1, NULL, '&#xe653;', '退 房 处 理');
INSERT INTO `menu` VALUES (21, 'presonnel_permission_m', '/permission/:type', '/personnel/personnel_permission', 0, 2, NULL, '&#xe609;', '职 位 管 理');

-- ----------------------------
-- Table structure for menu_role
-- ----------------------------
DROP TABLE IF EXISTS `menu_role`;
CREATE TABLE `menu_role`  (
  `menu_id` int(0) NOT NULL,
  `role_id` int(0) NOT NULL,
  `query` varchar(50) CHARACTER SET utf8mb4 COLLATE utf8mb4_general_ci DEFAULT NULL,
  PRIMARY KEY (`menu_id`, `role_id`) USING BTREE,
  INDEX `FK_Reference_6`(`role_id`) USING BTREE,
  INDEX `FK_Reference_33`(`query`) USING BTREE,
  CONSTRAINT `FK_Reference_5` FOREIGN KEY (`menu_id`) REFERENCES `menu` (`menu_id`) ON DELETE RESTRICT ON UPDATE RESTRICT,
  CONSTRAINT `FK_Reference_6` FOREIGN KEY (`role_id`) REFERENCES `role` (`role_id`) ON DELETE RESTRICT ON UPDATE RESTRICT
) ENGINE = InnoDB CHARACTER SET = utf8mb4 COLLATE = utf8mb4_general_ci ROW_FORMAT = Dynamic;

-- ----------------------------
-- Records of menu_role
-- ----------------------------
INSERT INTO `menu_role` VALUES (1, 2, NULL);
INSERT INTO `menu_role` VALUES (1, 10, NULL);
INSERT INTO `menu_role` VALUES (1, 13, NULL);
INSERT INTO `menu_role` VALUES (1, 14, NULL);
INSERT INTO `menu_role` VALUES (2, 2, NULL);
INSERT INTO `menu_role` VALUES (2, 10, NULL);
INSERT INTO `menu_role` VALUES (2, 12, NULL);
INSERT INTO `menu_role` VALUES (3, 2, NULL);
INSERT INTO `menu_role` VALUES (3, 10, NULL);
INSERT INTO `menu_role` VALUES (3, 11, NULL);
INSERT INTO `menu_role` VALUES (3, 12, NULL);
INSERT INTO `menu_role` VALUES (3, 13, NULL);
INSERT INTO `menu_role` VALUES (4, 2, NULL);
INSERT INTO `menu_role` VALUES (4, 10, NULL);
INSERT INTO `menu_role` VALUES (4, 14, NULL);
INSERT INTO `menu_role` VALUES (5, 2, NULL);
INSERT INTO `menu_role` VALUES (5, 10, NULL);
INSERT INTO `menu_role` VALUES (5, 11, NULL);
INSERT INTO `menu_role` VALUES (5, 13, NULL);
INSERT INTO `menu_role` VALUES (6, 2, NULL);
INSERT INTO `menu_role` VALUES (6, 10, NULL);
INSERT INTO `menu_role` VALUES (6, 11, NULL);
INSERT INTO `menu_role` VALUES (6, 13, NULL);
INSERT INTO `menu_role` VALUES (7, 10, '%#%1&%%#%#%2&%%#%#%3&%%#%#%4&%%#%#%5&%%#%#%6&%%#');
INSERT INTO `menu_role` VALUES (8, 10, '%#%1&%%#%#%2&%%#%#%3&%%#%#%4&%%#%#%5&%%#%#%6&%%#');
INSERT INTO `menu_role` VALUES (9, 10, '%#%1&%%#%#%2&%%#%#%3&%%#%#%4&%%#%#%5&%%#%#%6&%%#');
INSERT INTO `menu_role` VALUES (9, 13, '%#%1&%%#%#%2&%%#%#%3&%%#%#%4&%%#%#%5&%%#%#%6&%%#');
INSERT INTO `menu_role` VALUES (10, 2, '%#%1&%%#%#%2&%%#%#%3&%%#%#%4&%%#%#%5&%%#%#%6&%%#');
INSERT INTO `menu_role` VALUES (10, 10, '%#%1&%%#%#%2&%%#%#%3&%%#%#%4&%%#%#%5&%%#%#%6&%%#');
INSERT INTO `menu_role` VALUES (10, 12, '%#%1&%%#%#%2&%%#%#%3&%%#%#%4&%%#%#%5&%%#%#%6&%%#');
INSERT INTO `menu_role` VALUES (11, 10, '%#%1&%%#%#%2&%%#%#%3&%%#%#%4&%%#%#%5&%%#%#%6&%%#');
INSERT INTO `menu_role` VALUES (11, 11, '%#%1&%%#%#%2&%%#%#%3&%%#%#%4&%%#%#%5&%%#%#%6&%%#');
INSERT INTO `menu_role` VALUES (11, 13, '%#%1&%%#%#%2&%%#%#%3&%%#%#%4&%%#%#%5&%%#%#%6&%%#');
INSERT INTO `menu_role` VALUES (12, 10, '%#%1&%%#%#%2&%%#%#%3&%%#%#%4&%%#%#%5&%%#%#%6&%%#');
INSERT INTO `menu_role` VALUES (12, 11, '%#%1&%%#%#%2&%%#%#%3&%%#%#%4&%%#%#%5&%%#%#%6&%%#');
INSERT INTO `menu_role` VALUES (13, 10, '%#%1&%%#%#%2&%%#%#%3&%%#%#%4&%%#%#%5&%%#%#%6&%%#');
INSERT INTO `menu_role` VALUES (13, 11, '%#%1&%%#%#%2&%%#%#%3&%%#%#%4&%%#%#%5&%%#%#%6&%%#');
INSERT INTO `menu_role` VALUES (14, 10, '%#%1&%%#%#%2&%%#%#%3&%%#%#%4&%%#%#%5&%%#%#%6&%%#');
INSERT INTO `menu_role` VALUES (14, 11, '%#%1&%%#%#%2&%%#%#%3&%%#%#%4&%%#%#%5&%%#%#%6&%%#');
INSERT INTO `menu_role` VALUES (15, 10, '%#%1&%%#%#%2&%%#%#%3&%%#%#%4&%%#%#%5&%%#%#%6&%%#');
INSERT INTO `menu_role` VALUES (15, 11, '%#%1&%%#%#%2&%%#%#%3&%%#%#%4&%%#%#%5&%%#%#%6&%%#');
INSERT INTO `menu_role` VALUES (16, 10, '%#%1&%%#%#%2&%%#%#%3&%%#%#%4&%%#%#%5&%%#%#%6&%%#');
INSERT INTO `menu_role` VALUES (16, 11, '%#%1&%%#%#%2&%%#%#%3&%%#%#%4&%%#%#%5&%%#%#%6&%%#');
INSERT INTO `menu_role` VALUES (16, 12, '%#%1&%%#%#%2&%%#%#%3&%%#%#%4&%%#%#%5&%%#%#%6&%%#');
INSERT INTO `menu_role` VALUES (17, 10, '%#%1&%%#%#%2&%%#%#%3&%%#%#%4&%%#%#%5&%%#%#%6&%%#');
INSERT INTO `menu_role` VALUES (17, 14, '%#%1&%%#%#%2&%%#%#%3&%%#%#%4&%%#%#%5&%%#%#%6&%%#');
INSERT INTO `menu_role` VALUES (18, 10, '%#%1&%%#%#%2&%%#%#%3&%%#%#%4&%%#%#%5&%%#%#%6&%%#');
INSERT INTO `menu_role` VALUES (18, 11, '%#%1&%%#%#%2&%%#%#%3&%%#%#%4&%%#%#%5&%%#%#%6&%%#');
INSERT INTO `menu_role` VALUES (18, 13, '%#%1&%%#%#%2&%%#%#%3&%%#%#%4&%%#%#%5&%%#%#%6&%%#');
INSERT INTO `menu_role` VALUES (19, 10, '%#%1&%%#%#%2&%%#%#%3&%%#%#%4&%%#%#%5&%%#%#%6&%%#');
INSERT INTO `menu_role` VALUES (19, 11, '%#%1&%%#%#%2&%%#%#%3&%%#%#%4&%%#%#%5&%%#%#%6&%%#');
INSERT INTO `menu_role` VALUES (19, 13, '%#%1&%%#%#%2&%%#%#%3&%%#%#%4&%%#%#%5&%%#%#%6&%%#');
INSERT INTO `menu_role` VALUES (20, 10, '%#%1&%%#%#%2&%%#%#%3&%%#%#%4&%%#%#%5&%%#%#%6&%%#');
INSERT INTO `menu_role` VALUES (20, 13, '%#%1&%%#%#%2&%%#%#%3&%%#%#%4&%%#%#%5&%%#%#%6&%%#');
INSERT INTO `menu_role` VALUES (21, 10, '%#%1&%%#%#%2&%%#%#%3&%%#%#%4&%%#%#%5&%%#%#%6&%%#');
INSERT INTO `menu_role` VALUES (21, 12, '%#%1&%%#%#%2&%%#%#%3&%%#%#%4&%%#%#%5&%%#%#%6&%%#');
INSERT INTO `menu_role` VALUES (7, 13, '%#%6&%%#');
INSERT INTO `menu_role` VALUES (7, 14, '%#%6&%%#');
INSERT INTO `menu_role` VALUES (8, 13, '%#%6&%%#');
INSERT INTO `menu_role` VALUES (13, 13, '%#%6&%%#');
INSERT INTO `menu_role` VALUES (14, 13, '%#%6&%%#');
INSERT INTO `menu_role` VALUES (15, 13, '%#%6&%%#');
INSERT INTO `menu_role` VALUES (7, 2, '1%2%$&3%#@%4%5%6');
INSERT INTO `menu_role` VALUES (8, 2, '1%2%$&3%#@%4%5%6');
INSERT INTO `menu_role` VALUES (9, 2, '1%2%$&3%#@%4%5%6');
INSERT INTO `menu_role` VALUES (11, 2, '1%2%$&3%#@%4%5%6');
INSERT INTO `menu_role` VALUES (12, 2, '1%2%$&3%#@%4%5%6');
INSERT INTO `menu_role` VALUES (13, 2, '1%2%$&3%#@%4%5%6');
INSERT INTO `menu_role` VALUES (14, 2, '1%2%$&3%#@%4%5%6');
INSERT INTO `menu_role` VALUES (15, 2, '1%2%$&3%#@%4%5%6');
INSERT INTO `menu_role` VALUES (16, 2, '1%2%$&3%#@%4%5%6');
INSERT INTO `menu_role` VALUES (17, 2, '1%2%$&3%#@%4%5%6');
INSERT INTO `menu_role` VALUES (18, 2, '1%2%$&3%#@%4%5%6');
INSERT INTO `menu_role` VALUES (19, 2, '1%2%$&3%#@%4%5%6');
INSERT INTO `menu_role` VALUES (20, 2, '1%2%$&3%#@%4%5%6');
INSERT INTO `menu_role` VALUES (21, 2, '1%2%$&3%#@%4%5%6');

-- ----------------------------
-- Table structure for miscellaneous
-- ----------------------------
DROP TABLE IF EXISTS `miscellaneous`;
CREATE TABLE `miscellaneous`  (
  `miscellaneous_id` int(0) NOT NULL AUTO_INCREMENT,
  `rent_id` int(0) NOT NULL,
  `base_id` int(0) NOT NULL,
  `state` int(0) NOT NULL,
  `time` datetime(0) NOT NULL,
  PRIMARY KEY (`miscellaneous_id`, `rent_id`, `base_id`) USING BTREE,
  INDEX `FK_Reference_18`(`base_id`) USING BTREE,
  INDEX `FK_Reference_31`(`rent_id`) USING BTREE,
  CONSTRAINT `FK_Reference_18` FOREIGN KEY (`base_id`) REFERENCES `basic` (`base_id`) ON DELETE RESTRICT ON UPDATE RESTRICT,
  CONSTRAINT `FK_Reference_31` FOREIGN KEY (`rent_id`) REFERENCES `rent` (`rent_id`) ON DELETE RESTRICT ON UPDATE RESTRICT
) ENGINE = InnoDB AUTO_INCREMENT = 82 CHARACTER SET = utf8mb4 COLLATE = utf8mb4_general_ci ROW_FORMAT = Dynamic;

-- ----------------------------
-- Records of miscellaneous
-- ----------------------------
INSERT INTO `miscellaneous` VALUES (82, 56, 3, 1, '2023-05-31 14:21:11');
INSERT INTO `miscellaneous` VALUES (83, 56, 4, 1, '2023-05-31 14:21:11');
INSERT INTO `miscellaneous` VALUES (84, 56, 5, 1, '2023-05-31 14:21:11');
INSERT INTO `miscellaneous` VALUES (85, 56, 6, 1, '2023-05-31 14:21:11');
INSERT INTO `miscellaneous` VALUES (86, 56, 7, 1, '2023-05-31 14:21:11');
INSERT INTO `miscellaneous` VALUES (87, 56, 8, 1, '2023-05-31 14:21:11');
INSERT INTO `miscellaneous` VALUES (88, 56, 9, 1, '2023-05-31 14:21:11');
INSERT INTO `miscellaneous` VALUES (89, 56, 10, 1, '2023-05-31 14:21:11');
INSERT INTO `miscellaneous` VALUES (90, 57, 3, 1, '2023-05-31 14:25:46');
INSERT INTO `miscellaneous` VALUES (91, 57, 4, 1, '2023-05-31 14:25:46');
INSERT INTO `miscellaneous` VALUES (92, 57, 5, 1, '2023-05-31 14:25:46');
INSERT INTO `miscellaneous` VALUES (93, 57, 6, 1, '2023-05-31 14:25:46');
INSERT INTO `miscellaneous` VALUES (94, 57, 7, 1, '2023-05-31 14:25:46');
INSERT INTO `miscellaneous` VALUES (95, 57, 8, 1, '2023-05-31 14:25:46');
INSERT INTO `miscellaneous` VALUES (96, 57, 9, 1, '2023-05-31 14:25:46');
INSERT INTO `miscellaneous` VALUES (97, 57, 10, 1, '2023-05-31 14:25:46');
INSERT INTO `miscellaneous` VALUES (98, 58, 3, 1, '2023-05-31 14:30:18');
INSERT INTO `miscellaneous` VALUES (99, 58, 4, 1, '2023-05-31 14:30:18');
INSERT INTO `miscellaneous` VALUES (100, 58, 5, 1, '2023-05-31 14:30:18');
INSERT INTO `miscellaneous` VALUES (101, 58, 6, 1, '2023-05-31 14:30:18');
INSERT INTO `miscellaneous` VALUES (102, 58, 7, 1, '2023-05-31 14:30:18');
INSERT INTO `miscellaneous` VALUES (103, 58, 8, 1, '2023-05-31 14:30:18');
INSERT INTO `miscellaneous` VALUES (104, 58, 9, 1, '2023-05-31 14:30:18');
INSERT INTO `miscellaneous` VALUES (105, 58, 10, 1, '2023-05-31 14:30:18');
INSERT INTO `miscellaneous` VALUES (106, 59, 3, 1, '2023-05-31 15:06:47');
INSERT INTO `miscellaneous` VALUES (107, 59, 4, 1, '2023-05-31 15:06:47');
INSERT INTO `miscellaneous` VALUES (108, 59, 5, 1, '2023-05-31 15:06:47');
INSERT INTO `miscellaneous` VALUES (109, 59, 6, 1, '2023-05-31 15:06:47');
INSERT INTO `miscellaneous` VALUES (110, 59, 7, 1, '2023-05-31 15:06:47');
INSERT INTO `miscellaneous` VALUES (111, 59, 8, 1, '2023-05-31 15:06:48');
INSERT INTO `miscellaneous` VALUES (112, 59, 9, 1, '2023-05-31 15:06:48');
INSERT INTO `miscellaneous` VALUES (113, 59, 10, 1, '2023-05-31 15:06:48');
INSERT INTO `miscellaneous` VALUES (114, 60, 3, 1, '2023-05-31 15:08:35');
INSERT INTO `miscellaneous` VALUES (115, 60, 4, 1, '2023-05-31 15:08:35');
INSERT INTO `miscellaneous` VALUES (116, 60, 5, 1, '2023-05-31 15:08:35');
INSERT INTO `miscellaneous` VALUES (117, 60, 6, 1, '2023-05-31 15:08:35');
INSERT INTO `miscellaneous` VALUES (118, 60, 7, 1, '2023-05-31 15:08:35');
INSERT INTO `miscellaneous` VALUES (119, 60, 8, 1, '2023-05-31 15:08:35');
INSERT INTO `miscellaneous` VALUES (120, 60, 9, 1, '2023-05-31 15:08:35');
INSERT INTO `miscellaneous` VALUES (121, 60, 10, 1, '2023-05-31 15:08:35');
INSERT INTO `miscellaneous` VALUES (122, 61, 3, 1, '2023-05-31 15:08:57');
INSERT INTO `miscellaneous` VALUES (123, 61, 4, 1, '2023-05-31 15:08:57');
INSERT INTO `miscellaneous` VALUES (124, 61, 5, 1, '2023-05-31 15:08:57');
INSERT INTO `miscellaneous` VALUES (125, 61, 6, 1, '2023-05-31 15:08:57');
INSERT INTO `miscellaneous` VALUES (126, 61, 7, 1, '2023-05-31 15:08:57');
INSERT INTO `miscellaneous` VALUES (127, 61, 8, 1, '2023-05-31 15:08:57');
INSERT INTO `miscellaneous` VALUES (128, 61, 9, 1, '2023-05-31 15:08:58');
INSERT INTO `miscellaneous` VALUES (129, 61, 10, 1, '2023-05-31 15:08:58');
INSERT INTO `miscellaneous` VALUES (130, 62, 3, 1, '2023-05-31 15:09:30');
INSERT INTO `miscellaneous` VALUES (131, 62, 4, 1, '2023-05-31 15:09:30');
INSERT INTO `miscellaneous` VALUES (132, 62, 5, 1, '2023-05-31 15:09:30');
INSERT INTO `miscellaneous` VALUES (133, 62, 6, 1, '2023-05-31 15:09:30');
INSERT INTO `miscellaneous` VALUES (134, 62, 7, 1, '2023-05-31 15:09:30');
INSERT INTO `miscellaneous` VALUES (135, 62, 8, 1, '2023-05-31 15:09:30');
INSERT INTO `miscellaneous` VALUES (136, 62, 9, 1, '2023-05-31 15:09:30');
INSERT INTO `miscellaneous` VALUES (137, 62, 10, 1, '2023-05-31 15:09:30');
INSERT INTO `miscellaneous` VALUES (138, 63, 3, 1, '2023-05-31 15:10:07');
INSERT INTO `miscellaneous` VALUES (139, 63, 4, 1, '2023-05-31 15:10:07');
INSERT INTO `miscellaneous` VALUES (140, 63, 5, 1, '2023-05-31 15:10:07');
INSERT INTO `miscellaneous` VALUES (141, 63, 6, 1, '2023-05-31 15:10:07');
INSERT INTO `miscellaneous` VALUES (142, 63, 7, 1, '2023-05-31 15:10:07');
INSERT INTO `miscellaneous` VALUES (143, 63, 8, 1, '2023-05-31 15:10:07');
INSERT INTO `miscellaneous` VALUES (144, 63, 9, 1, '2023-05-31 15:10:07');
INSERT INTO `miscellaneous` VALUES (145, 63, 10, 1, '2023-05-31 15:10:07');
INSERT INTO `miscellaneous` VALUES (146, 64, 3, 1, '2023-05-31 15:10:32');
INSERT INTO `miscellaneous` VALUES (147, 64, 4, 1, '2023-05-31 15:10:32');
INSERT INTO `miscellaneous` VALUES (148, 64, 5, 1, '2023-05-31 15:10:32');
INSERT INTO `miscellaneous` VALUES (149, 64, 6, 1, '2023-05-31 15:10:32');
INSERT INTO `miscellaneous` VALUES (150, 64, 7, 1, '2023-05-31 15:10:32');
INSERT INTO `miscellaneous` VALUES (151, 64, 8, 1, '2023-05-31 15:10:32');
INSERT INTO `miscellaneous` VALUES (152, 64, 9, 1, '2023-05-31 15:10:32');
INSERT INTO `miscellaneous` VALUES (153, 64, 10, 1, '2023-05-31 15:10:32');
INSERT INTO `miscellaneous` VALUES (154, 65, 3, 1, '2023-05-31 15:10:58');
INSERT INTO `miscellaneous` VALUES (155, 65, 4, 1, '2023-05-31 15:10:58');
INSERT INTO `miscellaneous` VALUES (156, 65, 5, 1, '2023-05-31 15:10:58');
INSERT INTO `miscellaneous` VALUES (157, 65, 6, 1, '2023-05-31 15:10:58');
INSERT INTO `miscellaneous` VALUES (158, 65, 7, 1, '2023-05-31 15:10:58');
INSERT INTO `miscellaneous` VALUES (159, 65, 8, 1, '2023-05-31 15:10:58');
INSERT INTO `miscellaneous` VALUES (160, 65, 9, 1, '2023-05-31 15:10:58');
INSERT INTO `miscellaneous` VALUES (161, 65, 10, 1, '2023-05-31 15:10:58');
INSERT INTO `miscellaneous` VALUES (162, 66, 3, 1, '2023-05-31 15:11:34');
INSERT INTO `miscellaneous` VALUES (163, 66, 4, 1, '2023-05-31 15:11:34');
INSERT INTO `miscellaneous` VALUES (164, 66, 5, 1, '2023-05-31 15:11:34');
INSERT INTO `miscellaneous` VALUES (165, 66, 6, 1, '2023-05-31 15:11:34');
INSERT INTO `miscellaneous` VALUES (166, 66, 7, 1, '2023-05-31 15:11:34');
INSERT INTO `miscellaneous` VALUES (167, 66, 8, 1, '2023-05-31 15:11:34');
INSERT INTO `miscellaneous` VALUES (168, 66, 9, 1, '2023-05-31 15:11:34');
INSERT INTO `miscellaneous` VALUES (169, 66, 10, 1, '2023-05-31 15:11:34');
INSERT INTO `miscellaneous` VALUES (170, 67, 3, 1, '2023-05-31 15:11:56');
INSERT INTO `miscellaneous` VALUES (171, 67, 4, 1, '2023-05-31 15:11:56');
INSERT INTO `miscellaneous` VALUES (172, 67, 5, 1, '2023-05-31 15:11:56');
INSERT INTO `miscellaneous` VALUES (173, 67, 6, 0, '2023-05-31 19:47:39');
INSERT INTO `miscellaneous` VALUES (174, 67, 7, 0, '2023-05-31 19:47:39');
INSERT INTO `miscellaneous` VALUES (175, 67, 8, 0, '2023-05-31 19:47:39');
INSERT INTO `miscellaneous` VALUES (176, 67, 9, 0, '2023-05-31 19:47:39');
INSERT INTO `miscellaneous` VALUES (177, 67, 10, 0, '2023-05-31 19:47:39');
INSERT INTO `miscellaneous` VALUES (178, 68, 3, 0, '2023-05-31 19:47:39');
INSERT INTO `miscellaneous` VALUES (179, 68, 4, 0, '2023-05-31 19:47:39');
INSERT INTO `miscellaneous` VALUES (180, 68, 5, 0, '2023-05-31 19:47:39');
INSERT INTO `miscellaneous` VALUES (181, 68, 6, 0, '2023-05-31 19:47:39');
INSERT INTO `miscellaneous` VALUES (182, 68, 7, 0, '2023-05-31 19:47:39');
INSERT INTO `miscellaneous` VALUES (183, 68, 8, 1, '2023-05-31 15:12:16');
INSERT INTO `miscellaneous` VALUES (184, 68, 9, 1, '2023-05-31 15:12:16');
INSERT INTO `miscellaneous` VALUES (185, 68, 10, 1, '2023-05-31 15:12:16');
INSERT INTO `miscellaneous` VALUES (186, 69, 3, 1, '2023-05-31 15:12:55');
INSERT INTO `miscellaneous` VALUES (187, 69, 4, 1, '2023-05-31 15:12:55');
INSERT INTO `miscellaneous` VALUES (188, 69, 5, 1, '2023-05-31 15:12:55');
INSERT INTO `miscellaneous` VALUES (189, 69, 6, 1, '2023-05-31 15:12:55');
INSERT INTO `miscellaneous` VALUES (190, 69, 7, 1, '2023-05-31 15:12:55');
INSERT INTO `miscellaneous` VALUES (191, 69, 8, 1, '2023-05-31 15:12:55');
INSERT INTO `miscellaneous` VALUES (192, 69, 9, 1, '2023-05-31 15:12:55');
INSERT INTO `miscellaneous` VALUES (193, 69, 10, 1, '2023-05-31 15:12:55');
INSERT INTO `miscellaneous` VALUES (194, 70, 3, 1, '2023-05-31 15:14:45');
INSERT INTO `miscellaneous` VALUES (195, 70, 4, 1, '2023-05-31 15:14:45');
INSERT INTO `miscellaneous` VALUES (196, 70, 5, 1, '2023-05-31 15:14:45');
INSERT INTO `miscellaneous` VALUES (197, 70, 6, 0, '2023-05-31 19:37:10');
INSERT INTO `miscellaneous` VALUES (198, 70, 7, 0, '2023-05-31 19:37:10');
INSERT INTO `miscellaneous` VALUES (199, 70, 8, 0, '2023-05-31 19:37:10');
INSERT INTO `miscellaneous` VALUES (200, 70, 9, 0, '2023-05-31 19:37:10');
INSERT INTO `miscellaneous` VALUES (201, 70, 10, 0, '2023-05-31 19:37:10');
INSERT INTO `miscellaneous` VALUES (202, 71, 3, 0, '2023-05-31 19:37:10');
INSERT INTO `miscellaneous` VALUES (203, 71, 4, 1, '2023-05-31 15:15:03');
INSERT INTO `miscellaneous` VALUES (204, 71, 5, 1, '2023-05-31 15:15:03');
INSERT INTO `miscellaneous` VALUES (205, 71, 6, 1, '2023-05-31 15:15:03');
INSERT INTO `miscellaneous` VALUES (206, 71, 7, 1, '2023-05-31 15:15:03');
INSERT INTO `miscellaneous` VALUES (207, 71, 8, 1, '2023-05-31 15:15:03');
INSERT INTO `miscellaneous` VALUES (208, 71, 9, 1, '2023-05-31 15:15:03');
INSERT INTO `miscellaneous` VALUES (209, 71, 10, 1, '2023-05-31 15:15:03');
INSERT INTO `miscellaneous` VALUES (210, 72, 3, 1, '2023-05-31 15:15:21');
INSERT INTO `miscellaneous` VALUES (211, 72, 4, 1, '2023-05-31 15:15:21');
INSERT INTO `miscellaneous` VALUES (212, 72, 5, 1, '2023-05-31 15:15:21');
INSERT INTO `miscellaneous` VALUES (213, 72, 6, 1, '2023-05-31 15:15:21');
INSERT INTO `miscellaneous` VALUES (214, 72, 7, 1, '2023-05-31 15:15:21');
INSERT INTO `miscellaneous` VALUES (215, 72, 8, 1, '2023-05-31 15:15:21');
INSERT INTO `miscellaneous` VALUES (216, 72, 9, 1, '2023-05-31 15:15:21');
INSERT INTO `miscellaneous` VALUES (217, 72, 10, 1, '2023-05-31 15:15:21');
INSERT INTO `miscellaneous` VALUES (218, 73, 3, 1, '2023-05-31 15:15:37');
INSERT INTO `miscellaneous` VALUES (219, 73, 4, 1, '2023-05-31 15:15:37');
INSERT INTO `miscellaneous` VALUES (220, 73, 5, 1, '2023-05-31 15:15:37');
INSERT INTO `miscellaneous` VALUES (221, 73, 6, 1, '2023-05-31 15:15:37');
INSERT INTO `miscellaneous` VALUES (222, 73, 7, 0, '2023-05-31 15:15:37');
INSERT INTO `miscellaneous` VALUES (223, 73, 8, 0, '2023-05-31 15:15:37');
INSERT INTO `miscellaneous` VALUES (224, 73, 9, 0, '2023-05-31 15:15:37');
INSERT INTO `miscellaneous` VALUES (225, 73, 10, 0, '2023-05-31 15:15:37');
INSERT INTO `miscellaneous` VALUES (226, 74, 3, 0, '2023-05-31 15:15:58');
INSERT INTO `miscellaneous` VALUES (227, 74, 4, 1, '2023-05-31 15:15:58');
INSERT INTO `miscellaneous` VALUES (228, 74, 5, 1, '2023-05-31 15:15:58');
INSERT INTO `miscellaneous` VALUES (229, 74, 6, 1, '2023-05-31 15:15:58');
INSERT INTO `miscellaneous` VALUES (230, 74, 7, 1, '2023-05-31 15:15:58');
INSERT INTO `miscellaneous` VALUES (231, 74, 8, 1, '2023-05-31 15:15:58');
INSERT INTO `miscellaneous` VALUES (232, 74, 9, 1, '2023-05-31 15:15:58');
INSERT INTO `miscellaneous` VALUES (233, 74, 10, 1, '2023-05-31 15:15:58');
INSERT INTO `miscellaneous` VALUES (234, 75, 3, 1, '2023-05-31 15:16:18');
INSERT INTO `miscellaneous` VALUES (235, 75, 4, 1, '2023-05-31 15:16:18');
INSERT INTO `miscellaneous` VALUES (236, 75, 5, 1, '2023-05-31 15:16:18');
INSERT INTO `miscellaneous` VALUES (237, 75, 6, 1, '2023-05-31 15:16:18');
INSERT INTO `miscellaneous` VALUES (238, 75, 7, 1, '2023-05-31 15:16:18');
INSERT INTO `miscellaneous` VALUES (239, 75, 8, 1, '2023-05-31 15:16:18');
INSERT INTO `miscellaneous` VALUES (240, 75, 9, 1, '2023-05-31 15:16:18');
INSERT INTO `miscellaneous` VALUES (241, 75, 10, 1, '2023-05-31 15:16:18');
INSERT INTO `miscellaneous` VALUES (242, 76, 3, 1, '2023-05-31 15:16:39');
INSERT INTO `miscellaneous` VALUES (243, 76, 4, 1, '2023-05-31 15:16:39');
INSERT INTO `miscellaneous` VALUES (244, 76, 5, 1, '2023-05-31 15:16:39');
INSERT INTO `miscellaneous` VALUES (245, 76, 6, 1, '2023-05-31 15:16:39');
INSERT INTO `miscellaneous` VALUES (246, 76, 7, 1, '2023-05-31 15:16:39');
INSERT INTO `miscellaneous` VALUES (247, 76, 8, 1, '2023-05-31 15:16:39');
INSERT INTO `miscellaneous` VALUES (248, 76, 9, 1, '2023-05-31 15:16:39');
INSERT INTO `miscellaneous` VALUES (249, 76, 10, 1, '2023-05-31 15:16:39');
INSERT INTO `miscellaneous` VALUES (250, 77, 3, 1, '2023-05-31 15:16:57');
INSERT INTO `miscellaneous` VALUES (251, 77, 4, 1, '2023-05-31 15:16:57');
INSERT INTO `miscellaneous` VALUES (252, 77, 5, 0, '2023-05-31 19:47:39');
INSERT INTO `miscellaneous` VALUES (253, 77, 6, 0, '2023-05-31 19:47:39');
INSERT INTO `miscellaneous` VALUES (254, 77, 7, 0, '2023-05-31 19:47:39');
INSERT INTO `miscellaneous` VALUES (255, 77, 8, 0, '2023-05-31 19:47:39');
INSERT INTO `miscellaneous` VALUES (256, 77, 9, 0, '2023-05-31 19:47:39');
INSERT INTO `miscellaneous` VALUES (257, 77, 10, 0, '2023-05-31 19:47:39');
INSERT INTO `miscellaneous` VALUES (258, 78, 3, 0, '2023-05-31 19:47:39');
INSERT INTO `miscellaneous` VALUES (259, 78, 4, 0, '2023-05-31 19:47:39');
INSERT INTO `miscellaneous` VALUES (260, 78, 5, 0, '2023-05-31 19:47:39');
INSERT INTO `miscellaneous` VALUES (261, 78, 6, 0, '2023-05-31 19:47:39');
INSERT INTO `miscellaneous` VALUES (262, 78, 7, 0, '2023-05-31 19:47:39');
INSERT INTO `miscellaneous` VALUES (263, 78, 8, 0, '2023-05-31 19:47:39');
INSERT INTO `miscellaneous` VALUES (264, 78, 9, 0, '2023-05-31 19:47:39');
INSERT INTO `miscellaneous` VALUES (265, 78, 10, 1, '2023-05-31 15:17:15');
INSERT INTO `miscellaneous` VALUES (266, 79, 3, 1, '2023-05-31 15:17:38');
INSERT INTO `miscellaneous` VALUES (267, 79, 4, 1, '2023-05-31 15:17:38');
INSERT INTO `miscellaneous` VALUES (268, 79, 5, 1, '2023-05-31 15:17:38');
INSERT INTO `miscellaneous` VALUES (269, 79, 6, 1, '2023-05-31 15:17:38');
INSERT INTO `miscellaneous` VALUES (270, 79, 7, 1, '2023-05-31 15:17:38');
INSERT INTO `miscellaneous` VALUES (271, 79, 8, 1, '2023-05-31 15:17:38');
INSERT INTO `miscellaneous` VALUES (272, 79, 9, 1, '2023-05-31 15:17:38');
INSERT INTO `miscellaneous` VALUES (273, 79, 10, 1, '2023-05-31 15:17:38');
INSERT INTO `miscellaneous` VALUES (274, 80, 3, 1, '2023-05-31 15:17:55');
INSERT INTO `miscellaneous` VALUES (275, 80, 4, 1, '2023-05-31 15:17:55');
INSERT INTO `miscellaneous` VALUES (276, 80, 5, 1, '2023-05-31 15:17:55');
INSERT INTO `miscellaneous` VALUES (277, 80, 6, 1, '2023-05-31 15:17:55');
INSERT INTO `miscellaneous` VALUES (278, 80, 7, 1, '2023-05-31 15:17:55');
INSERT INTO `miscellaneous` VALUES (279, 80, 8, 1, '2023-05-31 15:17:55');
INSERT INTO `miscellaneous` VALUES (280, 80, 9, 1, '2023-05-31 15:17:55');
INSERT INTO `miscellaneous` VALUES (281, 80, 10, 1, '2023-05-31 15:17:55');
INSERT INTO `miscellaneous` VALUES (282, 81, 3, 1, '2023-05-31 15:18:13');
INSERT INTO `miscellaneous` VALUES (283, 81, 4, 1, '2023-05-31 15:18:13');
INSERT INTO `miscellaneous` VALUES (284, 81, 5, 1, '2023-05-31 15:18:13');
INSERT INTO `miscellaneous` VALUES (285, 81, 6, 1, '2023-05-31 15:18:13');
INSERT INTO `miscellaneous` VALUES (286, 81, 7, 1, '2023-05-31 15:18:13');
INSERT INTO `miscellaneous` VALUES (287, 81, 8, 1, '2023-05-31 15:18:13');
INSERT INTO `miscellaneous` VALUES (288, 81, 9, 1, '2023-05-31 15:18:13');
INSERT INTO `miscellaneous` VALUES (289, 81, 10, 1, '2023-05-31 15:18:13');
INSERT INTO `miscellaneous` VALUES (290, 82, 3, 1, '2023-05-31 15:18:29');
INSERT INTO `miscellaneous` VALUES (291, 82, 4, 1, '2023-05-31 15:18:29');
INSERT INTO `miscellaneous` VALUES (292, 82, 5, 1, '2023-05-31 15:18:29');
INSERT INTO `miscellaneous` VALUES (293, 82, 6, 1, '2023-05-31 15:18:29');
INSERT INTO `miscellaneous` VALUES (294, 82, 7, 1, '2023-05-31 15:18:29');
INSERT INTO `miscellaneous` VALUES (295, 82, 8, 1, '2023-05-31 15:18:29');
INSERT INTO `miscellaneous` VALUES (296, 82, 9, 1, '2023-05-31 15:18:29');
INSERT INTO `miscellaneous` VALUES (297, 82, 10, 1, '2023-05-31 15:18:29');
INSERT INTO `miscellaneous` VALUES (298, 83, 3, 1, '2023-05-31 15:18:45');
INSERT INTO `miscellaneous` VALUES (299, 83, 4, 1, '2023-05-31 15:18:45');
INSERT INTO `miscellaneous` VALUES (300, 83, 5, 1, '2023-05-31 15:18:45');
INSERT INTO `miscellaneous` VALUES (301, 83, 6, 1, '2023-05-31 15:18:45');
INSERT INTO `miscellaneous` VALUES (302, 83, 7, 1, '2023-05-31 15:18:45');
INSERT INTO `miscellaneous` VALUES (303, 83, 8, 1, '2023-05-31 15:18:45');
INSERT INTO `miscellaneous` VALUES (304, 83, 9, 1, '2023-05-31 15:18:45');
INSERT INTO `miscellaneous` VALUES (305, 83, 10, 1, '2023-05-31 15:18:45');
INSERT INTO `miscellaneous` VALUES (306, 84, 3, 1, '2023-05-31 15:19:02');
INSERT INTO `miscellaneous` VALUES (307, 84, 4, 1, '2023-05-31 15:19:02');
INSERT INTO `miscellaneous` VALUES (308, 84, 5, 1, '2023-05-31 15:19:02');
INSERT INTO `miscellaneous` VALUES (309, 84, 6, 1, '2023-05-31 15:19:02');
INSERT INTO `miscellaneous` VALUES (310, 84, 7, 1, '2023-05-31 15:19:02');
INSERT INTO `miscellaneous` VALUES (311, 84, 8, 1, '2023-05-31 15:19:02');
INSERT INTO `miscellaneous` VALUES (312, 84, 9, 1, '2023-05-31 15:19:02');
INSERT INTO `miscellaneous` VALUES (313, 84, 10, 1, '2023-05-31 15:19:02');
INSERT INTO `miscellaneous` VALUES (314, 85, 3, 1, '2023-05-31 15:19:19');
INSERT INTO `miscellaneous` VALUES (315, 85, 4, 1, '2023-05-31 15:19:19');
INSERT INTO `miscellaneous` VALUES (316, 85, 5, 1, '2023-05-31 15:19:19');
INSERT INTO `miscellaneous` VALUES (317, 85, 6, 1, '2023-05-31 15:19:19');
INSERT INTO `miscellaneous` VALUES (318, 85, 7, 1, '2023-05-31 15:19:19');
INSERT INTO `miscellaneous` VALUES (319, 85, 8, 1, '2023-05-31 15:19:19');
INSERT INTO `miscellaneous` VALUES (320, 85, 9, 1, '2023-05-31 15:19:19');
INSERT INTO `miscellaneous` VALUES (321, 85, 10, 1, '2023-05-31 15:19:19');
INSERT INTO `miscellaneous` VALUES (322, 86, 3, 1, '2023-05-31 15:19:38');
INSERT INTO `miscellaneous` VALUES (323, 86, 4, 1, '2023-05-31 15:19:38');
INSERT INTO `miscellaneous` VALUES (324, 86, 5, 1, '2023-05-31 15:19:38');
INSERT INTO `miscellaneous` VALUES (325, 86, 6, 1, '2023-05-31 15:19:38');
INSERT INTO `miscellaneous` VALUES (326, 86, 7, 1, '2023-05-31 15:19:38');
INSERT INTO `miscellaneous` VALUES (327, 86, 8, 1, '2023-05-31 15:19:38');
INSERT INTO `miscellaneous` VALUES (328, 86, 9, 1, '2023-05-31 15:19:38');
INSERT INTO `miscellaneous` VALUES (329, 86, 10, 1, '2023-05-31 15:19:38');
INSERT INTO `miscellaneous` VALUES (330, 87, 3, 1, '2023-05-31 15:19:56');
INSERT INTO `miscellaneous` VALUES (331, 87, 4, 1, '2023-05-31 15:19:56');
INSERT INTO `miscellaneous` VALUES (332, 87, 5, 1, '2023-05-31 15:19:56');
INSERT INTO `miscellaneous` VALUES (333, 87, 6, 1, '2023-05-31 15:19:56');
INSERT INTO `miscellaneous` VALUES (334, 87, 7, 1, '2023-05-31 15:19:56');
INSERT INTO `miscellaneous` VALUES (335, 87, 8, 1, '2023-05-31 15:19:56');
INSERT INTO `miscellaneous` VALUES (336, 87, 9, 1, '2023-05-31 15:19:56');
INSERT INTO `miscellaneous` VALUES (337, 87, 10, 1, '2023-05-31 15:19:56');
INSERT INTO `miscellaneous` VALUES (338, 88, 3, 1, '2023-05-31 15:20:13');
INSERT INTO `miscellaneous` VALUES (339, 88, 4, 1, '2023-05-31 15:20:13');
INSERT INTO `miscellaneous` VALUES (340, 88, 5, 1, '2023-05-31 15:20:14');
INSERT INTO `miscellaneous` VALUES (341, 88, 6, 1, '2023-05-31 15:20:14');
INSERT INTO `miscellaneous` VALUES (342, 88, 7, 1, '2023-05-31 15:20:14');
INSERT INTO `miscellaneous` VALUES (343, 88, 8, 1, '2023-05-31 15:20:14');
INSERT INTO `miscellaneous` VALUES (344, 88, 9, 1, '2023-05-31 15:20:14');
INSERT INTO `miscellaneous` VALUES (345, 88, 10, 1, '2023-05-31 15:20:14');
INSERT INTO `miscellaneous` VALUES (346, 89, 3, 1, '2023-05-31 15:20:33');
INSERT INTO `miscellaneous` VALUES (347, 89, 4, 1, '2023-05-31 15:20:33');
INSERT INTO `miscellaneous` VALUES (348, 89, 5, 1, '2023-05-31 15:20:33');
INSERT INTO `miscellaneous` VALUES (349, 89, 6, 1, '2023-05-31 15:20:33');
INSERT INTO `miscellaneous` VALUES (350, 89, 7, 1, '2023-05-31 15:20:33');
INSERT INTO `miscellaneous` VALUES (351, 89, 8, 1, '2023-05-31 15:20:33');
INSERT INTO `miscellaneous` VALUES (352, 89, 9, 1, '2023-05-31 15:20:33');
INSERT INTO `miscellaneous` VALUES (353, 89, 10, 1, '2023-05-31 15:20:33');
INSERT INTO `miscellaneous` VALUES (354, 90, 3, 1, '2023-05-31 15:20:49');
INSERT INTO `miscellaneous` VALUES (355, 90, 4, 1, '2023-05-31 15:20:49');
INSERT INTO `miscellaneous` VALUES (356, 90, 5, 1, '2023-05-31 15:20:49');
INSERT INTO `miscellaneous` VALUES (357, 90, 6, 1, '2023-05-31 15:20:49');
INSERT INTO `miscellaneous` VALUES (358, 90, 7, 1, '2023-05-31 15:20:49');
INSERT INTO `miscellaneous` VALUES (359, 90, 8, 1, '2023-05-31 15:20:49');
INSERT INTO `miscellaneous` VALUES (360, 90, 9, 1, '2023-05-31 15:20:49');
INSERT INTO `miscellaneous` VALUES (361, 90, 10, 1, '2023-05-31 15:20:49');
INSERT INTO `miscellaneous` VALUES (362, 91, 3, 1, '2023-05-31 15:21:13');
INSERT INTO `miscellaneous` VALUES (363, 91, 4, 1, '2023-05-31 15:21:13');
INSERT INTO `miscellaneous` VALUES (364, 91, 5, 1, '2023-05-31 15:21:13');
INSERT INTO `miscellaneous` VALUES (365, 91, 6, 1, '2023-05-31 15:21:13');
INSERT INTO `miscellaneous` VALUES (366, 91, 7, 1, '2023-05-31 15:21:13');
INSERT INTO `miscellaneous` VALUES (367, 91, 8, 1, '2023-05-31 15:21:13');
INSERT INTO `miscellaneous` VALUES (368, 91, 9, 1, '2023-05-31 15:21:13');
INSERT INTO `miscellaneous` VALUES (369, 91, 10, 1, '2023-05-31 15:21:13');
INSERT INTO `miscellaneous` VALUES (370, 92, 3, 1, '2023-05-31 15:21:30');
INSERT INTO `miscellaneous` VALUES (371, 92, 4, 1, '2023-05-31 15:21:30');
INSERT INTO `miscellaneous` VALUES (372, 92, 5, 1, '2023-05-31 15:21:30');
INSERT INTO `miscellaneous` VALUES (373, 92, 6, 1, '2023-05-31 15:21:30');
INSERT INTO `miscellaneous` VALUES (374, 92, 7, 1, '2023-05-31 15:21:30');
INSERT INTO `miscellaneous` VALUES (375, 92, 8, 1, '2023-05-31 15:21:30');
INSERT INTO `miscellaneous` VALUES (376, 92, 9, 1, '2023-05-31 15:21:30');
INSERT INTO `miscellaneous` VALUES (377, 92, 10, 1, '2023-05-31 15:21:30');
INSERT INTO `miscellaneous` VALUES (378, 93, 3, 1, '2023-05-31 15:21:49');
INSERT INTO `miscellaneous` VALUES (379, 93, 4, 1, '2023-05-31 15:21:49');
INSERT INTO `miscellaneous` VALUES (380, 93, 5, 1, '2023-05-31 15:21:49');
INSERT INTO `miscellaneous` VALUES (381, 93, 6, 1, '2023-05-31 15:21:49');
INSERT INTO `miscellaneous` VALUES (382, 93, 7, 1, '2023-05-31 15:21:49');
INSERT INTO `miscellaneous` VALUES (383, 93, 8, 1, '2023-05-31 15:21:49');
INSERT INTO `miscellaneous` VALUES (384, 93, 9, 1, '2023-05-31 15:21:49');
INSERT INTO `miscellaneous` VALUES (385, 93, 10, 1, '2023-05-31 15:21:49');
INSERT INTO `miscellaneous` VALUES (386, 94, 3, 1, '2023-05-31 15:22:09');
INSERT INTO `miscellaneous` VALUES (387, 94, 4, 1, '2023-05-31 15:22:09');
INSERT INTO `miscellaneous` VALUES (388, 94, 5, 1, '2023-05-31 15:22:09');
INSERT INTO `miscellaneous` VALUES (389, 94, 6, 1, '2023-05-31 15:22:09');
INSERT INTO `miscellaneous` VALUES (390, 94, 7, 1, '2023-05-31 15:22:09');
INSERT INTO `miscellaneous` VALUES (391, 94, 8, 1, '2023-05-31 15:22:09');
INSERT INTO `miscellaneous` VALUES (392, 94, 9, 1, '2023-05-31 15:22:09');
INSERT INTO `miscellaneous` VALUES (393, 94, 10, 1, '2023-05-31 15:22:09');
INSERT INTO `miscellaneous` VALUES (394, 95, 3, 1, '2023-05-31 15:22:24');
INSERT INTO `miscellaneous` VALUES (395, 95, 4, 1, '2023-05-31 15:22:24');
INSERT INTO `miscellaneous` VALUES (396, 95, 5, 1, '2023-05-31 15:22:24');
INSERT INTO `miscellaneous` VALUES (397, 95, 6, 1, '2023-05-31 15:22:24');
INSERT INTO `miscellaneous` VALUES (398, 95, 7, 1, '2023-05-31 15:22:24');
INSERT INTO `miscellaneous` VALUES (399, 95, 8, 1, '2023-05-31 15:22:24');
INSERT INTO `miscellaneous` VALUES (400, 95, 9, 1, '2023-05-31 15:22:24');
INSERT INTO `miscellaneous` VALUES (401, 95, 10, 1, '2023-05-31 15:22:24');
INSERT INTO `miscellaneous` VALUES (402, 96, 3, 1, '2023-05-31 15:23:03');
INSERT INTO `miscellaneous` VALUES (403, 96, 4, 1, '2023-05-31 15:23:03');
INSERT INTO `miscellaneous` VALUES (404, 96, 5, 1, '2023-05-31 15:23:03');
INSERT INTO `miscellaneous` VALUES (405, 96, 6, 1, '2023-05-31 15:23:03');
INSERT INTO `miscellaneous` VALUES (406, 96, 7, 1, '2023-05-31 15:23:03');
INSERT INTO `miscellaneous` VALUES (407, 96, 8, 1, '2023-05-31 15:23:03');
INSERT INTO `miscellaneous` VALUES (408, 96, 9, 1, '2023-05-31 15:23:03');
INSERT INTO `miscellaneous` VALUES (409, 96, 10, 1, '2023-05-31 15:23:03');
INSERT INTO `miscellaneous` VALUES (410, 97, 3, 1, '2023-05-31 15:23:22');
INSERT INTO `miscellaneous` VALUES (411, 97, 4, 1, '2023-05-31 15:23:22');
INSERT INTO `miscellaneous` VALUES (412, 97, 5, 1, '2023-05-31 15:23:22');
INSERT INTO `miscellaneous` VALUES (413, 97, 6, 1, '2023-05-31 15:23:22');
INSERT INTO `miscellaneous` VALUES (414, 97, 7, 1, '2023-05-31 15:23:22');
INSERT INTO `miscellaneous` VALUES (415, 97, 8, 1, '2023-05-31 15:23:22');
INSERT INTO `miscellaneous` VALUES (416, 97, 9, 1, '2023-05-31 15:23:23');
INSERT INTO `miscellaneous` VALUES (417, 97, 10, 1, '2023-05-31 15:23:23');
INSERT INTO `miscellaneous` VALUES (418, 98, 3, 1, '2023-05-31 15:23:37');
INSERT INTO `miscellaneous` VALUES (419, 98, 4, 1, '2023-05-31 15:23:37');
INSERT INTO `miscellaneous` VALUES (420, 98, 5, 1, '2023-05-31 15:23:37');
INSERT INTO `miscellaneous` VALUES (421, 98, 6, 1, '2023-05-31 15:23:37');
INSERT INTO `miscellaneous` VALUES (422, 98, 7, 1, '2023-05-31 15:23:37');
INSERT INTO `miscellaneous` VALUES (423, 98, 8, 1, '2023-05-31 15:23:37');
INSERT INTO `miscellaneous` VALUES (424, 98, 9, 1, '2023-05-31 15:23:37');
INSERT INTO `miscellaneous` VALUES (425, 98, 10, 1, '2023-05-31 15:23:37');
INSERT INTO `miscellaneous` VALUES (426, 99, 3, 1, '2023-05-31 15:23:56');
INSERT INTO `miscellaneous` VALUES (427, 99, 4, 1, '2023-05-31 15:23:56');
INSERT INTO `miscellaneous` VALUES (428, 99, 5, 1, '2023-05-31 15:23:56');
INSERT INTO `miscellaneous` VALUES (429, 99, 6, 1, '2023-05-31 15:23:56');
INSERT INTO `miscellaneous` VALUES (430, 99, 7, 1, '2023-05-31 15:23:56');
INSERT INTO `miscellaneous` VALUES (431, 99, 8, 1, '2023-05-31 15:23:56');
INSERT INTO `miscellaneous` VALUES (432, 99, 9, 1, '2023-05-31 15:23:56');
INSERT INTO `miscellaneous` VALUES (433, 99, 10, 1, '2023-05-31 15:23:56');
INSERT INTO `miscellaneous` VALUES (434, 100, 3, 1, '2023-05-31 15:24:10');
INSERT INTO `miscellaneous` VALUES (435, 100, 4, 1, '2023-05-31 15:24:10');
INSERT INTO `miscellaneous` VALUES (436, 100, 5, 1, '2023-05-31 15:24:10');
INSERT INTO `miscellaneous` VALUES (437, 100, 6, 1, '2023-05-31 15:24:10');
INSERT INTO `miscellaneous` VALUES (438, 100, 7, 1, '2023-05-31 15:24:10');
INSERT INTO `miscellaneous` VALUES (439, 100, 8, 1, '2023-05-31 15:24:10');
INSERT INTO `miscellaneous` VALUES (440, 100, 9, 1, '2023-05-31 15:24:11');
INSERT INTO `miscellaneous` VALUES (441, 100, 10, 1, '2023-05-31 15:24:11');
INSERT INTO `miscellaneous` VALUES (442, 101, 3, 1, '2023-05-31 15:24:28');
INSERT INTO `miscellaneous` VALUES (443, 101, 4, 1, '2023-05-31 15:24:28');
INSERT INTO `miscellaneous` VALUES (444, 101, 5, 1, '2023-05-31 15:24:28');
INSERT INTO `miscellaneous` VALUES (445, 101, 6, 1, '2023-05-31 15:24:28');
INSERT INTO `miscellaneous` VALUES (446, 101, 7, 1, '2023-05-31 15:24:28');
INSERT INTO `miscellaneous` VALUES (447, 101, 8, 1, '2023-05-31 15:24:28');
INSERT INTO `miscellaneous` VALUES (448, 101, 9, 1, '2023-05-31 15:24:28');
INSERT INTO `miscellaneous` VALUES (449, 101, 10, 1, '2023-05-31 15:24:28');
INSERT INTO `miscellaneous` VALUES (450, 102, 3, 1, '2023-05-31 15:24:43');
INSERT INTO `miscellaneous` VALUES (451, 102, 4, 1, '2023-05-31 15:24:43');
INSERT INTO `miscellaneous` VALUES (452, 102, 5, 1, '2023-05-31 15:24:43');
INSERT INTO `miscellaneous` VALUES (453, 102, 6, 1, '2023-05-31 15:24:43');
INSERT INTO `miscellaneous` VALUES (454, 102, 7, 1, '2023-05-31 15:24:43');
INSERT INTO `miscellaneous` VALUES (455, 102, 8, 1, '2023-05-31 15:24:43');
INSERT INTO `miscellaneous` VALUES (456, 102, 9, 1, '2023-05-31 15:24:43');
INSERT INTO `miscellaneous` VALUES (457, 102, 10, 1, '2023-05-31 15:24:43');
INSERT INTO `miscellaneous` VALUES (458, 103, 3, 1, '2023-05-31 15:24:57');
INSERT INTO `miscellaneous` VALUES (459, 103, 4, 1, '2023-05-31 15:24:57');
INSERT INTO `miscellaneous` VALUES (460, 103, 5, 1, '2023-05-31 15:24:57');
INSERT INTO `miscellaneous` VALUES (461, 103, 6, 1, '2023-05-31 15:24:57');
INSERT INTO `miscellaneous` VALUES (462, 103, 7, 1, '2023-05-31 15:24:57');
INSERT INTO `miscellaneous` VALUES (463, 103, 8, 1, '2023-05-31 15:24:57');
INSERT INTO `miscellaneous` VALUES (464, 103, 9, 1, '2023-05-31 15:24:57');
INSERT INTO `miscellaneous` VALUES (465, 103, 10, 1, '2023-05-31 15:24:57');
INSERT INTO `miscellaneous` VALUES (466, 104, 3, 1, '2023-05-31 15:25:18');
INSERT INTO `miscellaneous` VALUES (467, 104, 4, 1, '2023-05-31 15:25:18');
INSERT INTO `miscellaneous` VALUES (468, 104, 5, 1, '2023-05-31 15:25:18');
INSERT INTO `miscellaneous` VALUES (469, 104, 6, 1, '2023-05-31 15:25:18');
INSERT INTO `miscellaneous` VALUES (470, 104, 7, 1, '2023-05-31 15:25:18');
INSERT INTO `miscellaneous` VALUES (471, 104, 8, 1, '2023-05-31 15:25:18');
INSERT INTO `miscellaneous` VALUES (472, 104, 9, 1, '2023-05-31 15:25:18');
INSERT INTO `miscellaneous` VALUES (473, 104, 10, 1, '2023-05-31 15:25:18');
INSERT INTO `miscellaneous` VALUES (474, 105, 3, 1, '2023-05-31 15:25:34');
INSERT INTO `miscellaneous` VALUES (475, 105, 4, 1, '2023-05-31 15:25:34');
INSERT INTO `miscellaneous` VALUES (476, 105, 5, 1, '2023-05-31 15:25:34');
INSERT INTO `miscellaneous` VALUES (477, 105, 6, 1, '2023-05-31 15:25:34');
INSERT INTO `miscellaneous` VALUES (478, 105, 7, 1, '2023-05-31 15:25:34');
INSERT INTO `miscellaneous` VALUES (479, 105, 8, 1, '2023-05-31 15:25:34');
INSERT INTO `miscellaneous` VALUES (480, 105, 9, 1, '2023-05-31 15:25:35');
INSERT INTO `miscellaneous` VALUES (481, 105, 10, 1, '2023-05-31 15:25:35');
INSERT INTO `miscellaneous` VALUES (482, 106, 3, 1, '2023-05-31 15:25:53');
INSERT INTO `miscellaneous` VALUES (483, 106, 4, 1, '2023-05-31 15:25:53');
INSERT INTO `miscellaneous` VALUES (484, 106, 5, 1, '2023-05-31 15:25:53');
INSERT INTO `miscellaneous` VALUES (485, 106, 6, 1, '2023-05-31 15:25:53');
INSERT INTO `miscellaneous` VALUES (486, 106, 7, 1, '2023-05-31 15:25:53');
INSERT INTO `miscellaneous` VALUES (487, 106, 8, 1, '2023-05-31 15:25:53');
INSERT INTO `miscellaneous` VALUES (488, 106, 9, 1, '2023-05-31 15:25:53');
INSERT INTO `miscellaneous` VALUES (489, 106, 10, 1, '2023-05-31 15:25:53');
INSERT INTO `miscellaneous` VALUES (490, 107, 3, 1, '2023-05-31 15:26:10');
INSERT INTO `miscellaneous` VALUES (491, 107, 4, 1, '2023-05-31 15:26:10');
INSERT INTO `miscellaneous` VALUES (492, 107, 5, 1, '2023-05-31 15:26:10');
INSERT INTO `miscellaneous` VALUES (493, 107, 6, 1, '2023-05-31 15:26:10');
INSERT INTO `miscellaneous` VALUES (494, 107, 7, 1, '2023-05-31 15:26:10');
INSERT INTO `miscellaneous` VALUES (495, 107, 8, 1, '2023-05-31 15:26:10');
INSERT INTO `miscellaneous` VALUES (496, 107, 9, 1, '2023-05-31 15:26:10');
INSERT INTO `miscellaneous` VALUES (497, 107, 10, 1, '2023-05-31 15:26:10');
INSERT INTO `miscellaneous` VALUES (498, 108, 3, 1, '2023-05-31 15:26:28');
INSERT INTO `miscellaneous` VALUES (499, 108, 4, 1, '2023-05-31 15:26:28');
INSERT INTO `miscellaneous` VALUES (500, 108, 5, 1, '2023-05-31 15:26:28');
INSERT INTO `miscellaneous` VALUES (501, 108, 6, 1, '2023-05-31 15:26:28');
INSERT INTO `miscellaneous` VALUES (502, 108, 7, 1, '2023-05-31 15:26:28');
INSERT INTO `miscellaneous` VALUES (503, 108, 8, 1, '2023-05-31 15:26:28');
INSERT INTO `miscellaneous` VALUES (504, 108, 9, 1, '2023-05-31 15:26:28');
INSERT INTO `miscellaneous` VALUES (505, 108, 10, 1, '2023-05-31 15:26:28');
INSERT INTO `miscellaneous` VALUES (506, 109, 3, 1, '2023-05-31 15:26:43');
INSERT INTO `miscellaneous` VALUES (507, 109, 4, 1, '2023-05-31 15:26:43');
INSERT INTO `miscellaneous` VALUES (508, 109, 5, 1, '2023-05-31 15:26:43');
INSERT INTO `miscellaneous` VALUES (509, 109, 6, 1, '2023-05-31 15:26:43');
INSERT INTO `miscellaneous` VALUES (510, 109, 7, 1, '2023-05-31 15:26:43');
INSERT INTO `miscellaneous` VALUES (511, 109, 8, 1, '2023-05-31 15:26:44');
INSERT INTO `miscellaneous` VALUES (512, 109, 9, 1, '2023-05-31 15:26:44');
INSERT INTO `miscellaneous` VALUES (513, 109, 10, 1, '2023-05-31 15:26:44');
INSERT INTO `miscellaneous` VALUES (514, 110, 3, 1, '2023-05-31 15:26:59');
INSERT INTO `miscellaneous` VALUES (515, 110, 4, 1, '2023-05-31 15:26:59');
INSERT INTO `miscellaneous` VALUES (516, 110, 5, 1, '2023-05-31 15:26:59');
INSERT INTO `miscellaneous` VALUES (517, 110, 6, 1, '2023-05-31 15:26:59');
INSERT INTO `miscellaneous` VALUES (518, 110, 7, 1, '2023-05-31 15:26:59');
INSERT INTO `miscellaneous` VALUES (519, 110, 8, 1, '2023-05-31 15:26:59');
INSERT INTO `miscellaneous` VALUES (520, 110, 9, 1, '2023-05-31 15:26:59');
INSERT INTO `miscellaneous` VALUES (521, 110, 10, 1, '2023-05-31 15:26:59');
INSERT INTO `miscellaneous` VALUES (522, 111, 3, 1, '2023-05-31 15:27:15');
INSERT INTO `miscellaneous` VALUES (523, 111, 4, 1, '2023-05-31 15:27:15');
INSERT INTO `miscellaneous` VALUES (524, 111, 5, 1, '2023-05-31 15:27:15');
INSERT INTO `miscellaneous` VALUES (525, 111, 6, 1, '2023-05-31 15:27:15');
INSERT INTO `miscellaneous` VALUES (526, 111, 7, 1, '2023-05-31 15:27:15');
INSERT INTO `miscellaneous` VALUES (527, 111, 8, 1, '2023-05-31 15:27:15');
INSERT INTO `miscellaneous` VALUES (528, 111, 9, 1, '2023-05-31 15:27:15');
INSERT INTO `miscellaneous` VALUES (529, 111, 10, 1, '2023-05-31 15:27:15');
INSERT INTO `miscellaneous` VALUES (530, 112, 3, 1, '2023-05-31 15:27:37');
INSERT INTO `miscellaneous` VALUES (531, 112, 4, 1, '2023-05-31 15:27:37');
INSERT INTO `miscellaneous` VALUES (532, 112, 5, 1, '2023-05-31 15:27:37');
INSERT INTO `miscellaneous` VALUES (533, 112, 6, 1, '2023-05-31 15:27:37');
INSERT INTO `miscellaneous` VALUES (534, 112, 7, 1, '2023-05-31 15:27:37');
INSERT INTO `miscellaneous` VALUES (535, 112, 8, 1, '2023-05-31 15:27:37');
INSERT INTO `miscellaneous` VALUES (536, 112, 9, 1, '2023-05-31 15:27:37');
INSERT INTO `miscellaneous` VALUES (537, 112, 10, 1, '2023-05-31 15:27:37');
INSERT INTO `miscellaneous` VALUES (538, 113, 3, 1, '2023-05-31 15:27:53');
INSERT INTO `miscellaneous` VALUES (539, 113, 4, 1, '2023-05-31 15:27:53');
INSERT INTO `miscellaneous` VALUES (540, 113, 5, 1, '2023-05-31 15:27:53');
INSERT INTO `miscellaneous` VALUES (541, 113, 6, 1, '2023-05-31 15:27:53');
INSERT INTO `miscellaneous` VALUES (542, 113, 7, 1, '2023-05-31 15:27:53');
INSERT INTO `miscellaneous` VALUES (543, 113, 8, 1, '2023-05-31 15:27:53');
INSERT INTO `miscellaneous` VALUES (544, 113, 9, 1, '2023-05-31 15:27:53');
INSERT INTO `miscellaneous` VALUES (545, 113, 10, 1, '2023-05-31 15:27:53');
INSERT INTO `miscellaneous` VALUES (546, 114, 3, 1, '2023-05-31 15:28:08');
INSERT INTO `miscellaneous` VALUES (547, 114, 4, 1, '2023-05-31 15:28:08');
INSERT INTO `miscellaneous` VALUES (548, 114, 5, 1, '2023-05-31 15:28:08');
INSERT INTO `miscellaneous` VALUES (549, 114, 6, 1, '2023-05-31 15:28:08');
INSERT INTO `miscellaneous` VALUES (550, 114, 7, 1, '2023-05-31 15:28:08');
INSERT INTO `miscellaneous` VALUES (551, 114, 8, 1, '2023-05-31 15:28:08');
INSERT INTO `miscellaneous` VALUES (552, 114, 9, 1, '2023-05-31 15:28:08');
INSERT INTO `miscellaneous` VALUES (553, 114, 10, 1, '2023-05-31 15:28:08');
INSERT INTO `miscellaneous` VALUES (554, 115, 3, 1, '2023-05-31 15:28:27');
INSERT INTO `miscellaneous` VALUES (555, 115, 4, 1, '2023-05-31 15:28:27');
INSERT INTO `miscellaneous` VALUES (556, 115, 5, 1, '2023-05-31 15:28:27');
INSERT INTO `miscellaneous` VALUES (557, 115, 6, 1, '2023-05-31 15:28:27');
INSERT INTO `miscellaneous` VALUES (558, 115, 7, 1, '2023-05-31 15:28:27');
INSERT INTO `miscellaneous` VALUES (559, 115, 8, 1, '2023-05-31 15:28:27');
INSERT INTO `miscellaneous` VALUES (560, 115, 9, 1, '2023-05-31 15:28:27');
INSERT INTO `miscellaneous` VALUES (561, 115, 10, 1, '2023-05-31 15:28:27');
INSERT INTO `miscellaneous` VALUES (562, 116, 3, 1, '2023-05-31 15:28:45');
INSERT INTO `miscellaneous` VALUES (563, 116, 4, 1, '2023-05-31 15:28:45');
INSERT INTO `miscellaneous` VALUES (564, 116, 5, 1, '2023-05-31 15:28:45');
INSERT INTO `miscellaneous` VALUES (565, 116, 6, 1, '2023-05-31 15:28:45');
INSERT INTO `miscellaneous` VALUES (566, 116, 7, 1, '2023-05-31 15:28:45');
INSERT INTO `miscellaneous` VALUES (567, 116, 8, 1, '2023-05-31 15:28:45');
INSERT INTO `miscellaneous` VALUES (568, 116, 9, 1, '2023-05-31 15:28:45');
INSERT INTO `miscellaneous` VALUES (569, 116, 10, 1, '2023-05-31 15:28:45');
INSERT INTO `miscellaneous` VALUES (570, 117, 3, 1, '2023-05-31 15:29:00');
INSERT INTO `miscellaneous` VALUES (571, 117, 4, 1, '2023-05-31 15:29:00');
INSERT INTO `miscellaneous` VALUES (572, 117, 5, 1, '2023-05-31 15:29:00');
INSERT INTO `miscellaneous` VALUES (573, 117, 6, 1, '2023-05-31 15:29:00');
INSERT INTO `miscellaneous` VALUES (574, 117, 7, 1, '2023-05-31 15:29:00');
INSERT INTO `miscellaneous` VALUES (575, 117, 8, 1, '2023-05-31 15:29:00');
INSERT INTO `miscellaneous` VALUES (576, 117, 9, 1, '2023-05-31 15:29:00');
INSERT INTO `miscellaneous` VALUES (577, 117, 10, 1, '2023-05-31 15:29:00');
INSERT INTO `miscellaneous` VALUES (578, 118, 3, 1, '2023-05-31 15:29:15');
INSERT INTO `miscellaneous` VALUES (579, 118, 4, 1, '2023-05-31 15:29:15');
INSERT INTO `miscellaneous` VALUES (580, 118, 5, 1, '2023-05-31 15:29:15');
INSERT INTO `miscellaneous` VALUES (581, 118, 6, 1, '2023-05-31 15:29:15');
INSERT INTO `miscellaneous` VALUES (582, 118, 7, 1, '2023-05-31 15:29:15');
INSERT INTO `miscellaneous` VALUES (583, 118, 8, 1, '2023-05-31 15:29:15');
INSERT INTO `miscellaneous` VALUES (584, 118, 9, 1, '2023-05-31 15:29:15');
INSERT INTO `miscellaneous` VALUES (585, 118, 10, 1, '2023-05-31 15:29:15');
INSERT INTO `miscellaneous` VALUES (586, 119, 3, 1, '2023-05-31 15:29:31');
INSERT INTO `miscellaneous` VALUES (587, 119, 4, 1, '2023-05-31 15:29:31');
INSERT INTO `miscellaneous` VALUES (588, 119, 5, 1, '2023-05-31 15:29:31');
INSERT INTO `miscellaneous` VALUES (589, 119, 6, 1, '2023-05-31 15:29:31');
INSERT INTO `miscellaneous` VALUES (590, 119, 7, 1, '2023-05-31 15:29:31');
INSERT INTO `miscellaneous` VALUES (591, 119, 8, 1, '2023-05-31 15:29:32');
INSERT INTO `miscellaneous` VALUES (592, 119, 9, 1, '2023-05-31 15:29:32');
INSERT INTO `miscellaneous` VALUES (593, 119, 10, 1, '2023-05-31 15:29:32');
INSERT INTO `miscellaneous` VALUES (594, 120, 3, 1, '2023-05-31 15:29:54');
INSERT INTO `miscellaneous` VALUES (595, 120, 4, 1, '2023-05-31 15:29:54');
INSERT INTO `miscellaneous` VALUES (596, 120, 5, 1, '2023-05-31 15:29:54');
INSERT INTO `miscellaneous` VALUES (597, 120, 6, 1, '2023-05-31 15:29:54');
INSERT INTO `miscellaneous` VALUES (598, 120, 7, 1, '2023-05-31 15:29:54');
INSERT INTO `miscellaneous` VALUES (599, 120, 8, 1, '2023-05-31 15:29:54');
INSERT INTO `miscellaneous` VALUES (600, 120, 9, 1, '2023-05-31 15:29:54');
INSERT INTO `miscellaneous` VALUES (601, 120, 10, 1, '2023-05-31 15:29:54');
INSERT INTO `miscellaneous` VALUES (602, 121, 3, 1, '2023-05-31 15:30:09');
INSERT INTO `miscellaneous` VALUES (603, 121, 4, 1, '2023-05-31 15:30:09');
INSERT INTO `miscellaneous` VALUES (604, 121, 5, 1, '2023-05-31 15:30:10');
INSERT INTO `miscellaneous` VALUES (605, 121, 6, 1, '2023-05-31 15:30:10');
INSERT INTO `miscellaneous` VALUES (606, 121, 7, 1, '2023-05-31 15:30:10');
INSERT INTO `miscellaneous` VALUES (607, 121, 8, 1, '2023-05-31 15:30:10');
INSERT INTO `miscellaneous` VALUES (608, 121, 9, 1, '2023-05-31 15:30:10');
INSERT INTO `miscellaneous` VALUES (609, 121, 10, 1, '2023-05-31 15:30:10');
INSERT INTO `miscellaneous` VALUES (610, 122, 3, 1, '2023-05-31 15:30:26');
INSERT INTO `miscellaneous` VALUES (611, 122, 4, 1, '2023-05-31 15:30:26');
INSERT INTO `miscellaneous` VALUES (612, 122, 5, 1, '2023-05-31 15:30:26');
INSERT INTO `miscellaneous` VALUES (613, 122, 6, 1, '2023-05-31 15:30:27');
INSERT INTO `miscellaneous` VALUES (614, 122, 7, 1, '2023-05-31 15:30:27');
INSERT INTO `miscellaneous` VALUES (615, 122, 8, 1, '2023-05-31 15:30:27');
INSERT INTO `miscellaneous` VALUES (616, 122, 9, 1, '2023-05-31 15:30:27');
INSERT INTO `miscellaneous` VALUES (617, 122, 10, 1, '2023-05-31 15:30:27');
INSERT INTO `miscellaneous` VALUES (618, 123, 3, 1, '2023-05-31 15:30:45');
INSERT INTO `miscellaneous` VALUES (619, 123, 4, 1, '2023-05-31 15:30:45');
INSERT INTO `miscellaneous` VALUES (620, 123, 5, 1, '2023-05-31 15:30:45');
INSERT INTO `miscellaneous` VALUES (621, 123, 6, 1, '2023-05-31 15:30:45');
INSERT INTO `miscellaneous` VALUES (622, 123, 7, 1, '2023-05-31 15:30:45');
INSERT INTO `miscellaneous` VALUES (623, 123, 8, 1, '2023-05-31 15:30:45');
INSERT INTO `miscellaneous` VALUES (624, 123, 9, 1, '2023-05-31 15:30:45');
INSERT INTO `miscellaneous` VALUES (625, 123, 10, 1, '2023-05-31 15:30:45');
INSERT INTO `miscellaneous` VALUES (626, 124, 3, 1, '2023-05-31 15:31:17');
INSERT INTO `miscellaneous` VALUES (627, 124, 4, 1, '2023-05-31 15:31:17');
INSERT INTO `miscellaneous` VALUES (628, 124, 5, 1, '2023-05-31 15:31:17');
INSERT INTO `miscellaneous` VALUES (629, 124, 6, 1, '2023-05-31 15:31:17');
INSERT INTO `miscellaneous` VALUES (630, 124, 7, 1, '2023-05-31 15:31:17');
INSERT INTO `miscellaneous` VALUES (631, 124, 8, 1, '2023-05-31 15:31:17');
INSERT INTO `miscellaneous` VALUES (632, 124, 9, 1, '2023-05-31 15:31:17');
INSERT INTO `miscellaneous` VALUES (633, 124, 10, 1, '2023-05-31 15:31:17');
INSERT INTO `miscellaneous` VALUES (634, 125, 3, 1, '2023-05-31 15:31:35');
INSERT INTO `miscellaneous` VALUES (635, 125, 4, 1, '2023-05-31 15:31:35');
INSERT INTO `miscellaneous` VALUES (636, 125, 5, 1, '2023-05-31 15:31:35');
INSERT INTO `miscellaneous` VALUES (637, 125, 6, 1, '2023-05-31 15:31:35');
INSERT INTO `miscellaneous` VALUES (638, 125, 7, 1, '2023-05-31 15:31:35');
INSERT INTO `miscellaneous` VALUES (639, 125, 8, 1, '2023-05-31 15:31:35');
INSERT INTO `miscellaneous` VALUES (640, 125, 9, 1, '2023-05-31 15:31:35');
INSERT INTO `miscellaneous` VALUES (641, 125, 10, 1, '2023-05-31 15:31:35');
INSERT INTO `miscellaneous` VALUES (642, 126, 3, 1, '2023-05-31 15:31:54');
INSERT INTO `miscellaneous` VALUES (643, 126, 4, 1, '2023-05-31 15:31:54');
INSERT INTO `miscellaneous` VALUES (644, 126, 5, 1, '2023-05-31 15:31:54');
INSERT INTO `miscellaneous` VALUES (645, 126, 6, 1, '2023-05-31 15:31:54');
INSERT INTO `miscellaneous` VALUES (646, 126, 7, 1, '2023-05-31 15:31:54');
INSERT INTO `miscellaneous` VALUES (647, 126, 8, 1, '2023-05-31 15:31:54');
INSERT INTO `miscellaneous` VALUES (648, 126, 9, 1, '2023-05-31 15:31:54');
INSERT INTO `miscellaneous` VALUES (649, 126, 10, 1, '2023-05-31 15:31:54');
INSERT INTO `miscellaneous` VALUES (650, 127, 3, 1, '2023-05-31 15:32:11');
INSERT INTO `miscellaneous` VALUES (651, 127, 4, 1, '2023-05-31 15:32:11');
INSERT INTO `miscellaneous` VALUES (652, 127, 5, 1, '2023-05-31 15:32:11');
INSERT INTO `miscellaneous` VALUES (653, 127, 6, 1, '2023-05-31 15:32:11');
INSERT INTO `miscellaneous` VALUES (654, 127, 7, 1, '2023-05-31 15:32:11');
INSERT INTO `miscellaneous` VALUES (655, 127, 8, 1, '2023-05-31 15:32:11');
INSERT INTO `miscellaneous` VALUES (656, 127, 9, 1, '2023-05-31 15:32:11');
INSERT INTO `miscellaneous` VALUES (657, 127, 10, 1, '2023-05-31 15:32:11');
INSERT INTO `miscellaneous` VALUES (658, 128, 3, 1, '2023-05-31 15:32:25');
INSERT INTO `miscellaneous` VALUES (659, 128, 4, 1, '2023-05-31 15:32:25');
INSERT INTO `miscellaneous` VALUES (660, 128, 5, 1, '2023-05-31 15:32:25');
INSERT INTO `miscellaneous` VALUES (661, 128, 6, 1, '2023-05-31 15:32:25');
INSERT INTO `miscellaneous` VALUES (662, 128, 7, 1, '2023-05-31 15:32:25');
INSERT INTO `miscellaneous` VALUES (663, 128, 8, 1, '2023-05-31 15:32:25');
INSERT INTO `miscellaneous` VALUES (664, 128, 9, 1, '2023-05-31 15:32:25');
INSERT INTO `miscellaneous` VALUES (665, 128, 10, 1, '2023-05-31 15:32:25');
INSERT INTO `miscellaneous` VALUES (666, 129, 3, 1, '2023-05-31 15:32:41');
INSERT INTO `miscellaneous` VALUES (667, 129, 4, 1, '2023-05-31 15:32:41');
INSERT INTO `miscellaneous` VALUES (668, 129, 5, 1, '2023-05-31 15:32:41');
INSERT INTO `miscellaneous` VALUES (669, 129, 6, 1, '2023-05-31 15:32:41');
INSERT INTO `miscellaneous` VALUES (670, 129, 7, 1, '2023-05-31 15:32:41');
INSERT INTO `miscellaneous` VALUES (671, 129, 8, 1, '2023-05-31 15:32:41');
INSERT INTO `miscellaneous` VALUES (672, 129, 9, 1, '2023-05-31 15:32:41');
INSERT INTO `miscellaneous` VALUES (673, 129, 10, 1, '2023-05-31 15:32:41');
INSERT INTO `miscellaneous` VALUES (674, 130, 3, 1, '2023-05-31 15:32:58');
INSERT INTO `miscellaneous` VALUES (675, 130, 4, 1, '2023-05-31 15:32:58');
INSERT INTO `miscellaneous` VALUES (676, 130, 5, 1, '2023-05-31 15:32:58');
INSERT INTO `miscellaneous` VALUES (677, 130, 6, 1, '2023-05-31 15:32:58');
INSERT INTO `miscellaneous` VALUES (678, 130, 7, 1, '2023-05-31 15:32:58');
INSERT INTO `miscellaneous` VALUES (679, 130, 8, 1, '2023-05-31 15:32:58');
INSERT INTO `miscellaneous` VALUES (680, 130, 9, 1, '2023-05-31 15:32:58');
INSERT INTO `miscellaneous` VALUES (681, 130, 10, 1, '2023-05-31 15:32:58');
INSERT INTO `miscellaneous` VALUES (682, 131, 3, 1, '2023-05-31 15:33:14');
INSERT INTO `miscellaneous` VALUES (683, 131, 4, 1, '2023-05-31 15:33:14');
INSERT INTO `miscellaneous` VALUES (684, 131, 5, 1, '2023-05-31 15:33:14');
INSERT INTO `miscellaneous` VALUES (685, 131, 6, 1, '2023-05-31 15:33:14');
INSERT INTO `miscellaneous` VALUES (686, 131, 7, 1, '2023-05-31 15:33:14');
INSERT INTO `miscellaneous` VALUES (687, 131, 8, 1, '2023-05-31 15:33:14');
INSERT INTO `miscellaneous` VALUES (688, 131, 9, 1, '2023-05-31 15:33:14');
INSERT INTO `miscellaneous` VALUES (689, 131, 10, 1, '2023-05-31 15:33:14');
INSERT INTO `miscellaneous` VALUES (690, 132, 3, 1, '2023-05-31 15:33:31');
INSERT INTO `miscellaneous` VALUES (691, 132, 4, 1, '2023-05-31 15:33:31');
INSERT INTO `miscellaneous` VALUES (692, 132, 5, 1, '2023-05-31 15:33:31');
INSERT INTO `miscellaneous` VALUES (693, 132, 6, 1, '2023-05-31 15:33:31');
INSERT INTO `miscellaneous` VALUES (694, 132, 7, 1, '2023-05-31 15:33:31');
INSERT INTO `miscellaneous` VALUES (695, 132, 8, 1, '2023-05-31 15:33:31');
INSERT INTO `miscellaneous` VALUES (696, 132, 9, 1, '2023-05-31 15:33:31');
INSERT INTO `miscellaneous` VALUES (697, 132, 10, 1, '2023-05-31 15:33:31');
INSERT INTO `miscellaneous` VALUES (698, 133, 3, 1, '2023-05-31 15:33:47');
INSERT INTO `miscellaneous` VALUES (699, 133, 4, 1, '2023-05-31 15:33:47');
INSERT INTO `miscellaneous` VALUES (700, 133, 5, 1, '2023-05-31 15:33:47');
INSERT INTO `miscellaneous` VALUES (701, 133, 6, 1, '2023-05-31 15:33:47');
INSERT INTO `miscellaneous` VALUES (702, 133, 7, 1, '2023-05-31 15:33:47');
INSERT INTO `miscellaneous` VALUES (703, 133, 8, 1, '2023-05-31 15:33:47');
INSERT INTO `miscellaneous` VALUES (704, 133, 9, 1, '2023-05-31 15:33:47');
INSERT INTO `miscellaneous` VALUES (705, 133, 10, 1, '2023-05-31 15:33:47');
INSERT INTO `miscellaneous` VALUES (706, 134, 3, 1, '2023-05-31 15:34:05');
INSERT INTO `miscellaneous` VALUES (707, 134, 4, 1, '2023-05-31 15:34:05');
INSERT INTO `miscellaneous` VALUES (708, 134, 5, 1, '2023-05-31 15:34:05');
INSERT INTO `miscellaneous` VALUES (709, 134, 6, 1, '2023-05-31 15:34:05');
INSERT INTO `miscellaneous` VALUES (710, 134, 7, 1, '2023-05-31 15:34:05');
INSERT INTO `miscellaneous` VALUES (711, 134, 8, 1, '2023-05-31 15:34:05');
INSERT INTO `miscellaneous` VALUES (712, 134, 9, 1, '2023-05-31 15:34:05');
INSERT INTO `miscellaneous` VALUES (713, 134, 10, 1, '2023-05-31 15:34:05');
INSERT INTO `miscellaneous` VALUES (714, 135, 3, 1, '2023-05-31 15:34:21');
INSERT INTO `miscellaneous` VALUES (715, 135, 4, 1, '2023-05-31 15:34:21');
INSERT INTO `miscellaneous` VALUES (716, 135, 5, 1, '2023-05-31 15:34:21');
INSERT INTO `miscellaneous` VALUES (717, 135, 6, 1, '2023-05-31 15:34:21');
INSERT INTO `miscellaneous` VALUES (718, 135, 7, 1, '2023-05-31 15:34:21');
INSERT INTO `miscellaneous` VALUES (719, 135, 8, 1, '2023-05-31 15:34:21');
INSERT INTO `miscellaneous` VALUES (720, 135, 9, 1, '2023-05-31 15:34:21');
INSERT INTO `miscellaneous` VALUES (721, 135, 10, 1, '2023-05-31 15:34:21');
INSERT INTO `miscellaneous` VALUES (722, 136, 3, 1, '2023-05-31 15:34:37');
INSERT INTO `miscellaneous` VALUES (723, 136, 4, 1, '2023-05-31 15:34:37');
INSERT INTO `miscellaneous` VALUES (724, 136, 5, 1, '2023-05-31 15:34:37');
INSERT INTO `miscellaneous` VALUES (725, 136, 6, 1, '2023-05-31 15:34:37');
INSERT INTO `miscellaneous` VALUES (726, 136, 7, 1, '2023-05-31 15:34:37');
INSERT INTO `miscellaneous` VALUES (727, 136, 8, 1, '2023-05-31 15:34:37');
INSERT INTO `miscellaneous` VALUES (728, 136, 9, 1, '2023-05-31 15:34:37');
INSERT INTO `miscellaneous` VALUES (729, 136, 10, 1, '2023-05-31 15:34:37');
INSERT INTO `miscellaneous` VALUES (730, 137, 3, 1, '2023-05-31 15:35:00');
INSERT INTO `miscellaneous` VALUES (731, 137, 4, 1, '2023-05-31 15:35:00');
INSERT INTO `miscellaneous` VALUES (732, 137, 5, 1, '2023-05-31 15:35:00');
INSERT INTO `miscellaneous` VALUES (733, 137, 6, 1, '2023-05-31 15:35:00');
INSERT INTO `miscellaneous` VALUES (734, 137, 7, 1, '2023-05-31 15:35:00');
INSERT INTO `miscellaneous` VALUES (735, 137, 8, 1, '2023-05-31 15:35:00');
INSERT INTO `miscellaneous` VALUES (736, 137, 9, 1, '2023-05-31 15:35:00');
INSERT INTO `miscellaneous` VALUES (737, 137, 10, 1, '2023-05-31 15:35:00');
INSERT INTO `miscellaneous` VALUES (738, 138, 3, 1, '2023-05-31 15:35:14');
INSERT INTO `miscellaneous` VALUES (739, 138, 4, 1, '2023-05-31 15:35:15');
INSERT INTO `miscellaneous` VALUES (740, 138, 5, 1, '2023-05-31 15:35:15');
INSERT INTO `miscellaneous` VALUES (741, 138, 6, 1, '2023-05-31 15:35:15');
INSERT INTO `miscellaneous` VALUES (742, 138, 7, 1, '2023-05-31 15:35:15');
INSERT INTO `miscellaneous` VALUES (743, 138, 8, 1, '2023-05-31 15:35:15');
INSERT INTO `miscellaneous` VALUES (744, 138, 9, 1, '2023-05-31 15:35:15');
INSERT INTO `miscellaneous` VALUES (745, 138, 10, 1, '2023-05-31 15:35:15');
INSERT INTO `miscellaneous` VALUES (746, 139, 3, 1, '2023-05-31 15:35:32');
INSERT INTO `miscellaneous` VALUES (747, 139, 4, 1, '2023-05-31 15:35:32');
INSERT INTO `miscellaneous` VALUES (748, 139, 5, 1, '2023-05-31 15:35:32');
INSERT INTO `miscellaneous` VALUES (749, 139, 6, 1, '2023-05-31 15:35:32');
INSERT INTO `miscellaneous` VALUES (750, 139, 7, 1, '2023-05-31 15:35:32');
INSERT INTO `miscellaneous` VALUES (751, 139, 8, 1, '2023-05-31 15:35:32');
INSERT INTO `miscellaneous` VALUES (752, 139, 9, 1, '2023-05-31 15:35:32');
INSERT INTO `miscellaneous` VALUES (753, 139, 10, 1, '2023-05-31 15:35:32');
INSERT INTO `miscellaneous` VALUES (754, 140, 3, 1, '2023-05-31 15:35:51');
INSERT INTO `miscellaneous` VALUES (755, 140, 4, 1, '2023-05-31 15:35:51');
INSERT INTO `miscellaneous` VALUES (756, 140, 5, 1, '2023-05-31 15:35:51');
INSERT INTO `miscellaneous` VALUES (757, 140, 6, 1, '2023-05-31 15:35:51');
INSERT INTO `miscellaneous` VALUES (758, 140, 7, 1, '2023-05-31 15:35:51');
INSERT INTO `miscellaneous` VALUES (759, 140, 8, 1, '2023-05-31 15:35:51');
INSERT INTO `miscellaneous` VALUES (760, 140, 9, 1, '2023-05-31 15:35:51');
INSERT INTO `miscellaneous` VALUES (761, 140, 10, 1, '2023-05-31 15:35:51');
INSERT INTO `miscellaneous` VALUES (762, 141, 3, 1, '2023-05-31 15:36:12');
INSERT INTO `miscellaneous` VALUES (763, 141, 4, 1, '2023-05-31 15:36:13');
INSERT INTO `miscellaneous` VALUES (764, 141, 5, 1, '2023-05-31 15:36:13');
INSERT INTO `miscellaneous` VALUES (765, 141, 6, 1, '2023-05-31 15:36:13');
INSERT INTO `miscellaneous` VALUES (766, 141, 7, 1, '2023-05-31 15:36:13');
INSERT INTO `miscellaneous` VALUES (767, 141, 8, 1, '2023-05-31 15:36:13');
INSERT INTO `miscellaneous` VALUES (768, 141, 9, 1, '2023-05-31 15:36:13');
INSERT INTO `miscellaneous` VALUES (769, 141, 10, 1, '2023-05-31 15:36:13');
INSERT INTO `miscellaneous` VALUES (770, 142, 3, 1, '2023-05-31 15:36:51');
INSERT INTO `miscellaneous` VALUES (771, 142, 4, 1, '2023-05-31 15:36:51');
INSERT INTO `miscellaneous` VALUES (772, 142, 5, 1, '2023-05-31 15:36:51');
INSERT INTO `miscellaneous` VALUES (773, 142, 6, 1, '2023-05-31 15:36:51');
INSERT INTO `miscellaneous` VALUES (774, 142, 7, 1, '2023-05-31 15:36:51');
INSERT INTO `miscellaneous` VALUES (775, 142, 8, 1, '2023-05-31 15:36:51');
INSERT INTO `miscellaneous` VALUES (776, 142, 9, 1, '2023-05-31 15:36:51');
INSERT INTO `miscellaneous` VALUES (777, 142, 10, 1, '2023-05-31 15:36:51');
INSERT INTO `miscellaneous` VALUES (778, 143, 3, 1, '2023-05-31 15:37:09');
INSERT INTO `miscellaneous` VALUES (779, 143, 4, 1, '2023-05-31 15:37:09');
INSERT INTO `miscellaneous` VALUES (780, 143, 5, 1, '2023-05-31 15:37:09');
INSERT INTO `miscellaneous` VALUES (781, 143, 6, 1, '2023-05-31 15:37:09');
INSERT INTO `miscellaneous` VALUES (782, 143, 7, 1, '2023-05-31 15:37:09');
INSERT INTO `miscellaneous` VALUES (783, 143, 8, 1, '2023-05-31 15:37:09');
INSERT INTO `miscellaneous` VALUES (784, 143, 9, 1, '2023-05-31 15:37:09');
INSERT INTO `miscellaneous` VALUES (785, 143, 10, 1, '2023-05-31 15:37:09');
INSERT INTO `miscellaneous` VALUES (786, 144, 3, 1, '2023-05-31 15:37:26');
INSERT INTO `miscellaneous` VALUES (787, 144, 4, 1, '2023-05-31 15:37:26');
INSERT INTO `miscellaneous` VALUES (788, 144, 5, 1, '2023-05-31 15:37:26');
INSERT INTO `miscellaneous` VALUES (789, 144, 6, 1, '2023-05-31 15:37:26');
INSERT INTO `miscellaneous` VALUES (790, 144, 7, 1, '2023-05-31 15:37:26');
INSERT INTO `miscellaneous` VALUES (791, 144, 8, 1, '2023-05-31 15:37:26');
INSERT INTO `miscellaneous` VALUES (792, 144, 9, 1, '2023-05-31 15:37:26');
INSERT INTO `miscellaneous` VALUES (793, 144, 10, 1, '2023-05-31 15:37:26');
INSERT INTO `miscellaneous` VALUES (794, 145, 3, 1, '2023-05-31 15:37:46');
INSERT INTO `miscellaneous` VALUES (795, 145, 4, 1, '2023-05-31 15:37:46');
INSERT INTO `miscellaneous` VALUES (796, 145, 5, 1, '2023-05-31 15:37:46');
INSERT INTO `miscellaneous` VALUES (797, 145, 6, 1, '2023-05-31 15:37:46');
INSERT INTO `miscellaneous` VALUES (798, 145, 7, 1, '2023-05-31 15:37:46');
INSERT INTO `miscellaneous` VALUES (799, 145, 8, 1, '2023-05-31 15:37:46');
INSERT INTO `miscellaneous` VALUES (800, 145, 9, 1, '2023-05-31 15:37:46');
INSERT INTO `miscellaneous` VALUES (801, 145, 10, 1, '2023-05-31 15:37:46');
INSERT INTO `miscellaneous` VALUES (802, 146, 3, 1, '2023-05-31 15:38:16');
INSERT INTO `miscellaneous` VALUES (803, 146, 4, 1, '2023-05-31 15:38:16');
INSERT INTO `miscellaneous` VALUES (804, 146, 5, 1, '2023-05-31 15:38:16');
INSERT INTO `miscellaneous` VALUES (805, 146, 6, 1, '2023-05-31 15:38:16');
INSERT INTO `miscellaneous` VALUES (806, 146, 7, 1, '2023-05-31 15:38:16');
INSERT INTO `miscellaneous` VALUES (807, 146, 8, 1, '2023-05-31 15:38:16');
INSERT INTO `miscellaneous` VALUES (808, 146, 9, 1, '2023-05-31 15:38:16');
INSERT INTO `miscellaneous` VALUES (809, 146, 10, 1, '2023-05-31 15:38:16');
INSERT INTO `miscellaneous` VALUES (810, 147, 3, 1, '2023-05-31 15:46:07');
INSERT INTO `miscellaneous` VALUES (811, 147, 4, 1, '2023-05-31 15:46:07');
INSERT INTO `miscellaneous` VALUES (812, 147, 5, 1, '2023-05-31 15:46:07');
INSERT INTO `miscellaneous` VALUES (813, 147, 6, 1, '2023-05-31 15:46:07');
INSERT INTO `miscellaneous` VALUES (814, 147, 7, 1, '2023-05-31 15:46:07');
INSERT INTO `miscellaneous` VALUES (815, 147, 8, 1, '2023-05-31 15:46:07');
INSERT INTO `miscellaneous` VALUES (816, 147, 9, 1, '2023-05-31 15:46:07');
INSERT INTO `miscellaneous` VALUES (817, 147, 10, 1, '2023-05-31 15:46:07');

-- ----------------------------
-- Table structure for operation
-- ----------------------------
DROP TABLE IF EXISTS `operation`;
CREATE TABLE `operation`  (
  `operation_id` int(0) NOT NULL,
  `operation_name` varchar(10) CHARACTER SET utf8mb4 COLLATE utf8mb4_general_ci NOT NULL,
  PRIMARY KEY (`operation_id`) USING BTREE
) ENGINE = InnoDB CHARACTER SET = utf8mb4 COLLATE = utf8mb4_general_ci ROW_FORMAT = Dynamic;

-- ----------------------------
-- Records of operation
-- ----------------------------
INSERT INTO `operation` VALUES (1, '添加');
INSERT INTO `operation` VALUES (2, '删除');
INSERT INTO `operation` VALUES (3, '上架');
INSERT INTO `operation` VALUES (4, '下架');
INSERT INTO `operation` VALUES (5, '编辑');
INSERT INTO `operation` VALUES (6, '查看');

-- ----------------------------
-- Table structure for order_pay
-- ----------------------------
DROP TABLE IF EXISTS `order_pay`;
CREATE TABLE `order_pay`  (
  `order_id` int(0) NOT NULL AUTO_INCREMENT,
  `rent_id` int(0) NOT NULL,
  `total` decimal(10, 2) NOT NULL,
  `operation` varchar(10) CHARACTER SET utf8mb4 COLLATE utf8mb4_general_ci DEFAULT NULL,
  `out_trade_no` varchar(30) CHARACTER SET utf8mb4 COLLATE utf8mb4_general_ci NOT NULL,
  `trade_no` varchar(50) CHARACTER SET utf8mb4 COLLATE utf8mb4_general_ci DEFAULT NULL,
  `time` datetime(0) NOT NULL,
  `state` int(0) DEFAULT NULL,
  `user_id` int(0) DEFAULT NULL,
  `type` varchar(20) CHARACTER SET utf8mb4 COLLATE utf8mb4_general_ci DEFAULT NULL,
  `pay_time` datetime(0) DEFAULT NULL,
  `mis_price` varchar(255) CHARACTER SET utf8mb4 COLLATE utf8mb4_general_ci DEFAULT NULL,
  PRIMARY KEY (`order_id`) USING BTREE,
  INDEX `FK_Reference_11`(`rent_id`) USING BTREE,
  INDEX `FK_Reference_60`(`user_id`) USING BTREE,
  CONSTRAINT `FK_Reference_11` FOREIGN KEY (`rent_id`) REFERENCES `rent` (`rent_id`) ON DELETE RESTRICT ON UPDATE RESTRICT,
  CONSTRAINT `FK_Reference_60` FOREIGN KEY (`user_id`) REFERENCES `user` (`user_id`) ON DELETE RESTRICT ON UPDATE RESTRICT
) ENGINE = InnoDB AUTO_INCREMENT = 148 CHARACTER SET = utf8mb4 COLLATE = utf8mb4_general_ci ROW_FORMAT = Dynamic;

-- ----------------------------
-- Records of order_pay
-- ----------------------------
INSERT INTO `order_pay` VALUES (148, 56, 450.00, '现金支付', '20230531142111832', NULL, '2023-01-01 00:00:00', 1, 108, '押金', '2023-01-01 00:00:00', '3_15.00_4_30.00_5_270.00_6_20.00_7_25.00_8_40.00_9_50.00_10_10.00');
INSERT INTO `order_pay` VALUES (149, 57, 450.00, '现金支付', '20230531142547319', NULL, '2023-01-01 00:00:00', 1, 108, '押金', '2023-01-01 00:00:00', '3_15.00_4_30.00_5_270.00_6_20.00_7_25.00_8_40.00_9_50.00_10_10.00');
INSERT INTO `order_pay` VALUES (150, 58, 450.00, '现金支付', '20230531143018681', NULL, '2023-01-01 00:00:00', 1, 108, '押金', '2023-01-01 00:00:00', '3_15.00_4_30.00_5_270.00_6_20.00_7_25.00_8_40.00_9_50.00_10_10.00');
INSERT INTO `order_pay` VALUES (151, 59, 640.00, '现金支付', '20230531150648492', NULL, '2023-01-01 00:00:00', 1, 108, '押金', '2023-01-01 00:00:00', '3_15.00_4_30.00_5_270.00_6_20.00_7_25.00_8_40.00_9_50.00_10_10.00');
INSERT INTO `order_pay` VALUES (152, 60, 640.00, '现金支付', '20230531150835822', NULL, '2023-01-01 00:00:00', 1, 108, '押金', '2023-01-01 00:00:00', '3_15.00_4_30.00_5_270.00_6_20.00_7_25.00_8_40.00_9_50.00_10_10.00');
INSERT INTO `order_pay` VALUES (153, 61, 1360.00, '现金支付', '20230531150858458', NULL, '2023-01-01 00:00:00', 1, 108, '押金', '2023-01-01 00:00:00', '3_15.00_4_30.00_5_270.00_6_20.00_7_25.00_8_40.00_9_50.00_10_10.00');
INSERT INTO `order_pay` VALUES (154, 62, 1360.00, '现金支付', '20230531150931120', NULL, '2023-01-01 00:00:00', 1, 108, '押金', '2023-01-01 00:00:00', '3_15.00_4_30.00_5_270.00_6_20.00_7_25.00_8_40.00_9_50.00_10_10.00');
INSERT INTO `order_pay` VALUES (155, 63, 2160.00, '现金支付', '20230531151007725', NULL, '2023-01-01 00:00:00', 1, 108, '押金', '2023-01-01 00:00:00', '3_15.00_4_30.00_5_270.00_6_20.00_7_25.00_8_40.00_9_50.00_10_10.00');
INSERT INTO `order_pay` VALUES (156, 64, 2160.00, '现金支付', '20230531151033277', NULL, '2023-01-01 00:00:00', 1, 108, '押金', '2023-01-01 00:00:00', '3_15.00_4_30.00_5_270.00_6_20.00_7_25.00_8_40.00_9_50.00_10_10.00');
INSERT INTO `order_pay` VALUES (157, 65, 450.00, '现金支付', '20230531151059023', NULL, '2023-01-01 00:00:00', 1, 108, '押金', '2023-01-01 00:00:00', '3_15.00_4_30.00_5_270.00_6_20.00_7_25.00_8_40.00_9_50.00_10_10.00');
INSERT INTO `order_pay` VALUES (158, 66, 600.00, '现金支付', '20230531151134785', NULL, '2023-01-01 00:00:00', 1, 108, '押金', '2023-01-01 00:00:00', '3_15.00_4_30.00_5_270.00_6_20.00_7_25.00_8_40.00_9_50.00_10_10.00');
INSERT INTO `order_pay` VALUES (159, 67, 600.00, '现金支付', '20230531151156532', NULL, '2023-01-01 00:00:00', 1, 108, '押金', '2023-01-01 00:00:00', '3_15.00_4_30.00_5_270.00_6_20.00_7_25.00_8_40.00_9_50.00_10_10.00');
INSERT INTO `order_pay` VALUES (160, 68, 600.00, '现金支付', '20230531151217448', NULL, '2023-01-01 00:00:00', 1, 108, '押金', '2023-01-01 00:00:00', '3_15.00_4_30.00_5_270.00_6_20.00_7_25.00_8_40.00_9_50.00_10_10.00');
INSERT INTO `order_pay` VALUES (161, 69, 600.00, '现金支付', '20230531151255950', NULL, '2023-01-01 00:00:00', 1, 108, '押金', '2023-01-01 00:00:00', '3_15.00_4_30.00_5_270.00_6_20.00_7_25.00_8_40.00_9_50.00_10_10.00');
INSERT INTO `order_pay` VALUES (162, 70, 1120.00, '现金支付', '20230531151446249', NULL, '2023-01-01 00:00:00', 1, 108, '押金', '2023-01-01 00:00:00', '3_15.00_4_30.00_5_270.00_6_20.00_7_25.00_8_40.00_9_50.00_10_10.00');
INSERT INTO `order_pay` VALUES (163, 71, 1120.00, '现金支付', '20230531151503763', NULL, '2023-01-01 00:00:00', 1, 108, '押金', '2023-01-01 00:00:00', '3_15.00_4_30.00_5_270.00_6_20.00_7_25.00_8_40.00_9_50.00_10_10.00');
INSERT INTO `order_pay` VALUES (164, 72, 2210.00, '现金支付', '20230531151521526', NULL, '2023-01-01 00:00:00', 1, 108, '押金', '2023-01-01 00:00:00', '3_15.00_4_30.00_5_270.00_6_20.00_7_25.00_8_40.00_9_50.00_10_10.00');
INSERT INTO `order_pay` VALUES (165, 73, 2210.00, '现金支付', '20230531151538445', NULL, '2023-01-01 00:00:00', 1, 108, '押金', '2023-01-01 00:00:00', '3_15.00_4_30.00_5_270.00_6_20.00_7_25.00_8_40.00_9_50.00_10_10.00');
INSERT INTO `order_pay` VALUES (166, 74, 600.00, '现金支付', '20230531151558992', NULL, '2023-01-01 00:00:00', 1, 108, '押金', '2023-01-01 00:00:00', '3_15.00_4_30.00_5_270.00_6_20.00_7_25.00_8_40.00_9_50.00_10_10.00');
INSERT INTO `order_pay` VALUES (167, 75, 450.00, '现金支付', '20230531151619245', NULL, '2023-01-01 00:00:00', 1, 108, '押金', '2023-01-01 00:00:00', '3_15.00_4_30.00_5_270.00_6_20.00_7_25.00_8_40.00_9_50.00_10_10.00');
INSERT INTO `order_pay` VALUES (168, 76, 450.00, '现金支付', '20230531151639354', NULL, '2023-01-01 00:00:00', 1, 108, '押金', '2023-01-01 00:00:00', '3_15.00_4_30.00_5_270.00_6_20.00_7_25.00_8_40.00_9_50.00_10_10.00');
INSERT INTO `order_pay` VALUES (169, 77, 450.00, '现金支付', '20230531151658151', NULL, '2023-01-01 00:00:00', 1, 108, '押金', '2023-01-01 00:00:00', '3_15.00_4_30.00_5_270.00_6_20.00_7_25.00_8_40.00_9_50.00_10_10.00');
INSERT INTO `order_pay` VALUES (170, 78, 640.00, '现金支付', '20230531151716120', NULL, '2023-01-01 00:00:00', 1, 108, '押金', '2023-01-01 00:00:00', '3_15.00_4_30.00_5_270.00_6_20.00_7_25.00_8_40.00_9_50.00_10_10.00');
INSERT INTO `order_pay` VALUES (171, 79, 640.00, '现金支付', '20230531151738664', NULL, '2023-01-01 00:00:00', 1, 108, '押金', '2023-01-01 00:00:00', '3_15.00_4_30.00_5_270.00_6_20.00_7_25.00_8_40.00_9_50.00_10_10.00');
INSERT INTO `order_pay` VALUES (172, 80, 1360.00, '现金支付', '20230531151756187', NULL, '2023-01-01 00:00:00', 1, 108, '押金', '2023-01-01 00:00:00', '3_15.00_4_30.00_5_270.00_6_20.00_7_25.00_8_40.00_9_50.00_10_10.00');
INSERT INTO `order_pay` VALUES (173, 81, 1360.00, '现金支付', '20230531151813507', NULL, '2023-01-01 00:00:00', 1, 108, '押金', '2023-01-01 00:00:00', '3_15.00_4_30.00_5_270.00_6_20.00_7_25.00_8_40.00_9_50.00_10_10.00');
INSERT INTO `order_pay` VALUES (174, 82, 2160.00, '现金支付', '20230531151829925', NULL, '2023-01-01 00:00:00', 1, 108, '押金', '2023-01-01 00:00:00', '3_15.00_4_30.00_5_270.00_6_20.00_7_25.00_8_40.00_9_50.00_10_10.00');
INSERT INTO `order_pay` VALUES (175, 83, 2160.00, '现金支付', '20230531151846047', NULL, '2023-01-01 00:00:00', 1, 108, '押金', '2023-01-01 00:00:00', '3_15.00_4_30.00_5_270.00_6_20.00_7_25.00_8_40.00_9_50.00_10_10.00');
INSERT INTO `order_pay` VALUES (176, 84, 450.00, '现金支付', '20230531151902478', NULL, '2023-01-01 00:00:00', 1, 108, '押金', '2023-01-01 00:00:00', '3_15.00_4_30.00_5_270.00_6_20.00_7_25.00_8_40.00_9_50.00_10_10.00');
INSERT INTO `order_pay` VALUES (177, 85, 600.00, '现金支付', '20230531151919574', NULL, '2023-01-01 00:00:00', 1, 108, '押金', '2023-01-01 00:00:00', '3_15.00_4_30.00_5_270.00_6_20.00_7_25.00_8_40.00_9_50.00_10_10.00');
INSERT INTO `order_pay` VALUES (178, 86, 600.00, '现金支付', '20230531151939376', NULL, '2023-01-01 00:00:00', 1, 108, '押金', '2023-01-01 00:00:00', '3_15.00_4_30.00_5_270.00_6_20.00_7_25.00_8_40.00_9_50.00_10_10.00');
INSERT INTO `order_pay` VALUES (179, 87, 600.00, '现金支付', '20230531151956859', NULL, '2023-01-01 00:00:00', 1, 108, '押金', '2023-01-01 00:00:00', '3_15.00_4_30.00_5_270.00_6_20.00_7_25.00_8_40.00_9_50.00_10_10.00');
INSERT INTO `order_pay` VALUES (180, 88, 600.00, '现金支付', '20230531152014404', NULL, '2023-01-01 00:00:00', 1, 108, '押金', '2023-01-01 00:00:00', '3_15.00_4_30.00_5_270.00_6_20.00_7_25.00_8_40.00_9_50.00_10_10.00');
INSERT INTO `order_pay` VALUES (181, 89, 1120.00, '现金支付', '20230531152033840', NULL, '2023-01-01 00:00:00', 1, 108, '押金', '2023-01-01 00:00:00', '3_15.00_4_30.00_5_270.00_6_20.00_7_25.00_8_40.00_9_50.00_10_10.00');
INSERT INTO `order_pay` VALUES (182, 90, 1120.00, '现金支付', '20230531152049721', NULL, '2023-01-01 00:00:00', 1, 108, '押金', '2023-01-01 00:00:00', '3_15.00_4_30.00_5_270.00_6_20.00_7_25.00_8_40.00_9_50.00_10_10.00');
INSERT INTO `order_pay` VALUES (183, 91, 2210.00, '现金支付', '20230531152113821', NULL, '2023-01-01 00:00:00', 1, 108, '押金', '2023-01-01 00:00:00', '3_15.00_4_30.00_5_270.00_6_20.00_7_25.00_8_40.00_9_50.00_10_10.00');
INSERT INTO `order_pay` VALUES (184, 92, 2210.00, '现金支付', '20230531152130898', NULL, '2023-01-01 00:00:00', 1, 108, '押金', '2023-01-01 00:00:00', '3_15.00_4_30.00_5_270.00_6_20.00_7_25.00_8_40.00_9_50.00_10_10.00');
INSERT INTO `order_pay` VALUES (185, 93, 600.00, '现金支付', '20230531152149955', NULL, '2023-01-01 00:00:00', 1, 108, '押金', '2023-01-01 00:00:00', '3_15.00_4_30.00_5_270.00_6_20.00_7_25.00_8_40.00_9_50.00_10_10.00');
INSERT INTO `order_pay` VALUES (186, 94, 450.00, '现金支付', '20230531152209645', NULL, '2023-01-01 00:00:00', 1, 108, '押金', '2023-01-01 00:00:00', '3_15.00_4_30.00_5_270.00_6_20.00_7_25.00_8_40.00_9_50.00_10_10.00');
INSERT INTO `order_pay` VALUES (187, 95, 450.00, '现金支付', '20230531152225202', NULL, '2023-01-01 00:00:00', 1, 108, '押金', '2023-01-01 00:00:00', '3_15.00_4_30.00_5_270.00_6_20.00_7_25.00_8_40.00_9_50.00_10_10.00');
INSERT INTO `order_pay` VALUES (188, 96, 450.00, '现金支付', '20230531152303875', NULL, '2023-01-01 00:00:00', 1, 108, '押金', '2023-01-01 00:00:00', '3_15.00_4_30.00_5_270.00_6_20.00_7_25.00_8_40.00_9_50.00_10_10.00');
INSERT INTO `order_pay` VALUES (189, 97, 640.00, '现金支付', '20230531152323277', NULL, '2023-01-01 00:00:00', 1, 108, '押金', '2023-01-01 00:00:00', '3_15.00_4_30.00_5_270.00_6_20.00_7_25.00_8_40.00_9_50.00_10_10.00');
INSERT INTO `order_pay` VALUES (190, 98, 640.00, '现金支付', '20230531152338372', NULL, '2023-01-01 00:00:00', 1, 108, '押金', '2023-01-01 00:00:00', '3_15.00_4_30.00_5_270.00_6_20.00_7_25.00_8_40.00_9_50.00_10_10.00');
INSERT INTO `order_pay` VALUES (191, 99, 1360.00, '现金支付', '20230531152356652', NULL, '2023-01-01 00:00:00', 1, 108, '押金', '2023-01-01 00:00:00', '3_15.00_4_30.00_5_270.00_6_20.00_7_25.00_8_40.00_9_50.00_10_10.00');
INSERT INTO `order_pay` VALUES (192, 100, 1360.00, '现金支付', '20230531152411293', NULL, '2023-01-01 00:00:00', 1, 108, '押金', '2023-01-01 00:00:00', '3_15.00_4_30.00_5_270.00_6_20.00_7_25.00_8_40.00_9_50.00_10_10.00');
INSERT INTO `order_pay` VALUES (193, 101, 2160.00, '现金支付', '20230531152428667', NULL, '2023-01-01 00:00:00', 1, 108, '押金', '2023-01-01 00:00:00', '3_15.00_4_30.00_5_270.00_6_20.00_7_25.00_8_40.00_9_50.00_10_10.00');
INSERT INTO `order_pay` VALUES (194, 102, 2160.00, '现金支付', '20230531152444187', NULL, '2023-01-01 00:00:00', 1, 108, '押金', '2023-01-01 00:00:00', '3_15.00_4_30.00_5_270.00_6_20.00_7_25.00_8_40.00_9_50.00_10_10.00');
INSERT INTO `order_pay` VALUES (195, 103, 450.00, '现金支付', '20230531152458067', NULL, '2023-01-01 00:00:00', 1, 108, '押金', '2023-01-01 00:00:00', '3_15.00_4_30.00_5_270.00_6_20.00_7_25.00_8_40.00_9_50.00_10_10.00');
INSERT INTO `order_pay` VALUES (196, 104, 600.00, '现金支付', '20230531152519054', NULL, '2023-01-01 00:00:00', 1, 108, '押金', '2023-01-01 00:00:00', '3_15.00_4_30.00_5_270.00_6_20.00_7_25.00_8_40.00_9_50.00_10_10.00');
INSERT INTO `order_pay` VALUES (197, 105, 600.00, '现金支付', '20230531152535274', NULL, '2023-01-01 00:00:00', 1, 108, '押金', '2023-01-01 00:00:00', '3_15.00_4_30.00_5_270.00_6_20.00_7_25.00_8_40.00_9_50.00_10_10.00');
INSERT INTO `order_pay` VALUES (198, 106, 600.00, '现金支付', '20230531152553567', NULL, '2023-01-01 00:00:00', 1, 108, '押金', '2023-01-01 00:00:00', '3_15.00_4_30.00_5_270.00_6_20.00_7_25.00_8_40.00_9_50.00_10_10.00');
INSERT INTO `order_pay` VALUES (199, 107, 600.00, '现金支付', '20230531152611308', NULL, '2023-01-01 00:00:00', 1, 108, '押金', '2023-01-01 00:00:00', '3_15.00_4_30.00_5_270.00_6_20.00_7_25.00_8_40.00_9_50.00_10_10.00');
INSERT INTO `order_pay` VALUES (200, 108, 1120.00, '现金支付', '20230531152628934', NULL, '2023-01-01 00:00:00', 1, 108, '押金', '2023-01-01 00:00:00', '3_15.00_4_30.00_5_270.00_6_20.00_7_25.00_8_40.00_9_50.00_10_10.00');
INSERT INTO `order_pay` VALUES (201, 109, 1120.00, '现金支付', '20230531152644346', NULL, '2023-01-01 00:00:00', 1, 108, '押金', '2023-01-01 00:00:00', '3_15.00_4_30.00_5_270.00_6_20.00_7_25.00_8_40.00_9_50.00_10_10.00');
INSERT INTO `order_pay` VALUES (202, 110, 2210.00, '现金支付', '20230531152659901', NULL, '2023-01-01 00:00:00', 1, 108, '押金', '2023-01-01 00:00:00', '3_15.00_4_30.00_5_270.00_6_20.00_7_25.00_8_40.00_9_50.00_10_10.00');
INSERT INTO `order_pay` VALUES (203, 111, 2210.00, '现金支付', '20230531152715373', NULL, '2023-01-01 00:00:00', 1, 108, '押金', '2023-01-01 00:00:00', '3_15.00_4_30.00_5_270.00_6_20.00_7_25.00_8_40.00_9_50.00_10_10.00');
INSERT INTO `order_pay` VALUES (204, 112, 600.00, '现金支付', '20230531152737507', NULL, '2023-01-01 00:00:00', 1, 108, '押金', '2023-01-01 00:00:00', '3_15.00_4_30.00_5_270.00_6_20.00_7_25.00_8_40.00_9_50.00_10_10.00');
INSERT INTO `order_pay` VALUES (205, 113, 450.00, '现金支付', '20230531152754183', NULL, '2023-01-01 00:00:00', 1, 108, '押金', '2023-01-01 00:00:00', '3_15.00_4_30.00_5_270.00_6_20.00_7_25.00_8_40.00_9_50.00_10_10.00');
INSERT INTO `order_pay` VALUES (206, 114, 450.00, '现金支付', '20230531152809277', NULL, '2023-01-01 00:00:00', 1, 108, '押金', '2023-01-01 00:00:00', '3_15.00_4_30.00_5_270.00_6_20.00_7_25.00_8_40.00_9_50.00_10_10.00');
INSERT INTO `order_pay` VALUES (207, 115, 450.00, '现金支付', '20230531152828746', NULL, '2023-01-01 00:00:00', 1, 108, '押金', '2023-01-01 00:00:00', '3_15.00_4_30.00_5_270.00_6_20.00_7_25.00_8_40.00_9_50.00_10_10.00');
INSERT INTO `order_pay` VALUES (208, 116, 640.00, '现金支付', '20230531152845774', NULL, '2023-01-01 00:00:00', 1, 108, '押金', '2023-01-01 00:00:00', '3_15.00_4_30.00_5_270.00_6_20.00_7_25.00_8_40.00_9_50.00_10_10.00');
INSERT INTO `order_pay` VALUES (209, 117, 640.00, '现金支付', '20230531152901120', NULL, '2023-01-01 00:00:00', 1, 108, '押金', '2023-01-01 00:00:00', '3_15.00_4_30.00_5_270.00_6_20.00_7_25.00_8_40.00_9_50.00_10_10.00');
INSERT INTO `order_pay` VALUES (210, 118, 1360.00, '现金支付', '20230531152916199', NULL, '2023-01-01 00:00:00', 1, 108, '押金', '2023-01-01 00:00:00', '3_15.00_4_30.00_5_270.00_6_20.00_7_25.00_8_40.00_9_50.00_10_10.00');
INSERT INTO `order_pay` VALUES (211, 119, 1360.00, '现金支付', '20230531152932502', NULL, '2023-01-01 00:00:00', 1, 108, '押金', '2023-01-01 00:00:00', '3_15.00_4_30.00_5_270.00_6_20.00_7_25.00_8_40.00_9_50.00_10_10.00');
INSERT INTO `order_pay` VALUES (212, 120, 2160.00, '现金支付', '20230531152955047', NULL, '2023-01-01 00:00:00', 1, 108, '押金', '2023-01-01 00:00:00', '3_15.00_4_30.00_5_270.00_6_20.00_7_25.00_8_40.00_9_50.00_10_10.00');
INSERT INTO `order_pay` VALUES (213, 121, 2160.00, '现金支付', '20230531153010371', NULL, '2023-01-01 00:00:00', 1, 108, '押金', '2023-01-01 00:00:00', '3_15.00_4_30.00_5_270.00_6_20.00_7_25.00_8_40.00_9_50.00_10_10.00');
INSERT INTO `order_pay` VALUES (214, 122, 450.00, '现金支付', '20230531153027324', NULL, '2023-01-01 00:00:00', 1, 108, '押金', '2023-01-01 00:00:00', '3_15.00_4_30.00_5_270.00_6_20.00_7_25.00_8_40.00_9_50.00_10_10.00');
INSERT INTO `order_pay` VALUES (215, 123, 600.00, '现金支付', '20230531153045480', NULL, '2023-01-01 00:00:00', 1, 108, '押金', '2023-01-01 00:00:00', '3_15.00_4_30.00_5_270.00_6_20.00_7_25.00_8_40.00_9_50.00_10_10.00');
INSERT INTO `order_pay` VALUES (216, 124, 600.00, '现金支付', '20230531153118324', NULL, '2023-01-01 00:00:00', 1, 108, '押金', '2023-01-01 00:00:00', '3_15.00_4_30.00_5_270.00_6_20.00_7_25.00_8_40.00_9_50.00_10_10.00');
INSERT INTO `order_pay` VALUES (217, 125, 600.00, '现金支付', '20230531153136005', NULL, '2023-01-01 00:00:00', 1, 108, '押金', '2023-01-01 00:00:00', '3_15.00_4_30.00_5_270.00_6_20.00_7_25.00_8_40.00_9_50.00_10_10.00');
INSERT INTO `order_pay` VALUES (218, 126, 600.00, '现金支付', '20230531153155158', NULL, '2023-01-01 00:00:00', 1, 108, '押金', '2023-01-01 00:00:00', '3_15.00_4_30.00_5_270.00_6_20.00_7_25.00_8_40.00_9_50.00_10_10.00');
INSERT INTO `order_pay` VALUES (219, 127, 1120.00, '现金支付', '20230531153211526', NULL, '2023-01-01 00:00:00', 1, 108, '押金', '2023-01-01 00:00:00', '3_15.00_4_30.00_5_270.00_6_20.00_7_25.00_8_40.00_9_50.00_10_10.00');
INSERT INTO `order_pay` VALUES (220, 128, 1120.00, '现金支付', '20230531153225697', NULL, '2023-01-01 00:00:00', 1, 108, '押金', '2023-01-01 00:00:00', '3_15.00_4_30.00_5_270.00_6_20.00_7_25.00_8_40.00_9_50.00_10_10.00');
INSERT INTO `order_pay` VALUES (221, 129, 2210.00, '现金支付', '20230531153242218', NULL, '2023-01-01 00:00:00', 1, 108, '押金', '2023-01-01 00:00:00', '3_15.00_4_30.00_5_270.00_6_20.00_7_25.00_8_40.00_9_50.00_10_10.00');
INSERT INTO `order_pay` VALUES (222, 130, 2210.00, '现金支付', '20230531153259106', NULL, '2023-01-01 00:00:00', 1, 108, '押金', '2023-01-01 00:00:00', '3_15.00_4_30.00_5_270.00_6_20.00_7_25.00_8_40.00_9_50.00_10_10.00');
INSERT INTO `order_pay` VALUES (223, 131, 600.00, '现金支付', '20230531153314907', NULL, '2023-01-01 00:00:00', 1, 108, '押金', '2023-01-01 00:00:00', '3_15.00_4_30.00_5_270.00_6_20.00_7_25.00_8_40.00_9_50.00_10_10.00');
INSERT INTO `order_pay` VALUES (224, 132, 450.00, '现金支付', '20230531153331892', NULL, '2023-01-01 00:00:00', 1, 108, '押金', '2023-01-01 00:00:00', '3_15.00_4_30.00_5_270.00_6_20.00_7_25.00_8_40.00_9_50.00_10_10.00');
INSERT INTO `order_pay` VALUES (225, 133, 450.00, '现金支付', '20230531153347596', NULL, '2023-01-01 00:00:00', 1, 108, '押金', '2023-01-01 00:00:00', '3_15.00_4_30.00_5_270.00_6_20.00_7_25.00_8_40.00_9_50.00_10_10.00');
INSERT INTO `order_pay` VALUES (226, 134, 450.00, '现金支付', '20230531153405629', NULL, '2023-01-01 00:00:00', 1, 108, '押金', '2023-01-01 00:00:00', '3_15.00_4_30.00_5_270.00_6_20.00_7_25.00_8_40.00_9_50.00_10_10.00');
INSERT INTO `order_pay` VALUES (227, 135, 640.00, '现金支付', '20230531153421524', NULL, '2023-01-01 00:00:00', 1, 108, '押金', '2023-01-01 00:00:00', '3_15.00_4_30.00_5_270.00_6_20.00_7_25.00_8_40.00_9_50.00_10_10.00');
INSERT INTO `order_pay` VALUES (228, 136, 640.00, '现金支付', '20230531153438163', NULL, '2023-01-01 00:00:00', 1, 108, '押金', '2023-01-01 00:00:00', '3_15.00_4_30.00_5_270.00_6_20.00_7_25.00_8_40.00_9_50.00_10_10.00');
INSERT INTO `order_pay` VALUES (229, 137, 1360.00, '现金支付', '20230531153500699', NULL, '2023-01-01 00:00:00', 1, 108, '押金', '2023-01-01 00:00:00', '3_15.00_4_30.00_5_270.00_6_20.00_7_25.00_8_40.00_9_50.00_10_10.00');
INSERT INTO `order_pay` VALUES (230, 138, 1360.00, '现金支付', '20230531153515340', NULL, '2023-01-01 00:00:00', 1, 108, '押金', '2023-01-01 00:00:00', '3_15.00_4_30.00_5_270.00_6_20.00_7_25.00_8_40.00_9_50.00_10_10.00');
INSERT INTO `order_pay` VALUES (231, 139, 2160.00, '现金支付', '20230531153532747', NULL, '2023-01-01 00:00:00', 1, 108, '押金', '2023-01-01 00:00:00', '3_15.00_4_30.00_5_270.00_6_20.00_7_25.00_8_40.00_9_50.00_10_10.00');
INSERT INTO `order_pay` VALUES (232, 140, 2160.00, '现金支付', '20230531153551942', NULL, '2023-01-01 00:00:00', 1, 108, '押金', '2023-01-01 00:00:00', '3_15.00_4_30.00_5_270.00_6_20.00_7_25.00_8_40.00_9_50.00_10_10.00');
INSERT INTO `order_pay` VALUES (233, 141, 450.00, '现金支付', '20230531153613349', NULL, '2023-01-01 00:00:00', 1, 108, '押金', '2023-01-01 00:00:00', '3_15.00_4_30.00_5_270.00_6_20.00_7_25.00_8_40.00_9_50.00_10_10.00');
INSERT INTO `order_pay` VALUES (234, 142, 600.00, '现金支付', '20230531153652008', NULL, '2023-01-01 00:00:00', 1, 108, '押金', '2023-01-01 00:00:00', '3_15.00_4_30.00_5_270.00_6_20.00_7_25.00_8_40.00_9_50.00_10_10.00');
INSERT INTO `order_pay` VALUES (235, 143, 600.00, '现金支付', '20230531153710249', NULL, '2023-01-01 00:00:00', 1, 108, '押金', '2023-01-01 00:00:00', '3_15.00_4_30.00_5_270.00_6_20.00_7_25.00_8_40.00_9_50.00_10_10.00');
INSERT INTO `order_pay` VALUES (236, 144, 600.00, '现金支付', '20230531153727121', NULL, '2023-01-01 00:00:00', 1, 108, '押金', '2023-01-01 00:00:00', '3_15.00_4_30.00_5_270.00_6_20.00_7_25.00_8_40.00_9_50.00_10_10.00');
INSERT INTO `order_pay` VALUES (237, 145, 600.00, '现金支付', '20230531153746681', NULL, '2023-01-01 00:00:00', 1, 108, '押金', '2023-01-01 00:00:00', '3_15.00_4_30.00_5_270.00_6_20.00_7_25.00_8_40.00_9_50.00_10_10.00');
INSERT INTO `order_pay` VALUES (238, 146, 600.00, '现金支付', '20230531153816551', NULL, '2023-01-01 00:00:00', 1, 108, '押金', '2023-01-01 00:00:00', '3_15.00_4_30.00_5_270.00_6_20.00_7_25.00_8_40.00_9_50.00_10_10.00');
INSERT INTO `order_pay` VALUES (239, 147, 1120.00, '现金支付', '20230531154607503', NULL, '2023-01-01 00:00:00', 1, 108, '押金', '2023-01-01 00:00:00', '3_15.00_4_30.00_5_270.00_6_20.00_7_25.00_8_40.00_9_50.00_10_10.00');
INSERT INTO `order_pay` VALUES (240, 56, 1066.03, '现金支付', '20230531162153624', NULL, '2023-01-31 16:55:43', 1, 108, '租金', '2023-01-31 16:55:43', '3_15.00_4_30.00_5_270.00_6_20.00_7_25.00_8_40.00_9_50.00_10_10.00');
INSERT INTO `order_pay` VALUES (241, 57, 1067.56, '现金支付', '20230531163034396', NULL, '2023-01-31 16:55:43', 1, 108, '租金', '2023-01-31 16:55:43', '3_15.00_4_30.00_5_270.00_6_20.00_7_25.00_8_40.00_9_50.00_10_10.00');
INSERT INTO `order_pay` VALUES (242, 58, 1069.09, '现金支付', '20230531163350805', NULL, '2023-01-31 16:55:43', 1, 108, '租金', '2023-01-31 16:55:43', '3_15.00_4_30.00_5_270.00_6_20.00_7_25.00_8_40.00_9_50.00_10_10.00');
INSERT INTO `order_pay` VALUES (243, 59, 1260.62, '现金支付', '20230531163350827', NULL, '2023-01-31 16:55:43', 1, 108, '租金', '2023-01-31 16:55:43', '3_15.00_4_30.00_5_270.00_6_20.00_7_25.00_8_40.00_9_50.00_10_10.00');
INSERT INTO `order_pay` VALUES (244, 60, 1262.15, '现金支付', '20230531163350839', NULL, '2023-01-31 16:55:43', 1, 108, '租金', '2023-01-31 16:55:43', '3_15.00_4_30.00_5_270.00_6_20.00_7_25.00_8_40.00_9_50.00_10_10.00');
INSERT INTO `order_pay` VALUES (245, 61, 1983.68, '现金支付', '20230531163350850', NULL, '2023-01-31 16:55:43', 1, 108, '租金', '2023-01-31 16:55:43', '3_15.00_4_30.00_5_270.00_6_20.00_7_25.00_8_40.00_9_50.00_10_10.00');
INSERT INTO `order_pay` VALUES (246, 62, 1985.15, '现金支付', '20230531163350865', NULL, '2023-01-31 16:55:43', 1, 108, '租金', '2023-01-31 16:55:43', '3_15.00_4_30.00_5_270.00_6_20.00_7_25.00_8_40.00_9_50.00_10_10.00');
INSERT INTO `order_pay` VALUES (247, 63, 2786.53, '现金支付', '20230531163350884', NULL, '2023-01-31 16:55:43', 1, 108, '租金', '2023-01-31 16:55:43', '3_15.00_4_30.00_5_270.00_6_20.00_7_25.00_8_40.00_9_50.00_10_10.00');
INSERT INTO `order_pay` VALUES (248, 64, 2788.06, '现金支付', '20230531163350899', NULL, '2023-01-31 16:55:43', 1, 108, '租金', '2023-01-31 16:55:43', '3_15.00_4_30.00_5_270.00_6_20.00_7_25.00_8_40.00_9_50.00_10_10.00');
INSERT INTO `order_pay` VALUES (249, 65, 1079.59, '现金支付', '20230531163350911', NULL, '2023-01-31 16:55:43', 1, 108, '租金', '2023-01-31 16:55:43', '3_15.00_4_30.00_5_270.00_6_20.00_7_25.00_8_40.00_9_50.00_10_10.00');
INSERT INTO `order_pay` VALUES (250, 66, 1231.12, '现金支付', '20230531163350918', NULL, '2023-01-31 16:55:43', 1, 108, '租金', '2023-01-31 16:55:43', '3_15.00_4_30.00_5_270.00_6_20.00_7_25.00_8_40.00_9_50.00_10_10.00');
INSERT INTO `order_pay` VALUES (251, 67, 1232.65, '现金支付', '20230531163350934', NULL, '2023-01-31 16:55:43', 1, 108, '租金', '2023-01-31 16:55:43', '3_15.00_4_30.00_5_270.00_6_20.00_7_25.00_8_40.00_9_50.00_10_10.00');
INSERT INTO `order_pay` VALUES (252, 68, 1234.18, '现金支付', '20230531163350946', NULL, '2023-01-31 16:55:43', 1, 108, '租金', '2023-01-31 16:55:43', '3_15.00_4_30.00_5_270.00_6_20.00_7_25.00_8_40.00_9_50.00_10_10.00');
INSERT INTO `order_pay` VALUES (253, 69, 1235.65, '现金支付', '20230531163350953', NULL, '2023-01-31 16:55:43', 1, 108, '租金', '2023-01-31 16:55:43', '3_15.00_4_30.00_5_270.00_6_20.00_7_25.00_8_40.00_9_50.00_10_10.00');
INSERT INTO `order_pay` VALUES (254, 70, 1757.03, '现金支付', '20230531163350965', NULL, '2023-01-31 16:55:43', 1, 108, '租金', '2023-01-31 16:55:43', '3_15.00_4_30.00_5_270.00_6_20.00_7_25.00_8_40.00_9_50.00_10_10.00');
INSERT INTO `order_pay` VALUES (255, 71, 1758.56, '现金支付', '20230531163350976', NULL, '2023-01-31 16:55:43', 1, 108, '租金', '2023-01-31 16:55:43', '3_15.00_4_30.00_5_270.00_6_20.00_7_25.00_8_40.00_9_50.00_10_10.00');
INSERT INTO `order_pay` VALUES (256, 72, 2850.09, '现金支付', '20230531163350987', NULL, '2023-01-31 16:55:43', 1, 108, '租金', '2023-01-31 16:55:43', '3_15.00_4_30.00_5_270.00_6_20.00_7_25.00_8_40.00_9_50.00_10_10.00');
INSERT INTO `order_pay` VALUES (257, 73, 2851.62, '现金支付', '20230531163350999', NULL, '2023-01-31 16:55:43', 1, 108, '租金', '2023-01-31 16:55:43', '3_15.00_4_30.00_5_270.00_6_20.00_7_25.00_8_40.00_9_50.00_10_10.00');
INSERT INTO `order_pay` VALUES (258, 74, 1243.15, '现金支付', '20230531163351010', NULL, '2023-01-31 16:55:43', 1, 108, '租金', '2023-01-31 16:55:43', '3_15.00_4_30.00_5_270.00_6_20.00_7_25.00_8_40.00_9_50.00_10_10.00');
INSERT INTO `order_pay` VALUES (259, 75, 1094.68, '现金支付', '20230531163351021', NULL, '2023-01-31 16:55:43', 1, 108, '租金', '2023-01-31 16:55:43', '3_15.00_4_30.00_5_270.00_6_20.00_7_25.00_8_40.00_9_50.00_10_10.00');
INSERT INTO `order_pay` VALUES (260, 76, 1096.15, '现金支付', '20230531163351033', NULL, '2023-01-31 16:55:43', 1, 108, '租金', '2023-01-31 16:55:43', '3_15.00_4_30.00_5_270.00_6_20.00_7_25.00_8_40.00_9_50.00_10_10.00');
INSERT INTO `order_pay` VALUES (261, 77, 1097.53, '现金支付', '20230531163351048', NULL, '2023-01-31 16:55:43', 1, 108, '租金', '2023-01-31 16:55:43', '3_15.00_4_30.00_5_270.00_6_20.00_7_25.00_8_40.00_9_50.00_10_10.00');
INSERT INTO `order_pay` VALUES (262, 78, 1289.06, '现金支付', '20230531163351056', NULL, '2023-01-31 16:55:43', 1, 108, '租金', '2023-01-31 16:55:43', '3_15.00_4_30.00_5_270.00_6_20.00_7_25.00_8_40.00_9_50.00_10_10.00');
INSERT INTO `order_pay` VALUES (263, 79, 1290.59, '现金支付', '20230531163351067', NULL, '2023-01-31 16:55:43', 1, 108, '租金', '2023-01-31 16:55:43', '3_15.00_4_30.00_5_270.00_6_20.00_7_25.00_8_40.00_9_50.00_10_10.00');
INSERT INTO `order_pay` VALUES (264, 80, 2012.12, '现金支付', '20230531163351082', NULL, '2023-01-31 16:55:43', 1, 108, '租金', '2023-01-31 16:55:43', '3_15.00_4_30.00_5_270.00_6_20.00_7_25.00_8_40.00_9_50.00_10_10.00');
INSERT INTO `order_pay` VALUES (265, 81, 2013.65, '现金支付', '20230531163351094', NULL, '2023-01-31 16:55:43', 1, 108, '租金', '2023-01-31 16:55:43', '3_15.00_4_30.00_5_270.00_6_20.00_7_25.00_8_40.00_9_50.00_10_10.00');
INSERT INTO `order_pay` VALUES (266, 82, 2815.18, '现金支付', '20230531163351101', NULL, '2023-01-31 16:55:43', 1, 108, '租金', '2023-01-31 16:55:43', '3_15.00_4_30.00_5_270.00_6_20.00_7_25.00_8_40.00_9_50.00_10_10.00');
INSERT INTO `order_pay` VALUES (267, 83, 2816.65, '现金支付', '20230531163351116', NULL, '2023-01-31 16:55:43', 1, 108, '租金', '2023-01-31 16:55:43', '3_15.00_4_30.00_5_270.00_6_20.00_7_25.00_8_40.00_9_50.00_10_10.00');
INSERT INTO `order_pay` VALUES (268, 84, 1108.03, '现金支付', '20230531163351128', NULL, '2023-01-31 16:55:43', 1, 108, '租金', '2023-01-31 16:55:43', '3_15.00_4_30.00_5_270.00_6_20.00_7_25.00_8_40.00_9_50.00_10_10.00');
INSERT INTO `order_pay` VALUES (269, 85, 1259.56, '现金支付', '20230531163351142', NULL, '2023-01-31 16:55:43', 1, 108, '租金', '2023-01-31 16:55:43', '3_15.00_4_30.00_5_270.00_6_20.00_7_25.00_8_40.00_9_50.00_10_10.00');
INSERT INTO `order_pay` VALUES (270, 86, 1261.09, '现金支付', '20230531163351151', NULL, '2023-01-31 16:55:43', 1, 108, '租金', '2023-01-31 16:55:43', '3_15.00_4_30.00_5_270.00_6_20.00_7_25.00_8_40.00_9_50.00_10_10.00');
INSERT INTO `order_pay` VALUES (271, 87, 1262.62, '现金支付', '20230531163351166', NULL, '2023-01-31 16:55:43', 1, 108, '租金', '2023-01-31 16:55:43', '3_15.00_4_30.00_5_270.00_6_20.00_7_25.00_8_40.00_9_50.00_10_10.00');
INSERT INTO `order_pay` VALUES (272, 88, 1264.15, '现金支付', '20230531163351177', NULL, '2023-01-31 16:55:43', 1, 108, '租金', '2023-01-31 16:55:43', '3_15.00_4_30.00_5_270.00_6_20.00_7_25.00_8_40.00_9_50.00_10_10.00');
INSERT INTO `order_pay` VALUES (273, 89, 1785.68, '现金支付', '20230531163351185', NULL, '2023-01-31 16:55:43', 1, 108, '租金', '2023-01-31 16:55:43', '3_15.00_4_30.00_5_270.00_6_20.00_7_25.00_8_40.00_9_50.00_10_10.00');
INSERT INTO `order_pay` VALUES (274, 90, 1787.15, '现金支付', '20230531163351196', NULL, '2023-01-31 16:55:43', 1, 108, '租金', '2023-01-31 16:55:43', '3_15.00_4_30.00_5_270.00_6_20.00_7_25.00_8_40.00_9_50.00_10_10.00');
INSERT INTO `order_pay` VALUES (275, 91, 2878.53, '现金支付', '20230531163351211', NULL, '2023-01-31 16:55:43', 1, 108, '租金', '2023-01-31 16:55:43', '3_15.00_4_30.00_5_270.00_6_20.00_7_25.00_8_40.00_9_50.00_10_10.00');
INSERT INTO `order_pay` VALUES (276, 92, 2880.06, '现金支付', '20230531163351219', NULL, '2023-01-31 16:55:43', 1, 108, '租金', '2023-01-31 16:55:43', '3_15.00_4_30.00_5_270.00_6_20.00_7_25.00_8_40.00_9_50.00_10_10.00');
INSERT INTO `order_pay` VALUES (277, 93, 1271.59, '现金支付', '20230531163351230', NULL, '2023-01-31 16:55:43', 1, 108, '租金', '2023-01-31 16:55:43', '3_15.00_4_30.00_5_270.00_6_20.00_7_25.00_8_40.00_9_50.00_10_10.00');
INSERT INTO `order_pay` VALUES (278, 94, 1123.12, '现金支付', '20230531163351242', NULL, '2023-01-31 16:55:43', 1, 108, '租金', '2023-01-31 16:55:43', '3_15.00_4_30.00_5_270.00_6_20.00_7_25.00_8_40.00_9_50.00_10_10.00');
INSERT INTO `order_pay` VALUES (279, 95, 1124.65, '现金支付', '20230531163351253', NULL, '2023-01-31 16:55:43', 1, 108, '租金', '2023-01-31 16:55:43', '3_15.00_4_30.00_5_270.00_6_20.00_7_25.00_8_40.00_9_50.00_10_10.00');
INSERT INTO `order_pay` VALUES (280, 96, 1126.18, '现金支付', '20230531163351265', NULL, '2023-01-31 16:55:43', 1, 108, '租金', '2023-01-31 16:55:43', '3_15.00_4_30.00_5_270.00_6_20.00_7_25.00_8_40.00_9_50.00_10_10.00');
INSERT INTO `order_pay` VALUES (281, 97, 1317.65, '现金支付', '20230531163351276', NULL, '2023-01-31 16:55:43', 1, 108, '租金', '2023-01-31 16:55:43', '3_15.00_4_30.00_5_270.00_6_20.00_7_25.00_8_40.00_9_50.00_10_10.00');
INSERT INTO `order_pay` VALUES (282, 98, 1319.03, '现金支付', '20230531163351284', NULL, '2023-01-31 16:55:43', 1, 108, '租金', '2023-01-31 16:55:43', '3_15.00_4_30.00_5_270.00_6_20.00_7_25.00_8_40.00_9_50.00_10_10.00');
INSERT INTO `order_pay` VALUES (283, 99, 2040.56, '现金支付', '20230531163351296', NULL, '2023-01-31 16:55:43', 1, 108, '租金', '2023-01-31 16:55:43', '3_15.00_4_30.00_5_270.00_6_20.00_7_25.00_8_40.00_9_50.00_10_10.00');
INSERT INTO `order_pay` VALUES (284, 100, 2042.09, '现金支付', '20230531163351303', NULL, '2023-01-31 16:55:43', 1, 108, '租金', '2023-01-31 16:55:43', '3_15.00_4_30.00_5_270.00_6_20.00_7_25.00_8_40.00_9_50.00_10_10.00');
INSERT INTO `order_pay` VALUES (285, 101, 2843.62, '现金支付', '20230531163351314', NULL, '2023-01-31 16:55:43', 1, 108, '租金', '2023-01-31 16:55:43', '3_15.00_4_30.00_5_270.00_6_20.00_7_25.00_8_40.00_9_50.00_10_10.00');
INSERT INTO `order_pay` VALUES (286, 102, 2845.15, '现金支付', '20230531163351322', NULL, '2023-01-31 16:55:43', 1, 108, '租金', '2023-01-31 16:55:43', '3_15.00_4_30.00_5_270.00_6_20.00_7_25.00_8_40.00_9_50.00_10_10.00');
INSERT INTO `order_pay` VALUES (287, 103, 1136.68, '现金支付', '20230531163351333', NULL, '2023-01-31 16:55:43', 1, 108, '租金', '2023-01-31 16:55:43', '3_15.00_4_30.00_5_270.00_6_20.00_7_25.00_8_40.00_9_50.00_10_10.00');
INSERT INTO `order_pay` VALUES (288, 104, 1288.15, '现金支付', '20230531163351342', NULL, '2023-01-31 16:55:43', 1, 108, '租金', '2023-01-31 16:55:43', '3_15.00_4_30.00_5_270.00_6_20.00_7_25.00_8_40.00_9_50.00_10_10.00');
INSERT INTO `order_pay` VALUES (289, 105, 1289.53, '现金支付', '20230531163351349', NULL, '2023-01-31 16:55:43', 1, 108, '租金', '2023-01-31 16:55:43', '3_15.00_4_30.00_5_270.00_6_20.00_7_25.00_8_40.00_9_50.00_10_10.00');
INSERT INTO `order_pay` VALUES (290, 106, 1291.06, '现金支付', '20230531163351360', NULL, '2023-01-31 16:55:43', 1, 108, '租金', '2023-01-31 16:55:43', '3_15.00_4_30.00_5_270.00_6_20.00_7_25.00_8_40.00_9_50.00_10_10.00');
INSERT INTO `order_pay` VALUES (291, 107, 1292.59, '现金支付', '20230531163351368', NULL, '2023-01-31 16:55:43', 1, 108, '租金', '2023-01-31 16:55:43', '3_15.00_4_30.00_5_270.00_6_20.00_7_25.00_8_40.00_9_50.00_10_10.00');
INSERT INTO `order_pay` VALUES (292, 108, 1814.12, '现金支付', '20230531163351379', NULL, '2023-01-31 16:55:43', 1, 108, '租金', '2023-01-31 16:55:43', '3_15.00_4_30.00_5_270.00_6_20.00_7_25.00_8_40.00_9_50.00_10_10.00');
INSERT INTO `order_pay` VALUES (293, 109, 1815.65, '现金支付', '20230531163351387', NULL, '2023-01-31 16:55:43', 1, 108, '租金', '2023-01-31 16:55:43', '3_15.00_4_30.00_5_270.00_6_20.00_7_25.00_8_40.00_9_50.00_10_10.00');
INSERT INTO `order_pay` VALUES (294, 110, 2907.18, '现金支付', '20230531163351398', NULL, '2023-01-31 16:55:43', 1, 108, '租金', '2023-01-31 16:55:43', '3_15.00_4_30.00_5_270.00_6_20.00_7_25.00_8_40.00_9_50.00_10_10.00');
INSERT INTO `order_pay` VALUES (295, 111, 2908.65, '现金支付', '20230531163351406', NULL, '2023-01-31 16:55:43', 1, 108, '租金', '2023-01-31 16:55:43', '3_15.00_4_30.00_5_270.00_6_20.00_7_25.00_8_40.00_9_50.00_10_10.00');
INSERT INTO `order_pay` VALUES (296, 112, 1300.03, '现金支付', '20230531163351413', NULL, '2023-01-31 16:55:43', 1, 108, '租金', '2023-01-31 16:55:43', '3_15.00_4_30.00_5_270.00_6_20.00_7_25.00_8_40.00_9_50.00_10_10.00');
INSERT INTO `order_pay` VALUES (297, 113, 1151.56, '现金支付', '20230531163351425', NULL, '2023-01-31 16:55:43', 1, 108, '租金', '2023-01-31 16:55:43', '3_15.00_4_30.00_5_270.00_6_20.00_7_25.00_8_40.00_9_50.00_10_10.00');
INSERT INTO `order_pay` VALUES (298, 114, 1153.09, '现金支付', '20230531163351436', NULL, '2023-01-31 16:55:43', 1, 108, '租金', '2023-01-31 16:55:43', '3_15.00_4_30.00_5_270.00_6_20.00_7_25.00_8_40.00_9_50.00_10_10.00');
INSERT INTO `order_pay` VALUES (299, 115, 1154.62, '现金支付', '20230531163351444', NULL, '2023-01-31 16:55:43', 1, 108, '租金', '2023-01-31 16:55:43', '3_15.00_4_30.00_5_270.00_6_20.00_7_25.00_8_40.00_9_50.00_10_10.00');
INSERT INTO `order_pay` VALUES (300, 116, 1346.15, '现金支付', '20230531163351455', NULL, '2023-01-31 16:55:43', 1, 108, '租金', '2023-01-31 16:55:43', '3_15.00_4_30.00_5_270.00_6_20.00_7_25.00_8_40.00_9_50.00_10_10.00');
INSERT INTO `order_pay` VALUES (301, 117, 1347.68, '现金支付', '20230531163351463', NULL, '2023-01-31 16:55:43', 1, 108, '租金', '2023-01-31 16:55:43', '3_15.00_4_30.00_5_270.00_6_20.00_7_25.00_8_40.00_9_50.00_10_10.00');
INSERT INTO `order_pay` VALUES (302, 118, 2069.15, '现金支付', '20230531163351478', NULL, '2023-01-31 16:55:43', 1, 108, '租金', '2023-01-31 16:55:43', '3_15.00_4_30.00_5_270.00_6_20.00_7_25.00_8_40.00_9_50.00_10_10.00');
INSERT INTO `order_pay` VALUES (303, 119, 2070.53, '现金支付', '20230531163351486', NULL, '2023-01-31 16:55:43', 1, 108, '租金', '2023-01-31 16:55:43', '3_15.00_4_30.00_5_270.00_6_20.00_7_25.00_8_40.00_9_50.00_10_10.00');
INSERT INTO `order_pay` VALUES (304, 120, 2872.06, '现金支付', '20230531163351501', NULL, '2023-01-31 16:55:43', 1, 108, '租金', '2023-01-31 16:55:43', '3_15.00_4_30.00_5_270.00_6_20.00_7_25.00_8_40.00_9_50.00_10_10.00');
INSERT INTO `order_pay` VALUES (305, 121, 2873.59, '现金支付', '20230531163351512', NULL, '2023-01-31 16:55:43', 1, 108, '租金', '2023-01-31 16:55:43', '3_15.00_4_30.00_5_270.00_6_20.00_7_25.00_8_40.00_9_50.00_10_10.00');
INSERT INTO `order_pay` VALUES (306, 122, 1165.12, '现金支付', '20230531163351524', NULL, '2023-01-31 16:55:43', 1, 108, '租金', '2023-01-31 16:55:43', '3_15.00_4_30.00_5_270.00_6_20.00_7_25.00_8_40.00_9_50.00_10_10.00');
INSERT INTO `order_pay` VALUES (307, 123, 1316.65, '现金支付', '20230531163351531', NULL, '2023-01-31 16:55:43', 1, 108, '租金', '2023-01-31 16:55:43', '3_15.00_4_30.00_5_270.00_6_20.00_7_25.00_8_40.00_9_50.00_10_10.00');
INSERT INTO `order_pay` VALUES (308, 124, 1318.18, '现金支付', '20230531163351542', NULL, '2023-01-31 16:55:43', 1, 108, '租金', '2023-01-31 16:55:43', '3_15.00_4_30.00_5_270.00_6_20.00_7_25.00_8_40.00_9_50.00_10_10.00');
INSERT INTO `order_pay` VALUES (309, 125, 1319.65, '现金支付', '20230531163351550', NULL, '2023-01-31 16:55:43', 1, 108, '租金', '2023-01-31 16:55:43', '3_15.00_4_30.00_5_270.00_6_20.00_7_25.00_8_40.00_9_50.00_10_10.00');
INSERT INTO `order_pay` VALUES (310, 126, 1321.03, '现金支付', '20230531163351557', NULL, '2023-01-31 16:55:43', 1, 108, '租金', '2023-01-31 16:55:43', '3_15.00_4_30.00_5_270.00_6_20.00_7_25.00_8_40.00_9_50.00_10_10.00');
INSERT INTO `order_pay` VALUES (311, 127, 1842.56, '现金支付', '20230531163351565', NULL, '2023-01-31 16:55:43', 1, 108, '租金', '2023-01-31 16:55:43', '3_15.00_4_30.00_5_270.00_6_20.00_7_25.00_8_40.00_9_50.00_10_10.00');
INSERT INTO `order_pay` VALUES (312, 128, 1844.09, '现金支付', '20230531163351572', NULL, '2023-01-31 16:55:43', 1, 108, '租金', '2023-01-31 16:55:43', '3_15.00_4_30.00_5_270.00_6_20.00_7_25.00_8_40.00_9_50.00_10_10.00');
INSERT INTO `order_pay` VALUES (313, 129, 2935.62, '现金支付', '20230531163351580', NULL, '2023-01-31 16:55:43', 1, 108, '租金', '2023-01-31 16:55:43', '3_15.00_4_30.00_5_270.00_6_20.00_7_25.00_8_40.00_9_50.00_10_10.00');
INSERT INTO `order_pay` VALUES (314, 130, 2937.15, '现金支付', '20230531163351591', NULL, '2023-01-31 16:55:43', 1, 108, '租金', '2023-01-31 16:55:43', '3_15.00_4_30.00_5_270.00_6_20.00_7_25.00_8_40.00_9_50.00_10_10.00');
INSERT INTO `order_pay` VALUES (315, 131, 1328.68, '现金支付', '20230531163351599', NULL, '2023-01-31 16:55:43', 1, 108, '租金', '2023-01-31 16:55:43', '3_15.00_4_30.00_5_270.00_6_20.00_7_25.00_8_40.00_9_50.00_10_10.00');
INSERT INTO `order_pay` VALUES (316, 132, 1180.15, '现金支付', '20230531163351610', NULL, '2023-01-31 16:55:43', 1, 108, '租金', '2023-01-31 16:55:43', '3_15.00_4_30.00_5_270.00_6_20.00_7_25.00_8_40.00_9_50.00_10_10.00');
INSERT INTO `order_pay` VALUES (317, 133, 1181.53, '现金支付', '20230531163351614', NULL, '2023-01-31 16:55:43', 1, 108, '租金', '2023-01-31 16:55:43', '3_15.00_4_30.00_5_270.00_6_20.00_7_25.00_8_40.00_9_50.00_10_10.00');
INSERT INTO `order_pay` VALUES (318, 134, 1183.06, '现金支付', '20230531163351625', NULL, '2023-01-31 16:55:43', 1, 108, '租金', '2023-01-31 16:55:43', '3_15.00_4_30.00_5_270.00_6_20.00_7_25.00_8_40.00_9_50.00_10_10.00');
INSERT INTO `order_pay` VALUES (319, 135, 1374.59, '现金支付', '20230531163351633', NULL, '2023-01-31 16:55:43', 1, 108, '租金', '2023-01-31 16:55:43', '3_15.00_4_30.00_5_270.00_6_20.00_7_25.00_8_40.00_9_50.00_10_10.00');
INSERT INTO `order_pay` VALUES (320, 136, 1376.12, '现金支付', '20230531163351645', NULL, '2023-01-31 16:55:43', 1, 108, '租金', '2023-01-31 16:55:43', '3_15.00_4_30.00_5_270.00_6_20.00_7_25.00_8_40.00_9_50.00_10_10.00');
INSERT INTO `order_pay` VALUES (321, 137, 2097.65, '现金支付', '20230531163351652', NULL, '2023-01-31 16:55:43', 1, 108, '租金', '2023-01-31 16:55:43', '3_15.00_4_30.00_5_270.00_6_20.00_7_25.00_8_40.00_9_50.00_10_10.00');
INSERT INTO `order_pay` VALUES (322, 138, 2099.18, '现金支付', '20230531163351663', NULL, '2023-01-31 16:55:43', 1, 108, '租金', '2023-01-31 16:55:43', '3_15.00_4_30.00_5_270.00_6_20.00_7_25.00_8_40.00_9_50.00_10_10.00');
INSERT INTO `order_pay` VALUES (323, 139, 2900.65, '现金支付', '20230531163351671', NULL, '2023-01-31 16:55:43', 1, 108, '租金', '2023-01-31 16:55:43', '3_15.00_4_30.00_5_270.00_6_20.00_7_25.00_8_40.00_9_50.00_10_10.00');
INSERT INTO `order_pay` VALUES (324, 140, 2905.00, '现金支付', '20230531163351694', NULL, '2023-01-31 16:55:43', 1, 108, '租金', '2023-01-31 16:55:43', '3_15.00_4_30.00_5_270.00_6_20.00_7_25.00_8_40.00_9_50.00_10_10.00');
INSERT INTO `order_pay` VALUES (325, 141, 1193.50, '现金支付', '20230531163351703', NULL, '2023-01-31 16:55:43', 1, 108, '租金', '2023-01-31 16:55:43', '3_15.00_4_30.00_5_270.00_6_20.00_7_25.00_8_40.00_9_50.00_10_10.00');
INSERT INTO `order_pay` VALUES (326, 142, 1354.00, '现金支付', '20230531163351713', NULL, '2023-01-31 16:55:43', 1, 108, '租金', '2023-01-31 16:55:43', '3_15.00_4_30.00_5_270.00_6_20.00_7_25.00_8_40.00_9_50.00_10_10.00');
INSERT INTO `order_pay` VALUES (327, 143, 1349.50, '现金支付', '20230531163351721', NULL, '2023-01-31 16:55:43', 1, 108, '租金', '2023-01-31 16:55:43', '3_15.00_4_30.00_5_270.00_6_20.00_7_25.00_8_40.00_9_50.00_10_10.00');
INSERT INTO `order_pay` VALUES (328, 144, 1351.00, '现金支付', '20230531163351732', NULL, '2023-01-31 16:55:43', 1, 108, '租金', '2023-01-31 16:55:43', '3_15.00_4_30.00_5_270.00_6_20.00_7_25.00_8_40.00_9_50.00_10_10.00');
INSERT INTO `order_pay` VALUES (329, 145, 1349.50, '现金支付', '20230531163351739', NULL, '2023-01-31 16:55:43', 1, 108, '租金', '2023-01-31 16:55:43', '3_15.00_4_30.00_5_270.00_6_20.00_7_25.00_8_40.00_9_50.00_10_10.00');
INSERT INTO `order_pay` VALUES (330, 146, 1352.65, '现金支付', '20230531163351748', NULL, '2023-01-31 16:55:43', 1, 108, '租金', '2023-01-31 16:55:43', '3_15.00_4_30.00_5_270.00_6_20.00_7_25.00_8_40.00_9_50.00_10_10.00');
INSERT INTO `order_pay` VALUES (331, 147, 1875.50, '现金支付', '20230531163351756', NULL, '2023-01-31 16:55:43', 1, 108, '租金', '2023-01-31 16:55:43', '3_15.00_4_30.00_5_270.00_6_20.00_7_25.00_8_40.00_9_50.00_10_10.00');
INSERT INTO `order_pay` VALUES (332, 56, 1076.54, '现金支付', '20230531192823774', NULL, '2023-02-28 00:00:00', 1, 108, '租金', '2023-02-28 00:00:00', '3_15.00_4_30.00_5_270.00_6_20.00_7_25.00_8_40.00_9_50.00_10_10.00');
INSERT INTO `order_pay` VALUES (333, 57, 1078.09, '现金支付', '20230531192823793', NULL, '2023-02-28 00:00:00', 1, 108, '租金', '2023-02-28 00:00:00', '3_15.00_4_30.00_5_270.00_6_20.00_7_25.00_8_40.00_9_50.00_10_10.00');
INSERT INTO `order_pay` VALUES (334, 65, 1090.14, '现金支付', '20230531192823805', NULL, '2023-02-28 00:00:00', 1, 108, '租金', '2023-02-28 00:00:00', '3_15.00_4_30.00_5_270.00_6_20.00_7_25.00_8_40.00_9_50.00_10_10.00');
INSERT INTO `order_pay` VALUES (335, 58, 1079.64, '现金支付', '20230531192823845', NULL, '2023-02-28 00:00:00', 1, 108, '租金', '2023-02-28 00:00:00', '3_15.00_4_30.00_5_270.00_6_20.00_7_25.00_8_40.00_9_50.00_10_10.00');
INSERT INTO `order_pay` VALUES (336, 59, 1271.18, '现金支付', '20230531192823860', NULL, '2023-02-28 00:00:00', 1, 108, '租金', '2023-02-28 00:00:00', '3_15.00_4_30.00_5_270.00_6_20.00_7_25.00_8_40.00_9_50.00_10_10.00');
INSERT INTO `order_pay` VALUES (337, 60, 1272.73, '现金支付', '20230531192823872', NULL, '2023-02-28 00:00:00', 1, 108, '租金', '2023-02-28 00:00:00', '3_15.00_4_30.00_5_270.00_6_20.00_7_25.00_8_40.00_9_50.00_10_10.00');
INSERT INTO `order_pay` VALUES (338, 61, 1994.27, '现金支付', '20230531192823880', NULL, '2023-02-28 00:00:00', 1, 108, '租金', '2023-02-28 00:00:00', '3_15.00_4_30.00_5_270.00_6_20.00_7_25.00_8_40.00_9_50.00_10_10.00');
INSERT INTO `order_pay` VALUES (339, 62, 2027.00, '现金支付', '20230531192823892', NULL, '2023-02-28 00:00:00', 1, 108, '租金', '2023-02-28 00:00:00', '3_15.00_4_30.00_5_270.00_6_20.00_7_25.00_8_40.00_9_50.00_10_10.00');
INSERT INTO `order_pay` VALUES (340, 63, 2797.05, '现金支付', '20230531192823899', NULL, '2023-02-28 00:00:00', 1, 108, '租金', '2023-02-28 00:00:00', '3_15.00_4_30.00_5_270.00_6_20.00_7_25.00_8_40.00_9_50.00_10_10.00');
INSERT INTO `order_pay` VALUES (341, 64, 2798.59, '现金支付', '20230531192823907', NULL, '2023-02-28 00:00:00', 1, 108, '租金', '2023-02-28 00:00:00', '3_15.00_4_30.00_5_270.00_6_20.00_7_25.00_8_40.00_9_50.00_10_10.00');
INSERT INTO `order_pay` VALUES (342, 74, 1253.73, '现金支付', '20230531192823942', NULL, '2023-02-28 00:00:00', 1, 108, '租金', '2023-02-28 00:00:00', '3_15.00_4_30.00_5_270.00_6_20.00_7_25.00_8_40.00_9_50.00_10_10.00');
INSERT INTO `order_pay` VALUES (343, 66, 1241.68, '现金支付', '20230531192823962', NULL, '2023-02-28 00:00:00', 1, 108, '租金', '2023-02-28 00:00:00', '3_15.00_4_30.00_5_270.00_6_20.00_7_25.00_8_40.00_9_50.00_10_10.00');
INSERT INTO `order_pay` VALUES (344, 67, 1243.23, '现金支付', '20230531192823982', NULL, '2023-02-28 00:00:00', 1, 108, '租金', '2023-02-28 00:00:00', '3_15.00_4_30.00_5_270.00_6_20.00_7_25.00_8_40.00_9_50.00_10_10.00');
INSERT INTO `order_pay` VALUES (345, 68, 1271.50, '现金支付', '20230531192823989', NULL, '2023-02-28 00:00:00', 1, 108, '租金', '2023-02-28 00:00:00', '3_15.00_4_30.00_5_270.00_6_20.00_7_25.00_8_40.00_9_50.00_10_10.00');
INSERT INTO `order_pay` VALUES (346, 69, 1246.23, '现金支付', '20230531192823997', NULL, '2023-02-28 00:00:00', 1, 108, '租金', '2023-02-28 00:00:00', '3_15.00_4_30.00_5_270.00_6_20.00_7_25.00_8_40.00_9_50.00_10_10.00');
INSERT INTO `order_pay` VALUES (347, 70, 1848.50, '现金支付', '20230531192824009', NULL, '2023-02-28 00:00:00', 1, 108, '租金', '2023-02-28 00:00:00', '3_15.00_4_30.00_5_270.00_6_20.00_7_25.00_8_40.00_9_50.00_10_10.00');
INSERT INTO `order_pay` VALUES (348, 71, 1769.09, '现金支付', '20230531192824023', NULL, '2023-02-28 00:00:00', 1, 108, '租金', '2023-02-28 00:00:00', '3_15.00_4_30.00_5_270.00_6_20.00_7_25.00_8_40.00_9_50.00_10_10.00');
INSERT INTO `order_pay` VALUES (349, 72, 2860.64, '现金支付', '20230531192824029', NULL, '2023-02-28 00:00:00', 1, 108, '租金', '2023-02-28 00:00:00', '3_15.00_4_30.00_5_270.00_6_20.00_7_25.00_8_40.00_9_50.00_10_10.00');
INSERT INTO `order_pay` VALUES (350, 73, 2920.50, '现金支付', '20230531192824045', NULL, '2023-02-28 00:00:00', 1, 108, '租金', '2023-02-28 00:00:00', '3_15.00_4_30.00_5_270.00_6_20.00_7_25.00_8_40.00_9_50.00_10_10.00');
INSERT INTO `order_pay` VALUES (351, 84, 1094.50, '现金支付', '20230531192824057', NULL, '2023-02-28 00:00:00', 1, 108, '租金', '2023-02-28 00:00:00', '3_15.00_4_30.00_5_270.00_6_20.00_7_25.00_8_40.00_9_50.00_10_10.00');
INSERT INTO `order_pay` VALUES (352, 75, 1105.27, '现金支付', '20230531192824064', NULL, '2023-02-28 00:00:00', 1, 108, '租金', '2023-02-28 00:00:00', '3_15.00_4_30.00_5_270.00_6_20.00_7_25.00_8_40.00_9_50.00_10_10.00');
INSERT INTO `order_pay` VALUES (353, 76, 1106.73, '现金支付', '20230531192824072', NULL, '2023-02-28 00:00:00', 1, 108, '租金', '2023-02-28 00:00:00', '3_15.00_4_30.00_5_270.00_6_20.00_7_25.00_8_40.00_9_50.00_10_10.00');
INSERT INTO `order_pay` VALUES (354, 77, 1108.04, '现金支付', '20230531192824107', NULL, '2023-02-28 00:00:00', 1, 108, '租金', '2023-02-28 00:00:00', '3_15.00_4_30.00_5_270.00_6_20.00_7_25.00_8_40.00_9_50.00_10_10.00');
INSERT INTO `order_pay` VALUES (355, 78, 1299.59, '现金支付', '20230531192824125', NULL, '2023-02-28 00:00:00', 1, 108, '租金', '2023-02-28 00:00:00', '3_15.00_4_30.00_5_270.00_6_20.00_7_25.00_8_40.00_9_50.00_10_10.00');
INSERT INTO `order_pay` VALUES (356, 79, 1323.59, '现金支付', '20230531192824136', NULL, '2023-02-28 00:00:00', 1, 108, '租金', '2023-02-28 00:00:00', '3_15.00_4_30.00_5_270.00_6_20.00_7_25.00_8_40.00_9_50.00_10_10.00');
INSERT INTO `order_pay` VALUES (357, 80, 1989.68, '现金支付', '20230531192824144', NULL, '2023-02-28 00:00:00', 1, 108, '租金', '2023-02-28 00:00:00', '3_15.00_4_30.00_5_270.00_6_20.00_7_25.00_8_40.00_9_50.00_10_10.00');
INSERT INTO `order_pay` VALUES (358, 81, 1991.23, '现金支付', '20230531192824156', NULL, '2023-02-28 00:00:00', 1, 108, '租金', '2023-02-28 00:00:00', '3_15.00_4_30.00_5_270.00_6_20.00_7_25.00_8_40.00_9_50.00_10_10.00');
INSERT INTO `order_pay` VALUES (359, 82, 2792.77, '现金支付', '20230531192824164', NULL, '2023-02-28 00:00:00', 1, 108, '租金', '2023-02-28 00:00:00', '3_15.00_4_30.00_5_270.00_6_20.00_7_25.00_8_40.00_9_50.00_10_10.00');
INSERT INTO `order_pay` VALUES (360, 83, 2794.23, '现金支付', '20230531192824175', NULL, '2023-02-28 00:00:00', 1, 108, '租金', '2023-02-28 00:00:00', '3_15.00_4_30.00_5_270.00_6_20.00_7_25.00_8_40.00_9_50.00_10_10.00');
INSERT INTO `order_pay` VALUES (361, 93, 1249.14, '现金支付', '20230531192824183', NULL, '2023-02-28 00:00:00', 1, 108, '租金', '2023-02-28 00:00:00', '3_15.00_4_30.00_5_270.00_6_20.00_7_25.00_8_40.00_9_50.00_10_10.00');
INSERT INTO `order_pay` VALUES (362, 85, 1246.00, '现金支付', '20230531192824191', NULL, '2023-02-28 00:00:00', 1, 108, '租金', '2023-02-28 00:00:00', '3_15.00_4_30.00_5_270.00_6_20.00_7_25.00_8_40.00_9_50.00_10_10.00');
INSERT INTO `order_pay` VALUES (363, 86, 1238.64, '现金支付', '20230531192824199', NULL, '2023-02-28 00:00:00', 1, 108, '租金', '2023-02-28 00:00:00', '3_15.00_4_30.00_5_270.00_6_20.00_7_25.00_8_40.00_9_50.00_10_10.00');
INSERT INTO `order_pay` VALUES (364, 87, 1253.50, '现金支付', '20230531192824210', NULL, '2023-02-28 00:00:00', 1, 108, '租金', '2023-02-28 00:00:00', '3_15.00_4_30.00_5_270.00_6_20.00_7_25.00_8_40.00_9_50.00_10_10.00');
INSERT INTO `order_pay` VALUES (365, 88, 1241.73, '现金支付', '20230531192824222', NULL, '2023-02-28 00:00:00', 1, 108, '租金', '2023-02-28 00:00:00', '3_15.00_4_30.00_5_270.00_6_20.00_7_25.00_8_40.00_9_50.00_10_10.00');
INSERT INTO `order_pay` VALUES (366, 89, 1781.00, '现金支付', '20230531192824226', NULL, '2023-02-28 00:00:00', 1, 108, '租金', '2023-02-28 00:00:00', '3_15.00_4_30.00_5_270.00_6_20.00_7_25.00_8_40.00_9_50.00_10_10.00');
INSERT INTO `order_pay` VALUES (367, 90, 1778.00, '现金支付', '20230531192824238', NULL, '2023-02-28 00:00:00', 1, 108, '租金', '2023-02-28 00:00:00', '3_15.00_4_30.00_5_270.00_6_20.00_7_25.00_8_40.00_9_50.00_10_10.00');
INSERT INTO `order_pay` VALUES (368, 91, 2856.05, '现金支付', '20230531192824246', NULL, '2023-02-28 00:00:00', 1, 108, '租金', '2023-02-28 00:00:00', '3_15.00_4_30.00_5_270.00_6_20.00_7_25.00_8_40.00_9_50.00_10_10.00');
INSERT INTO `order_pay` VALUES (369, 92, 2857.59, '现金支付', '20230531192824257', NULL, '2023-02-28 00:00:00', 1, 108, '租金', '2023-02-28 00:00:00', '3_15.00_4_30.00_5_270.00_6_20.00_7_25.00_8_40.00_9_50.00_10_10.00');
INSERT INTO `order_pay` VALUES (370, 103, 1081.27, '现金支付', '20230531192824269', NULL, '2023-02-28 00:00:00', 1, 108, '租金', '2023-02-28 00:00:00', '3_15.00_4_30.00_5_270.00_6_20.00_7_25.00_8_40.00_9_50.00_10_10.00');
INSERT INTO `order_pay` VALUES (371, 94, 1136.50, '现金支付', '20230531192824281', NULL, '2023-02-28 00:00:00', 1, 108, '租金', '2023-02-28 00:00:00', '3_15.00_4_30.00_5_270.00_6_20.00_7_25.00_8_40.00_9_50.00_10_10.00');
INSERT INTO `order_pay` VALUES (372, 95, 1102.23, '现金支付', '20230531192824289', NULL, '2023-02-28 00:00:00', 1, 108, '租金', '2023-02-28 00:00:00', '3_15.00_4_30.00_5_270.00_6_20.00_7_25.00_8_40.00_9_50.00_10_10.00');
INSERT INTO `order_pay` VALUES (373, 96, 1103.77, '现金支付', '20230531192824296', NULL, '2023-02-28 00:00:00', 1, 108, '租金', '2023-02-28 00:00:00', '3_15.00_4_30.00_5_270.00_6_20.00_7_25.00_8_40.00_9_50.00_10_10.00');
INSERT INTO `order_pay` VALUES (374, 97, 1295.23, '现金支付', '20230531192824308', NULL, '2023-02-28 00:00:00', 1, 108, '租金', '2023-02-28 00:00:00', '3_15.00_4_30.00_5_270.00_6_20.00_7_25.00_8_40.00_9_50.00_10_10.00');
INSERT INTO `order_pay` VALUES (375, 98, 1310.00, '现金支付', '20230531192824316', NULL, '2023-02-28 00:00:00', 1, 108, '租金', '2023-02-28 00:00:00', '3_15.00_4_30.00_5_270.00_6_20.00_7_25.00_8_40.00_9_50.00_10_10.00');
INSERT INTO `order_pay` VALUES (376, 99, 2018.09, '现金支付', '20230531192824325', NULL, '2023-02-28 00:00:00', 1, 108, '租金', '2023-02-28 00:00:00', '3_15.00_4_30.00_5_270.00_6_20.00_7_25.00_8_40.00_9_50.00_10_10.00');
INSERT INTO `order_pay` VALUES (377, 100, 2019.64, '现金支付', '20230531192824336', NULL, '2023-02-28 00:00:00', 1, 108, '租金', '2023-02-28 00:00:00', '3_15.00_4_30.00_5_270.00_6_20.00_7_25.00_8_40.00_9_50.00_10_10.00');
INSERT INTO `order_pay` VALUES (378, 101, 2879.50, '现金支付', '20230531192824344', NULL, '2023-02-28 00:00:00', 1, 108, '租金', '2023-02-28 00:00:00', '3_15.00_4_30.00_5_270.00_6_20.00_7_25.00_8_40.00_9_50.00_10_10.00');
INSERT INTO `order_pay` VALUES (379, 102, 2789.73, '现金支付', '20230531192824352', NULL, '2023-02-28 00:00:00', 1, 108, '租金', '2023-02-28 00:00:00', '3_15.00_4_30.00_5_270.00_6_20.00_7_25.00_8_40.00_9_50.00_10_10.00');
INSERT INTO `order_pay` VALUES (380, 112, 1283.02, '现金支付', '20230531192824360', NULL, '2023-02-28 00:00:00', 1, 108, '租金', '2023-02-28 00:00:00', '3_15.00_4_30.00_5_270.00_6_20.00_7_25.00_8_40.00_9_50.00_10_10.00');
INSERT INTO `order_pay` VALUES (381, 104, 1232.73, '现金支付', '20230531192824371', NULL, '2023-02-28 00:00:00', 1, 108, '租金', '2023-02-28 00:00:00', '3_15.00_4_30.00_5_270.00_6_20.00_7_25.00_8_40.00_9_50.00_10_10.00');
INSERT INTO `order_pay` VALUES (382, 105, 1234.05, '现金支付', '20230531192824379', NULL, '2023-02-28 00:00:00', 1, 108, '租金', '2023-02-28 00:00:00', '3_15.00_4_30.00_5_270.00_6_20.00_7_25.00_8_40.00_9_50.00_10_10.00');
INSERT INTO `order_pay` VALUES (383, 106, 1295.62, '现金支付', '20230531192824387', NULL, '2023-02-28 00:00:00', 1, 108, '租金', '2023-02-28 00:00:00', '3_15.00_4_30.00_5_270.00_6_20.00_7_25.00_8_40.00_9_50.00_10_10.00');
INSERT INTO `order_pay` VALUES (384, 107, 1237.14, '现金支付', '20230531192824395', NULL, '2023-02-28 00:00:00', 1, 108, '租金', '2023-02-28 00:00:00', '3_15.00_4_30.00_5_270.00_6_20.00_7_25.00_8_40.00_9_50.00_10_10.00');
INSERT INTO `order_pay` VALUES (385, 108, 1758.68, '现金支付', '20230531192824407', NULL, '2023-02-28 00:00:00', 1, 108, '租金', '2023-02-28 00:00:00', '3_15.00_4_30.00_5_270.00_6_20.00_7_25.00_8_40.00_9_50.00_10_10.00');
INSERT INTO `order_pay` VALUES (386, 109, 1760.23, '现金支付', '20230531192824414', NULL, '2023-02-28 00:00:00', 1, 108, '租金', '2023-02-28 00:00:00', '3_15.00_4_30.00_5_270.00_6_20.00_7_25.00_8_40.00_9_50.00_10_10.00');
INSERT INTO `order_pay` VALUES (387, 110, 2851.77, '现金支付', '20230531192824424', NULL, '2023-02-28 00:00:00', 1, 108, '租金', '2023-02-28 00:00:00', '3_15.00_4_30.00_5_270.00_6_20.00_7_25.00_8_40.00_9_50.00_10_10.00');
INSERT INTO `order_pay` VALUES (388, 111, 2853.23, '现金支付', '20230531192824430', NULL, '2023-02-28 00:00:00', 1, 108, '租金', '2023-02-28 00:00:00', '3_15.00_4_30.00_5_270.00_6_20.00_7_25.00_8_40.00_9_50.00_10_10.00');
INSERT INTO `order_pay` VALUES (389, 122, 1109.68, '现金支付', '20230531192824442', NULL, '2023-02-28 00:00:00', 1, 108, '租金', '2023-02-28 00:00:00', '3_15.00_4_30.00_5_270.00_6_20.00_7_25.00_8_40.00_9_50.00_10_10.00');
INSERT INTO `order_pay` VALUES (390, 113, 1096.09, '现金支付', '20230531192824454', NULL, '2023-02-28 00:00:00', 1, 108, '租金', '2023-02-28 00:00:00', '3_15.00_4_30.00_5_270.00_6_20.00_7_25.00_8_40.00_9_50.00_10_10.00');
INSERT INTO `order_pay` VALUES (391, 114, 1111.27, '现金支付', '20230531192824461', NULL, '2023-02-28 00:00:00', 1, 108, '租金', '2023-02-28 00:00:00', '3_15.00_4_30.00_5_270.00_6_20.00_7_25.00_8_40.00_9_50.00_10_10.00');
INSERT INTO `order_pay` VALUES (392, 115, 1099.18, '现金支付', '20230531192824473', NULL, '2023-02-28 00:00:00', 1, 108, '租金', '2023-02-28 00:00:00', '3_15.00_4_30.00_5_270.00_6_20.00_7_25.00_8_40.00_9_50.00_10_10.00');
INSERT INTO `order_pay` VALUES (393, 116, 1290.73, '现金支付', '20230531192824481', NULL, '2023-02-28 00:00:00', 1, 108, '租金', '2023-02-28 00:00:00', '3_15.00_4_30.00_5_270.00_6_20.00_7_25.00_8_40.00_9_50.00_10_10.00');
INSERT INTO `order_pay` VALUES (394, 117, 1292.27, '现金支付', '20230531192824493', NULL, '2023-02-28 00:00:00', 1, 108, '租金', '2023-02-28 00:00:00', '3_15.00_4_30.00_5_270.00_6_20.00_7_25.00_8_40.00_9_50.00_10_10.00');
INSERT INTO `order_pay` VALUES (395, 118, 2013.73, '现金支付', '20230531192824504', NULL, '2023-02-28 00:00:00', 1, 108, '租金', '2023-02-28 00:00:00', '3_15.00_4_30.00_5_270.00_6_20.00_7_25.00_8_40.00_9_50.00_10_10.00');
INSERT INTO `order_pay` VALUES (396, 119, 2015.05, '现金支付', '20230531192824512', NULL, '2023-02-28 00:00:00', 1, 108, '租金', '2023-02-28 00:00:00', '3_15.00_4_30.00_5_270.00_6_20.00_7_25.00_8_40.00_9_50.00_10_10.00');
INSERT INTO `order_pay` VALUES (397, 120, 2816.59, '现金支付', '20230531192824521', NULL, '2023-02-28 00:00:00', 1, 108, '租金', '2023-02-28 00:00:00', '3_15.00_4_30.00_5_270.00_6_20.00_7_25.00_8_40.00_9_50.00_10_10.00');
INSERT INTO `order_pay` VALUES (398, 121, 2818.14, '现金支付', '20230531192824529', NULL, '2023-02-28 00:00:00', 1, 108, '租金', '2023-02-28 00:00:00', '3_15.00_4_30.00_5_270.00_6_20.00_7_25.00_8_40.00_9_50.00_10_10.00');
INSERT INTO `order_pay` VALUES (399, 131, 1267.23, '现金支付', '20230531192824536', NULL, '2023-02-28 00:00:00', 1, 108, '租金', '2023-02-28 00:00:00', '3_15.00_4_30.00_5_270.00_6_20.00_7_25.00_8_40.00_9_50.00_10_10.00');
INSERT INTO `order_pay` VALUES (400, 123, 1261.23, '现金支付', '20230531192824544', NULL, '2023-02-28 00:00:00', 1, 108, '租金', '2023-02-28 00:00:00', '3_15.00_4_30.00_5_270.00_6_20.00_7_25.00_8_40.00_9_50.00_10_10.00');
INSERT INTO `order_pay` VALUES (401, 124, 1256.77, '现金支付', '20230531192824552', NULL, '2023-02-28 00:00:00', 1, 108, '租金', '2023-02-28 00:00:00', '3_15.00_4_30.00_5_270.00_6_20.00_7_25.00_8_40.00_9_50.00_10_10.00');
INSERT INTO `order_pay` VALUES (402, 125, 1231.23, '现金支付', '20230531192824560', NULL, '2023-02-28 00:00:00', 1, 108, '租金', '2023-02-28 00:00:00', '3_15.00_4_30.00_5_270.00_6_20.00_7_25.00_8_40.00_9_50.00_10_10.00');
INSERT INTO `order_pay` VALUES (403, 126, 1232.55, '现金支付', '20230531192824568', NULL, '2023-02-28 00:00:00', 1, 108, '租金', '2023-02-28 00:00:00', '3_15.00_4_30.00_5_270.00_6_20.00_7_25.00_8_40.00_9_50.00_10_10.00');
INSERT INTO `order_pay` VALUES (404, 127, 1754.09, '现金支付', '20230531192824575', NULL, '2023-02-28 00:00:00', 1, 108, '租金', '2023-02-28 00:00:00', '3_15.00_4_30.00_5_270.00_6_20.00_7_25.00_8_40.00_9_50.00_10_10.00');
INSERT INTO `order_pay` VALUES (405, 128, 1755.64, '现金支付', '20230531192824587', NULL, '2023-02-28 00:00:00', 1, 108, '租金', '2023-02-28 00:00:00', '3_15.00_4_30.00_5_270.00_6_20.00_7_25.00_8_40.00_9_50.00_10_10.00');
INSERT INTO `order_pay` VALUES (406, 129, 2847.18, '现金支付', '20230531192824595', NULL, '2023-02-28 00:00:00', 1, 108, '租金', '2023-02-28 00:00:00', '3_15.00_4_30.00_5_270.00_6_20.00_7_25.00_8_40.00_9_50.00_10_10.00');
INSERT INTO `order_pay` VALUES (407, 130, 2848.73, '现金支付', '20230531192824603', NULL, '2023-02-28 00:00:00', 1, 108, '租金', '2023-02-28 00:00:00', '3_15.00_4_30.00_5_270.00_6_20.00_7_25.00_8_40.00_9_50.00_10_10.00');
INSERT INTO `order_pay` VALUES (408, 141, 1105.00, '现金支付', '20230531192824611', NULL, '2023-02-28 00:00:00', 1, 108, '租金', '2023-02-28 00:00:00', '3_15.00_4_30.00_5_270.00_6_20.00_7_25.00_8_40.00_9_50.00_10_10.00');
INSERT INTO `order_pay` VALUES (409, 132, 1086.82, '现金支付', '20230531192824618', NULL, '2023-02-28 00:00:00', 1, 108, '租金', '2023-02-28 00:00:00', '3_15.00_4_30.00_5_270.00_6_20.00_7_25.00_8_40.00_9_50.00_10_10.00');
INSERT INTO `order_pay` VALUES (410, 133, 1093.04, '现金支付', '20230531192824626', NULL, '2023-02-28 00:00:00', 1, 108, '租金', '2023-02-28 00:00:00', '3_15.00_4_30.00_5_270.00_6_20.00_7_25.00_8_40.00_9_50.00_10_10.00');
INSERT INTO `order_pay` VALUES (411, 134, 1094.59, '现金支付', '20230531192824634', NULL, '2023-02-28 00:00:00', 1, 108, '租金', '2023-02-28 00:00:00', '3_15.00_4_30.00_5_270.00_6_20.00_7_25.00_8_40.00_9_50.00_10_10.00');
INSERT INTO `order_pay` VALUES (412, 135, 1316.83, '现金支付', '20230531192824644', NULL, '2023-02-28 00:00:00', 1, 108, '租金', '2023-02-28 00:00:00', '3_15.00_4_30.00_5_270.00_6_20.00_7_25.00_8_40.00_9_50.00_10_10.00');
INSERT INTO `order_pay` VALUES (413, 136, 1287.68, '现金支付', '20230531192824650', NULL, '2023-02-28 00:00:00', 1, 108, '租金', '2023-02-28 00:00:00', '3_15.00_4_30.00_5_270.00_6_20.00_7_25.00_8_40.00_9_50.00_10_10.00');
INSERT INTO `order_pay` VALUES (414, 137, 2009.23, '现金支付', '20230531192824662', NULL, '2023-02-28 00:00:00', 1, 108, '租金', '2023-02-28 00:00:00', '3_15.00_4_30.00_5_270.00_6_20.00_7_25.00_8_40.00_9_50.00_10_10.00');
INSERT INTO `order_pay` VALUES (415, 138, 2010.77, '现金支付', '20230531192824672', NULL, '2023-02-28 00:00:00', 1, 108, '租金', '2023-02-28 00:00:00', '3_15.00_4_30.00_5_270.00_6_20.00_7_25.00_8_40.00_9_50.00_10_10.00');
INSERT INTO `order_pay` VALUES (416, 139, 2812.23, '现金支付', '20230531192824692', NULL, '2023-02-28 00:00:00', 1, 108, '租金', '2023-02-28 00:00:00', '3_15.00_4_30.00_5_270.00_6_20.00_7_25.00_8_40.00_9_50.00_10_10.00');
INSERT INTO `order_pay` VALUES (417, 140, 2818.00, '现金支付', '20230531192824700', NULL, '2023-02-28 00:00:00', 1, 108, '租金', '2023-02-28 00:00:00', '3_15.00_4_30.00_5_270.00_6_20.00_7_25.00_8_40.00_9_50.00_10_10.00');
INSERT INTO `order_pay` VALUES (418, 142, 1270.00, '现金支付', '20230531192824710', NULL, '2023-02-28 00:00:00', 1, 108, '租金', '2023-02-28 00:00:00', '3_15.00_4_30.00_5_270.00_6_20.00_7_25.00_8_40.00_9_50.00_10_10.00');
INSERT INTO `order_pay` VALUES (419, 143, 1262.50, '现金支付', '20230531192824717', NULL, '2023-02-28 00:00:00', 1, 108, '租金', '2023-02-28 00:00:00', '3_15.00_4_30.00_5_270.00_6_20.00_7_25.00_8_40.00_9_50.00_10_10.00');
INSERT INTO `order_pay` VALUES (420, 144, 1264.00, '现金支付', '20230531192824726', NULL, '2023-02-28 00:00:00', 1, 108, '租金', '2023-02-28 00:00:00', '3_15.00_4_30.00_5_270.00_6_20.00_7_25.00_8_40.00_9_50.00_10_10.00');
INSERT INTO `order_pay` VALUES (421, 145, 1261.00, '现金支付', '20230531192824733', NULL, '2023-02-28 00:00:00', 1, 108, '租金', '2023-02-28 00:00:00', '3_15.00_4_30.00_5_270.00_6_20.00_7_25.00_8_40.00_9_50.00_10_10.00');
INSERT INTO `order_pay` VALUES (422, 146, 1275.48, '现金支付', '20230531192824742', NULL, '2023-02-28 00:00:00', 1, 108, '租金', '2023-02-28 00:00:00', '3_15.00_4_30.00_5_270.00_6_20.00_7_25.00_8_40.00_9_50.00_10_10.00');
INSERT INTO `order_pay` VALUES (423, 147, 1956.50, '现金支付', '20230531192824748', NULL, '2023-02-28 00:00:00', 1, 108, '租金', '2023-02-28 00:00:00', '3_15.00_4_30.00_5_270.00_6_20.00_7_25.00_8_40.00_9_50.00_10_10.00');
INSERT INTO `order_pay` VALUES (424, 56, 1175.50, '现金支付', '20230531193710545', NULL, '2023-03-31 00:00:00', 1, 108, '租金', '2023-03-31 00:00:00', '3_15.00_4_30.00_5_270.00_6_20.00_7_25.00_8_40.00_9_50.00_10_10.00');
INSERT INTO `order_pay` VALUES (425, 57, 1181.50, '现金支付', '20230531193710556', NULL, '2023-03-31 00:00:00', 1, 108, '租金', '2023-03-31 00:00:00', '3_15.00_4_30.00_5_270.00_6_20.00_7_25.00_8_40.00_9_50.00_10_10.00');
INSERT INTO `order_pay` VALUES (426, 65, 1166.64, '现金支付', '20230531193710671', NULL, '2023-03-31 00:00:00', 1, 108, '租金', '2023-03-31 00:00:00', '3_15.00_4_30.00_5_270.00_6_20.00_7_25.00_8_40.00_9_50.00_10_10.00');
INSERT INTO `order_pay` VALUES (427, 58, 1187.50, '现金支付', '20230531193710679', NULL, '2023-03-31 00:00:00', 1, 108, '租金', '2023-03-31 00:00:00', '3_15.00_4_30.00_5_270.00_6_20.00_7_25.00_8_40.00_9_50.00_10_10.00');
INSERT INTO `order_pay` VALUES (428, 59, 1383.50, '现金支付', '20230531193710690', NULL, '2023-03-31 00:00:00', 1, 108, '租金', '2023-03-31 00:00:00', '3_15.00_4_30.00_5_270.00_6_20.00_7_25.00_8_40.00_9_50.00_10_10.00');
INSERT INTO `order_pay` VALUES (429, 60, 1389.50, '现金支付', '20230531193710698', NULL, '2023-03-31 00:00:00', 1, 108, '租金', '2023-03-31 00:00:00', '3_15.00_4_30.00_5_270.00_6_20.00_7_25.00_8_40.00_9_50.00_10_10.00');
INSERT INTO `order_pay` VALUES (430, 61, 2115.50, '现金支付', '20230531193710710', NULL, '2023-03-31 00:00:00', 1, 108, '租金', '2023-03-31 00:00:00', '3_15.00_4_30.00_5_270.00_6_20.00_7_25.00_8_40.00_9_50.00_10_10.00');
INSERT INTO `order_pay` VALUES (431, 62, 2121.50, '现金支付', '20230531193710722', NULL, '2023-03-31 00:00:00', 1, 108, '租金', '2023-03-31 00:00:00', '3_15.00_4_30.00_5_270.00_6_20.00_7_25.00_8_40.00_9_50.00_10_10.00');
INSERT INTO `order_pay` VALUES (432, 63, 2927.50, '现金支付', '20230531193710729', NULL, '2023-03-31 00:00:00', 1, 108, '租金', '2023-03-31 00:00:00', '3_15.00_4_30.00_5_270.00_6_20.00_7_25.00_8_40.00_9_50.00_10_10.00');
INSERT INTO `order_pay` VALUES (433, 64, 2933.50, '现金支付', '20230531193710737', NULL, '2023-03-31 00:00:00', 1, 108, '租金', '2023-03-31 00:00:00', '3_15.00_4_30.00_5_270.00_6_20.00_7_25.00_8_40.00_9_50.00_10_10.00');
INSERT INTO `order_pay` VALUES (434, 74, 1342.23, '现金支付', '20230531193710745', NULL, '2023-03-31 00:00:00', 1, 108, '租金', '2023-03-31 00:00:00', '4_30.00_5_270.00_6_20.00_7_25.00_8_40.00_9_50.00_10_10.00');
INSERT INTO `order_pay` VALUES (435, 66, 1241.68, '现金支付', '20230531193710756', NULL, '2023-03-31 00:00:00', 1, 108, '租金', '2023-03-31 00:00:00', '3_15.00_4_30.00_5_270.00_6_20.00_7_25.00_8_40.00_9_50.00_10_10.00');
INSERT INTO `order_pay` VALUES (436, 67, 1243.23, '现金支付', '20230531193710764', NULL, '2023-03-31 00:00:00', 1, 108, '租金', '2023-03-31 00:00:00', '3_15.00_4_30.00_5_270.00_6_20.00_7_25.00_8_40.00_9_50.00_10_10.00');
INSERT INTO `order_pay` VALUES (437, 68, 1271.50, '现金支付', '20230531193710776', NULL, '2023-03-31 00:00:00', 1, 108, '租金', '2023-03-31 00:00:00', '3_15.00_4_30.00_5_270.00_6_20.00_7_25.00_8_40.00_9_50.00_10_10.00');
INSERT INTO `order_pay` VALUES (438, 69, 1246.23, '现金支付', '20230531193710788', NULL, '2023-03-31 00:00:00', 1, 108, '租金', '2023-03-31 00:00:00', '3_15.00_4_30.00_5_270.00_6_20.00_7_25.00_8_40.00_9_50.00_10_10.00');
INSERT INTO `order_pay` VALUES (439, 70, 1848.50, '现金支付', '20230531193710796', NULL, '2023-03-31 00:00:00', 1, 108, '租金', '2023-03-31 00:00:00', '3_15.00_4_30.00_5_270.00');
INSERT INTO `order_pay` VALUES (440, 71, 1769.09, '现金支付', '20230531193710815', NULL, '2023-03-31 00:00:00', 1, 108, '租金', '2023-03-31 00:00:00', '4_30.00_5_270.00_6_20.00_7_25.00_8_40.00_9_50.00_10_10.00');
INSERT INTO `order_pay` VALUES (441, 72, 2964.14, '现金支付', '20230531193710827', NULL, '2023-03-31 00:00:00', 1, 108, '租金', '2023-03-31 00:00:00', '3_15.00_4_30.00_5_270.00_6_20.00_7_25.00_8_40.00_9_50.00_10_10.00');
INSERT INTO `order_pay` VALUES (442, 73, 2899.00, '现金支付', '20230531193710838', NULL, '2023-03-31 00:00:00', 1, 108, '租金', '2023-03-31 00:00:00', '3_15.00_4_30.00_5_270.00_6_20.00');
INSERT INTO `order_pay` VALUES (443, 84, 1148.50, '现金支付', '20230531193710846', NULL, '2023-03-31 00:00:00', 1, 108, '租金', '2023-03-31 00:00:00', '3_15.00_4_30.00_5_270.00_6_20.00_7_25.00_8_40.00_9_50.00_10_10.00');
INSERT INTO `order_pay` VALUES (444, 75, 1208.77, '现金支付', '20230531193710858', NULL, '2023-03-31 00:00:00', 1, 108, '租金', '2023-03-31 00:00:00', '3_15.00_4_30.00_5_270.00_6_20.00_7_25.00_8_40.00_9_50.00_10_10.00');
INSERT INTO `order_pay` VALUES (445, 76, 1237.00, '现金支付', '20230531193710870', NULL, '2023-03-31 00:00:00', 1, 108, '租金', '2023-03-31 00:00:00', '3_15.00_4_30.00_5_270.00_6_20.00_7_25.00_8_40.00_9_50.00_10_10.00');
INSERT INTO `order_pay` VALUES (446, 77, 1243.00, '现金支付', '20230531193710878', NULL, '2023-03-31 00:00:00', 1, 108, '租金', '2023-03-31 00:00:00', '3_15.00_4_30.00_5_270.00_6_20.00_7_25.00_8_40.00_9_50.00_10_10.00');
INSERT INTO `order_pay` VALUES (447, 78, 1439.00, '现金支付', '20230531193710886', NULL, '2023-03-31 00:00:00', 1, 108, '租金', '2023-03-31 00:00:00', '3_15.00_4_30.00_5_270.00_6_20.00_7_25.00_8_40.00_9_50.00_10_10.00');
INSERT INTO `order_pay` VALUES (448, 79, 1445.00, '现金支付', '20230531193710897', NULL, '2023-03-31 00:00:00', 1, 108, '租金', '2023-03-31 00:00:00', '3_15.00_4_30.00_5_270.00_6_20.00_7_25.00_8_40.00_9_50.00_10_10.00');
INSERT INTO `order_pay` VALUES (449, 80, 2171.00, '现金支付', '20230531193710905', NULL, '2023-03-31 00:00:00', 1, 108, '租金', '2023-03-31 00:00:00', '3_15.00_4_30.00_5_270.00_6_20.00_7_25.00_8_40.00_9_50.00_10_10.00');
INSERT INTO `order_pay` VALUES (450, 81, 2177.00, '现金支付', '20230531193710917', NULL, '2023-03-31 00:00:00', 1, 108, '租金', '2023-03-31 00:00:00', '3_15.00_4_30.00_5_270.00_6_20.00_7_25.00_8_40.00_9_50.00_10_10.00');
INSERT INTO `order_pay` VALUES (451, 82, 2983.00, '现金支付', '20230531193710925', NULL, '2023-03-31 00:00:00', 1, 108, '租金', '2023-03-31 00:00:00', '3_15.00_4_30.00_5_270.00_6_20.00_7_25.00_8_40.00_9_50.00_10_10.00');
INSERT INTO `order_pay` VALUES (452, 83, 2989.00, '现金支付', '20230531193710937', NULL, '2023-03-31 00:00:00', 1, 108, '租金', '2023-03-31 00:00:00', '3_15.00_4_30.00_5_270.00_6_20.00_7_25.00_8_40.00_9_50.00_10_10.00');
INSERT INTO `order_pay` VALUES (453, 93, 1249.14, '现金支付', '20230531193710944', NULL, '2023-03-31 00:00:00', 1, 108, '租金', '2023-03-31 00:00:00', '3_15.00_4_30.00_5_270.00_6_20.00_7_25.00_8_40.00_9_50.00_10_10.00');
INSERT INTO `order_pay` VALUES (454, 85, 1246.00, '现金支付', '20230531193710952', NULL, '2023-03-31 00:00:00', 1, 108, '租金', '2023-03-31 00:00:00', '3_15.00_4_30.00_5_270.00_6_20.00_7_25.00_8_40.00_9_50.00_10_10.00');
INSERT INTO `order_pay` VALUES (455, 86, 1238.64, '现金支付', '20230531193710960', NULL, '2023-03-31 00:00:00', 1, 108, '租金', '2023-03-31 00:00:00', '3_15.00_4_30.00_5_270.00_6_20.00_7_25.00_8_40.00_9_50.00_10_10.00');
INSERT INTO `order_pay` VALUES (456, 87, 1253.50, '现金支付', '20230531193710971', NULL, '2023-03-31 00:00:00', 1, 108, '租金', '2023-03-31 00:00:00', '3_15.00_4_30.00_5_270.00_6_20.00_7_25.00_8_40.00_9_50.00_10_10.00');
INSERT INTO `order_pay` VALUES (457, 88, 1241.73, '现金支付', '20230531193710979', NULL, '2023-03-31 00:00:00', 1, 108, '租金', '2023-03-31 00:00:00', '3_15.00_4_30.00_5_270.00_6_20.00_7_25.00_8_40.00_9_50.00_10_10.00');
INSERT INTO `order_pay` VALUES (458, 89, 1781.00, '现金支付', '20230531193710987', NULL, '2023-03-31 00:00:00', 1, 108, '租金', '2023-03-31 00:00:00', '3_15.00_4_30.00_5_270.00_6_20.00_7_25.00_8_40.00_9_50.00_10_10.00');
INSERT INTO `order_pay` VALUES (459, 90, 1778.00, '现金支付', '20230531193710999', NULL, '2023-03-31 00:00:00', 1, 108, '租金', '2023-03-31 00:00:00', '3_15.00_4_30.00_5_270.00_6_20.00_7_25.00_8_40.00_9_50.00_10_10.00');
INSERT INTO `order_pay` VALUES (460, 91, 2856.05, '现金支付', '20230531193711010', NULL, '2023-03-31 00:00:00', 1, 108, '租金', '2023-03-31 00:00:00', '3_15.00_4_30.00_5_270.00_6_20.00_7_25.00_8_40.00_9_50.00_10_10.00');
INSERT INTO `order_pay` VALUES (461, 92, 2857.59, '现金支付', '20230531193711018', NULL, '2023-03-31 00:00:00', 1, 108, '租金', '2023-03-31 00:00:00', '3_15.00_4_30.00_5_270.00_6_20.00_7_25.00_8_40.00_9_50.00_10_10.00');
INSERT INTO `order_pay` VALUES (462, 103, 1081.27, '现金支付', '20230531193711026', NULL, '2023-03-31 00:00:00', 1, 108, '租金', '2023-03-31 00:00:00', '3_15.00_4_30.00_5_270.00_6_20.00_7_25.00_8_40.00_9_50.00_10_10.00');
INSERT INTO `order_pay` VALUES (463, 94, 1136.50, '现金支付', '20230531193711038', NULL, '2023-03-31 00:00:00', 1, 108, '租金', '2023-03-31 00:00:00', '3_15.00_4_30.00_5_270.00_6_20.00_7_25.00_8_40.00_9_50.00_10_10.00');
INSERT INTO `order_pay` VALUES (464, 95, 1102.23, '现金支付', '20230531193711045', NULL, '2023-03-31 00:00:00', 1, 108, '租金', '2023-03-31 00:00:00', '3_15.00_4_30.00_5_270.00_6_20.00_7_25.00_8_40.00_9_50.00_10_10.00');
INSERT INTO `order_pay` VALUES (465, 96, 1103.77, '现金支付', '20230531193711057', NULL, '2023-03-31 00:00:00', 1, 108, '租金', '2023-03-31 00:00:00', '3_15.00_4_30.00_5_270.00_6_20.00_7_25.00_8_40.00_9_50.00_10_10.00');
INSERT INTO `order_pay` VALUES (466, 97, 1295.23, '现金支付', '20230531193711065', NULL, '2023-03-31 00:00:00', 1, 108, '租金', '2023-03-31 00:00:00', '3_15.00_4_30.00_5_270.00_6_20.00_7_25.00_8_40.00_9_50.00_10_10.00');
INSERT INTO `order_pay` VALUES (467, 98, 1310.00, '现金支付', '20230531193711073', NULL, '2023-03-31 00:00:00', 1, 108, '租金', '2023-03-31 00:00:00', '3_15.00_4_30.00_5_270.00_6_20.00_7_25.00_8_40.00_9_50.00_10_10.00');
INSERT INTO `order_pay` VALUES (468, 99, 2018.09, '现金支付', '20230531193711081', NULL, '2023-03-31 00:00:00', 1, 108, '租金', '2023-03-31 00:00:00', '3_15.00_4_30.00_5_270.00_6_20.00_7_25.00_8_40.00_9_50.00_10_10.00');
INSERT INTO `order_pay` VALUES (469, 100, 2019.64, '现金支付', '20230531193711092', NULL, '2023-03-31 00:00:00', 1, 108, '租金', '2023-03-31 00:00:00', '3_15.00_4_30.00_5_270.00_6_20.00_7_25.00_8_40.00_9_50.00_10_10.00');
INSERT INTO `order_pay` VALUES (470, 101, 2879.50, '现金支付', '20230531193711104', NULL, '2023-03-31 00:00:00', 1, 108, '租金', '2023-03-31 00:00:00', '3_15.00_4_30.00_5_270.00_6_20.00_7_25.00_8_40.00_9_50.00_10_10.00');
INSERT INTO `order_pay` VALUES (471, 102, 2789.73, '现金支付', '20230531193711112', NULL, '2023-03-31 00:00:00', 1, 108, '租金', '2023-03-31 00:00:00', '3_15.00_4_30.00_5_270.00_6_20.00_7_25.00_8_40.00_9_50.00_10_10.00');
INSERT INTO `order_pay` VALUES (472, 112, 1283.02, '现金支付', '20230531193711122', NULL, '2023-03-31 00:00:00', 1, 108, '租金', '2023-03-31 00:00:00', '3_15.00_4_30.00_5_270.00_6_20.00_7_25.00_8_40.00_9_50.00_10_10.00');
INSERT INTO `order_pay` VALUES (473, 104, 1232.73, '现金支付', '20230531193711129', NULL, '2023-03-31 00:00:00', 1, 108, '租金', '2023-03-31 00:00:00', '3_15.00_4_30.00_5_270.00_6_20.00_7_25.00_8_40.00_9_50.00_10_10.00');
INSERT INTO `order_pay` VALUES (474, 105, 1234.05, '现金支付', '20230531193711140', NULL, '2023-03-31 00:00:00', 1, 108, '租金', '2023-03-31 00:00:00', '3_15.00_4_30.00_5_270.00_6_20.00_7_25.00_8_40.00_9_50.00_10_10.00');
INSERT INTO `order_pay` VALUES (475, 106, 1295.62, '现金支付', '20230531193711152', NULL, '2023-03-31 00:00:00', 1, 108, '租金', '2023-03-31 00:00:00', '3_15.00_4_30.00_5_270.00_6_20.00_7_25.00_8_40.00_9_50.00_10_10.00');
INSERT INTO `order_pay` VALUES (476, 107, 1237.14, '现金支付', '20230531193711160', NULL, '2023-03-31 00:00:00', 1, 108, '租金', '2023-03-31 00:00:00', '3_15.00_4_30.00_5_270.00_6_20.00_7_25.00_8_40.00_9_50.00_10_10.00');
INSERT INTO `order_pay` VALUES (477, 108, 1758.68, '现金支付', '20230531193711171', NULL, '2023-03-31 00:00:00', 1, 108, '租金', '2023-03-31 00:00:00', '3_15.00_4_30.00_5_270.00_6_20.00_7_25.00_8_40.00_9_50.00_10_10.00');
INSERT INTO `order_pay` VALUES (478, 109, 1760.23, '现金支付', '20230531193711183', NULL, '2023-03-31 00:00:00', 1, 108, '租金', '2023-03-31 00:00:00', '3_15.00_4_30.00_5_270.00_6_20.00_7_25.00_8_40.00_9_50.00_10_10.00');
INSERT INTO `order_pay` VALUES (479, 110, 2851.77, '现金支付', '20230531193711195', NULL, '2023-03-31 00:00:00', 1, 108, '租金', '2023-03-31 00:00:00', '3_15.00_4_30.00_5_270.00_6_20.00_7_25.00_8_40.00_9_50.00_10_10.00');
INSERT INTO `order_pay` VALUES (480, 111, 2853.23, '现金支付', '20230531193711203', NULL, '2023-03-31 00:00:00', 1, 108, '租金', '2023-03-31 00:00:00', '3_15.00_4_30.00_5_270.00_6_20.00_7_25.00_8_40.00_9_50.00_10_10.00');
INSERT INTO `order_pay` VALUES (481, 122, 1154.50, '现金支付', '20230531193711214', NULL, '2023-03-31 00:00:00', 1, 108, '租金', '2023-03-31 00:00:00', '3_15.00_4_30.00_5_270.00_6_20.00_7_25.00_8_40.00_9_50.00_10_10.00');
INSERT INTO `order_pay` VALUES (482, 113, 1096.09, '现金支付', '20230531193711222', NULL, '2023-03-31 00:00:00', 1, 108, '租金', '2023-03-31 00:00:00', '3_15.00_4_30.00_5_270.00_6_20.00_7_25.00_8_40.00_9_50.00_10_10.00');
INSERT INTO `order_pay` VALUES (483, 114, 1111.27, '现金支付', '20230531193711234', NULL, '2023-03-31 00:00:00', 1, 108, '租金', '2023-03-31 00:00:00', '3_15.00_4_30.00_5_270.00_6_20.00_7_25.00_8_40.00_9_50.00_10_10.00');
INSERT INTO `order_pay` VALUES (484, 115, 1112.50, '现金支付', '20230531193711242', NULL, '2023-03-31 00:00:00', 1, 108, '租金', '2023-03-31 00:00:00', '3_15.00_4_30.00_5_270.00_6_20.00_7_25.00_8_40.00_9_50.00_10_10.00');
INSERT INTO `order_pay` VALUES (485, 116, 1308.50, '现金支付', '20230531193711253', NULL, '2023-03-31 00:00:00', 1, 108, '租金', '2023-03-31 00:00:00', '3_15.00_4_30.00_5_270.00_6_20.00_7_25.00_8_40.00_9_50.00_10_10.00');
INSERT INTO `order_pay` VALUES (486, 117, 1314.50, '现金支付', '20230531193711261', NULL, '2023-03-31 00:00:00', 1, 108, '租金', '2023-03-31 00:00:00', '3_15.00_4_30.00_5_270.00_6_20.00_7_25.00_8_40.00_9_50.00_10_10.00');
INSERT INTO `order_pay` VALUES (487, 118, 2040.50, '现金支付', '20230531193711269', NULL, '2023-03-31 00:00:00', 1, 108, '租金', '2023-03-31 00:00:00', '3_15.00_4_30.00_5_270.00_6_20.00_7_25.00_8_40.00_9_50.00_10_10.00');
INSERT INTO `order_pay` VALUES (488, 119, 2046.50, '现金支付', '20230531193711281', NULL, '2023-03-31 00:00:00', 1, 108, '租金', '2023-03-31 00:00:00', '3_15.00_4_30.00_5_270.00_6_20.00_7_25.00_8_40.00_9_50.00_10_10.00');
INSERT INTO `order_pay` VALUES (489, 120, 2852.50, '现金支付', '20230531193711289', NULL, '2023-03-31 00:00:00', 1, 108, '租金', '2023-03-31 00:00:00', '3_15.00_4_30.00_5_270.00_6_20.00_7_25.00_8_40.00_9_50.00_10_10.00');
INSERT INTO `order_pay` VALUES (490, 121, 2858.50, '现金支付', '20230531193711296', NULL, '2023-03-31 00:00:00', 1, 108, '租金', '2023-03-31 00:00:00', '3_15.00_4_30.00_5_270.00_6_20.00_7_25.00_8_40.00_9_50.00_10_10.00');
INSERT INTO `order_pay` VALUES (491, 131, 1447.23, '现金支付', '20230531193711308', NULL, '2023-03-31 00:00:00', 1, 108, '租金', '2023-03-31 00:00:00', '3_15.00_4_30.00_5_270.00_6_20.00_7_25.00_8_40.00_9_50.00_10_10.00');
INSERT INTO `order_pay` VALUES (492, 123, 1310.50, '现金支付', '20230531193711321', NULL, '2023-03-31 00:00:00', 1, 108, '租金', '2023-03-31 00:00:00', '3_15.00_4_30.00_5_270.00_6_20.00_7_25.00_8_40.00_9_50.00_10_10.00');
INSERT INTO `order_pay` VALUES (493, 124, 1283.50, '现金支付', '20230531193711329', NULL, '2023-03-31 00:00:00', 1, 108, '租金', '2023-03-31 00:00:00', '3_15.00_4_30.00_5_270.00_6_20.00_7_25.00_8_40.00_9_50.00_10_10.00');
INSERT INTO `order_pay` VALUES (494, 125, 1231.23, '现金支付', '20230531193711345', NULL, '2023-03-31 00:00:00', 1, 108, '租金', '2023-03-31 00:00:00', '3_15.00_4_30.00_5_270.00_6_20.00_7_25.00_8_40.00_9_50.00_10_10.00');
INSERT INTO `order_pay` VALUES (495, 126, 1232.55, '现金支付', '20230531193711352', NULL, '2023-03-31 00:00:00', 1, 108, '租金', '2023-03-31 00:00:00', '3_15.00_4_30.00_5_270.00_6_20.00_7_25.00_8_40.00_9_50.00_10_10.00');
INSERT INTO `order_pay` VALUES (496, 127, 1934.09, '现金支付', '20230531193711364', NULL, '2023-03-31 00:00:00', 1, 108, '租金', '2023-03-31 00:00:00', '3_15.00_4_30.00_5_270.00_6_20.00_7_25.00_8_40.00_9_50.00_10_10.00');
INSERT INTO `order_pay` VALUES (497, 128, 1935.64, '现金支付', '20230531193711375', NULL, '2023-03-31 00:00:00', 1, 108, '租金', '2023-03-31 00:00:00', '3_15.00_4_30.00_5_270.00_6_20.00_7_25.00_8_40.00_9_50.00_10_10.00');
INSERT INTO `order_pay` VALUES (498, 129, 3027.18, '现金支付', '20230531193711383', NULL, '2023-03-31 00:00:00', 1, 108, '租金', '2023-03-31 00:00:00', '3_15.00_4_30.00_5_270.00_6_20.00_7_25.00_8_40.00_9_50.00_10_10.00');
INSERT INTO `order_pay` VALUES (499, 130, 3028.73, '现金支付', '20230531193711391', NULL, '2023-03-31 00:00:00', 1, 108, '租金', '2023-03-31 00:00:00', '3_15.00_4_30.00_5_270.00_6_20.00_7_25.00_8_40.00_9_50.00_10_10.00');
INSERT INTO `order_pay` VALUES (500, 141, 1285.00, '现金支付', '20230531193711403', NULL, '2023-03-31 00:00:00', 1, 108, '租金', '2023-03-31 00:00:00', '3_15.00_4_30.00_5_270.00_6_20.00_7_25.00_8_40.00_9_50.00_10_10.00');
INSERT INTO `order_pay` VALUES (501, 132, 1266.82, '现金支付', '20230531193711411', NULL, '2023-03-31 00:00:00', 1, 108, '租金', '2023-03-31 00:00:00', '3_15.00_4_30.00_5_270.00_6_20.00_7_25.00_8_40.00_9_50.00_10_10.00');
INSERT INTO `order_pay` VALUES (502, 133, 1273.04, '现金支付', '20230531193711418', NULL, '2023-03-31 00:00:00', 1, 108, '租金', '2023-03-31 00:00:00', '3_15.00_4_30.00_5_270.00_6_20.00_7_25.00_8_40.00_9_50.00_10_10.00');
INSERT INTO `order_pay` VALUES (503, 134, 1274.59, '现金支付', '20230531193711426', NULL, '2023-03-31 00:00:00', 1, 108, '租金', '2023-03-31 00:00:00', '3_15.00_4_30.00_5_270.00_6_20.00_7_25.00_8_40.00_9_50.00_10_10.00');
INSERT INTO `order_pay` VALUES (504, 135, 1496.83, '现金支付', '20230531193711438', NULL, '2023-03-31 00:00:00', 1, 108, '租金', '2023-03-31 00:00:00', '3_15.00_4_30.00_5_270.00_6_20.00_7_25.00_8_40.00_9_50.00_10_10.00');
INSERT INTO `order_pay` VALUES (505, 136, 1467.68, '现金支付', '20230531193711442', NULL, '2023-03-31 00:00:00', 1, 108, '租金', '2023-03-31 00:00:00', '3_15.00_4_30.00_5_270.00_6_20.00_7_25.00_8_40.00_9_50.00_10_10.00');
INSERT INTO `order_pay` VALUES (506, 137, 2189.23, '现金支付', '20230531193711453', NULL, '2023-03-31 00:00:00', 1, 108, '租金', '2023-03-31 00:00:00', '3_15.00_4_30.00_5_270.00_6_20.00_7_25.00_8_40.00_9_50.00_10_10.00');
INSERT INTO `order_pay` VALUES (507, 138, 2190.77, '现金支付', '20230531193711457', NULL, '2023-03-31 00:00:00', 1, 108, '租金', '2023-03-31 00:00:00', '3_15.00_4_30.00_5_270.00_6_20.00_7_25.00_8_40.00_9_50.00_10_10.00');
INSERT INTO `order_pay` VALUES (508, 139, 2992.23, '现金支付', '20230531193711469', NULL, '2023-03-31 00:00:00', 1, 108, '租金', '2023-03-31 00:00:00', '3_15.00_4_30.00_5_270.00_6_20.00_7_25.00_8_40.00_9_50.00_10_10.00');
INSERT INTO `order_pay` VALUES (509, 140, 2998.00, '现金支付', '20230531193711477', NULL, '2023-03-31 00:00:00', 1, 108, '租金', '2023-03-31 00:00:00', '3_15.00_4_30.00_5_270.00_6_20.00_7_25.00_8_40.00_9_50.00_10_10.00');
INSERT INTO `order_pay` VALUES (510, 142, 1450.00, '现金支付', '20230531193711485', NULL, '2023-03-31 00:00:00', 1, 108, '租金', '2023-03-31 00:00:00', '3_15.00_4_30.00_5_270.00_6_20.00_7_25.00_8_40.00_9_50.00_10_10.00');
INSERT INTO `order_pay` VALUES (511, 143, 1442.50, '现金支付', '20230531193711493', NULL, '2023-03-31 00:00:00', 1, 108, '租金', '2023-03-31 00:00:00', '3_15.00_4_30.00_5_270.00_6_20.00_7_25.00_8_40.00_9_50.00_10_10.00');
INSERT INTO `order_pay` VALUES (512, 144, 1444.00, '现金支付', '20230531193711500', NULL, '2023-03-31 00:00:00', 1, 108, '租金', '2023-03-31 00:00:00', '3_15.00_4_30.00_5_270.00_6_20.00_7_25.00_8_40.00_9_50.00_10_10.00');
INSERT INTO `order_pay` VALUES (513, 145, 1441.00, '现金支付', '20230531193711508', NULL, '2023-03-31 00:00:00', 1, 108, '租金', '2023-03-31 00:00:00', '3_15.00_4_30.00_5_270.00_6_20.00_7_25.00_8_40.00_9_50.00_10_10.00');
INSERT INTO `order_pay` VALUES (514, 146, 1444.98, '现金支付', '20230531193711516', NULL, '2023-03-31 00:00:00', 1, 108, '租金', '2023-03-31 00:00:00', '3_15.00_4_30.00_5_270.00_6_20.00_7_25.00_8_40.00_9_50.00_10_10.00');
INSERT INTO `order_pay` VALUES (515, 147, 1977.50, '现金支付', '20230531193711525', NULL, '2023-03-31 00:00:00', 1, 108, '租金', '2023-03-31 00:00:00', '3_15.00_4_30.00_5_270.00_6_20.00_7_25.00_8_40.00_9_50.00_10_10.00');
INSERT INTO `order_pay` VALUES (516, 56, 1255.00, '现金支付', '20230531194738896', NULL, '2023-04-30 00:00:00', 1, 108, '租金', '2023-04-30 00:00:00', '3_15.00_4_30.00_5_270.00_6_20.00_7_25.00_8_40.00_9_50.00_10_10.00');
INSERT INTO `order_pay` VALUES (517, 57, 1261.00, '现金支付', '20230531194738908', NULL, '2023-04-30 00:00:00', 1, 108, '租金', '2023-04-30 00:00:00', '3_15.00_4_30.00_5_270.00_6_20.00_7_25.00_8_40.00_9_50.00_10_10.00');
INSERT INTO `order_pay` VALUES (518, 65, 1309.00, '现金支付', '20230531194738919', NULL, '2023-04-30 00:00:00', 1, 108, '租金', '2023-04-30 00:00:00', '3_15.00_4_30.00_5_270.00_6_20.00_7_25.00_8_40.00_9_50.00_10_10.00');
INSERT INTO `order_pay` VALUES (519, 58, 1267.00, '现金支付', '20230531194738929', NULL, '2023-04-30 00:00:00', 1, 108, '租金', '2023-04-30 00:00:00', '3_15.00_4_30.00_5_270.00_6_20.00_7_25.00_8_40.00_9_50.00_10_10.00');
INSERT INTO `order_pay` VALUES (520, 59, 1463.00, '现金支付', '20230531194738942', NULL, '2023-04-30 00:00:00', 1, 108, '租金', '2023-04-30 00:00:00', '3_15.00_4_30.00_5_270.00_6_20.00_7_25.00_8_40.00_9_50.00_10_10.00');
INSERT INTO `order_pay` VALUES (521, 60, 1469.00, '现金支付', '20230531194738950', NULL, '2023-04-30 00:00:00', 1, 108, '租金', '2023-04-30 00:00:00', '3_15.00_4_30.00_5_270.00_6_20.00_7_25.00_8_40.00_9_50.00_10_10.00');
INSERT INTO `order_pay` VALUES (522, 61, 2195.00, '现金支付', '20230531194739059', NULL, '2023-04-30 00:00:00', 1, 108, '租金', '2023-04-30 00:00:00', '3_15.00_4_30.00_5_270.00_6_20.00_7_25.00_8_40.00_9_50.00_10_10.00');
INSERT INTO `order_pay` VALUES (523, 62, 2201.00, '现金支付', '20230531194739067', NULL, '2023-04-30 00:00:00', 1, 108, '租金', '2023-04-30 00:00:00', '3_15.00_4_30.00_5_270.00_6_20.00_7_25.00_8_40.00_9_50.00_10_10.00');
INSERT INTO `order_pay` VALUES (524, 63, 3007.00, '现金支付', '20230531194739079', NULL, '2023-04-30 00:00:00', 1, 108, '租金', '2023-04-30 00:00:00', '3_15.00_4_30.00_5_270.00_6_20.00_7_25.00_8_40.00_9_50.00_10_10.00');
INSERT INTO `order_pay` VALUES (525, 64, 3013.00, '现金支付', '20230531194739087', NULL, '2023-04-30 00:00:00', 1, 108, '租金', '2023-04-30 00:00:00', '3_15.00_4_30.00_5_270.00_6_20.00_7_25.00_8_40.00_9_50.00_10_10.00');
INSERT INTO `order_pay` VALUES (526, 74, 1381.23, '现金支付', '20230531194739095', NULL, '2023-04-30 00:00:00', 1, 108, '租金', '2023-04-30 00:00:00', '4_30.00_5_270.00_6_20.00_7_25.00_8_40.00_9_50.00_10_10.00');
INSERT INTO `order_pay` VALUES (527, 66, 1465.00, '现金支付', '20230531194739106', NULL, '2023-04-30 00:00:00', 1, 108, '租金', '2023-04-30 00:00:00', '3_15.00_4_30.00_5_270.00_6_20.00_7_25.00_8_40.00_9_50.00_10_10.00');
INSERT INTO `order_pay` VALUES (528, 67, 1471.00, '现金支付', '20230531194739114', NULL, '2023-04-30 00:00:00', 1, 108, '租金', '2023-04-30 00:00:00', '3_15.00_4_30.00_5_270.00');
INSERT INTO `order_pay` VALUES (529, 68, 1477.00, '现金支付', '20230531194739124', NULL, '2023-04-30 00:00:00', 1, 108, '租金', '2023-04-30 00:00:00', '8_40.00_9_50.00_10_10.00');
INSERT INTO `order_pay` VALUES (530, 69, 1483.00, '现金支付', '20230531194739132', NULL, '2023-04-30 00:00:00', 1, 108, '租金', '2023-04-30 00:00:00', '3_15.00_4_30.00_5_270.00_6_20.00_7_25.00_8_40.00_9_50.00_10_10.00');
INSERT INTO `order_pay` VALUES (531, 70, 1864.00, '现金支付', '20230531194739144', NULL, '2023-04-30 00:00:00', 1, 108, '租金', '2023-04-30 00:00:00', '3_15.00_4_30.00_5_270.00');
INSERT INTO `order_pay` VALUES (532, 71, 2000.00, '现金支付', '20230531194739156', NULL, '2023-04-30 00:00:00', 1, 108, '租金', '2023-04-30 00:00:00', '4_30.00_5_270.00_6_20.00_7_25.00_8_40.00_9_50.00_10_10.00');
INSERT INTO `order_pay` VALUES (533, 72, 3111.00, '现金支付', '20230531194739164', NULL, '2023-04-30 00:00:00', 1, 108, '租金', '2023-04-30 00:00:00', '3_15.00_4_30.00_5_270.00_6_20.00_7_25.00_8_40.00_9_50.00_10_10.00');
INSERT INTO `order_pay` VALUES (534, 73, 2938.00, '现金支付', '20230531194739175', NULL, '2023-04-30 00:00:00', 1, 108, '租金', '2023-04-30 00:00:00', '3_15.00_4_30.00_5_270.00_6_20.00');
INSERT INTO `order_pay` VALUES (535, 84, 1148.50, '现金支付', '20230531194739183', NULL, '2023-04-30 00:00:00', 1, 108, '租金', '2023-04-30 00:00:00', '3_15.00_4_30.00_5_270.00_6_20.00_7_25.00_8_40.00_9_50.00_10_10.00');
INSERT INTO `order_pay` VALUES (536, 75, 1247.77, '现金支付', '20230531194739191', NULL, '2023-04-30 00:00:00', 1, 108, '租金', '2023-04-30 00:00:00', '3_15.00_4_30.00_5_270.00_6_20.00_7_25.00_8_40.00_9_50.00_10_10.00');
INSERT INTO `order_pay` VALUES (537, 76, 1276.00, '现金支付', '20230531194739199', NULL, '2023-04-30 00:00:00', 1, 108, '租金', '2023-04-30 00:00:00', '3_15.00_4_30.00_5_270.00_6_20.00_7_25.00_8_40.00_9_50.00_10_10.00');
INSERT INTO `order_pay` VALUES (538, 77, 1282.00, '现金支付', '20230531194739210', NULL, '2023-04-30 00:00:00', 1, 108, '租金', '2023-04-30 00:00:00', '3_15.00_4_30.00');
INSERT INTO `order_pay` VALUES (539, 78, 1478.00, '现金支付', '20230531194739218', NULL, '2023-04-30 00:00:00', 1, 108, '租金', '2023-04-30 00:00:00', '10_10.00');
INSERT INTO `order_pay` VALUES (540, 79, 1484.00, '现金支付', '20230531194739230', NULL, '2023-04-30 00:00:00', 1, 108, '租金', '2023-04-30 00:00:00', '3_15.00_4_30.00_5_270.00_6_20.00_7_25.00_8_40.00_9_50.00_10_10.00');
INSERT INTO `order_pay` VALUES (541, 80, 2171.00, '现金支付', '20230531194739242', NULL, '2023-04-30 00:00:00', 1, 108, '租金', '2023-04-30 00:00:00', '3_15.00_4_30.00_5_270.00_6_20.00_7_25.00_8_40.00_9_50.00_10_10.00');
INSERT INTO `order_pay` VALUES (542, 81, 2177.00, '现金支付', '20230531194739249', NULL, '2023-04-30 00:00:00', 1, 108, '租金', '2023-04-30 00:00:00', '3_15.00_4_30.00_5_270.00_6_20.00_7_25.00_8_40.00_9_50.00_10_10.00');
INSERT INTO `order_pay` VALUES (543, 82, 2983.00, '现金支付', '20230531194739260', NULL, '2023-04-30 00:00:00', 1, 108, '租金', '2023-04-30 00:00:00', '3_15.00_4_30.00_5_270.00_6_20.00_7_25.00_8_40.00_9_50.00_10_10.00');
INSERT INTO `order_pay` VALUES (544, 83, 2989.00, '现金支付', '20230531194739265', NULL, '2023-04-30 00:00:00', 1, 108, '租金', '2023-04-30 00:00:00', '3_15.00_4_30.00_5_270.00_6_20.00_7_25.00_8_40.00_9_50.00_10_10.00');
INSERT INTO `order_pay` VALUES (545, 93, 1249.14, '现金支付', '20230531194739277', NULL, '2023-04-30 00:00:00', 1, 108, '租金', '2023-04-30 00:00:00', '3_15.00_4_30.00_5_270.00_6_20.00_7_25.00_8_40.00_9_50.00_10_10.00');
INSERT INTO `order_pay` VALUES (546, 85, 1246.00, '现金支付', '20230531194739285', NULL, '2023-04-30 00:00:00', 1, 108, '租金', '2023-04-30 00:00:00', '3_15.00_4_30.00_5_270.00_6_20.00_7_25.00_8_40.00_9_50.00_10_10.00');
INSERT INTO `order_pay` VALUES (547, 86, 1238.64, '现金支付', '20230531194739292', NULL, '2023-04-30 00:00:00', 1, 108, '租金', '2023-04-30 00:00:00', '3_15.00_4_30.00_5_270.00_6_20.00_7_25.00_8_40.00_9_50.00_10_10.00');
INSERT INTO `order_pay` VALUES (548, 87, 1253.50, '现金支付', '20230531194739300', NULL, '2023-04-30 00:00:00', 1, 108, '租金', '2023-04-30 00:00:00', '3_15.00_4_30.00_5_270.00_6_20.00_7_25.00_8_40.00_9_50.00_10_10.00');
INSERT INTO `order_pay` VALUES (549, 88, 1241.73, '现金支付', '20230531194739312', NULL, '2023-04-30 00:00:00', 1, 108, '租金', '2023-04-30 00:00:00', '3_15.00_4_30.00_5_270.00_6_20.00_7_25.00_8_40.00_9_50.00_10_10.00');
INSERT INTO `order_pay` VALUES (550, 89, 1781.00, '现金支付', '20230531194739322', NULL, '2023-04-30 00:00:00', 1, 108, '租金', '2023-04-30 00:00:00', '3_15.00_4_30.00_5_270.00_6_20.00_7_25.00_8_40.00_9_50.00_10_10.00');
INSERT INTO `order_pay` VALUES (551, 90, 1778.00, '现金支付', '20230531194739329', NULL, '2023-04-30 00:00:00', 1, 108, '租金', '2023-04-30 00:00:00', '3_15.00_4_30.00_5_270.00_6_20.00_7_25.00_8_40.00_9_50.00_10_10.00');
INSERT INTO `order_pay` VALUES (552, 91, 2856.05, '现金支付', '20230531194739341', NULL, '2023-04-30 00:00:00', 1, 108, '租金', '2023-04-30 00:00:00', '3_15.00_4_30.00_5_270.00_6_20.00_7_25.00_8_40.00_9_50.00_10_10.00');
INSERT INTO `order_pay` VALUES (553, 92, 2857.59, '现金支付', '20230531194739349', NULL, '2023-04-30 00:00:00', 1, 108, '租金', '2023-04-30 00:00:00', '3_15.00_4_30.00_5_270.00_6_20.00_7_25.00_8_40.00_9_50.00_10_10.00');
INSERT INTO `order_pay` VALUES (554, 103, 1144.00, '现金支付', '20230531194739360', NULL, '2023-04-30 00:00:00', 1, 108, '租金', '2023-04-30 00:00:00', '3_15.00_4_30.00_5_270.00_6_20.00_7_25.00_8_40.00_9_50.00_10_10.00');
INSERT INTO `order_pay` VALUES (555, 94, 1136.50, '现金支付', '20230531194739376', NULL, '2023-04-30 00:00:00', 1, 108, '租金', '2023-04-30 00:00:00', '3_15.00_4_30.00_5_270.00_6_20.00_7_25.00_8_40.00_9_50.00_10_10.00');
INSERT INTO `order_pay` VALUES (556, 95, 1102.23, '现金支付', '20230531194739383', NULL, '2023-04-30 00:00:00', 1, 108, '租金', '2023-04-30 00:00:00', '3_15.00_4_30.00_5_270.00_6_20.00_7_25.00_8_40.00_9_50.00_10_10.00');
INSERT INTO `order_pay` VALUES (557, 96, 1135.00, '现金支付', '20230531194739391', NULL, '2023-04-30 00:00:00', 1, 108, '租金', '2023-04-30 00:00:00', '3_15.00_4_30.00_5_270.00_6_20.00_7_25.00_8_40.00_9_50.00_10_10.00');
INSERT INTO `order_pay` VALUES (558, 97, 1331.00, '现金支付', '20230531194739403', NULL, '2023-04-30 00:00:00', 1, 108, '租金', '2023-04-30 00:00:00', '3_15.00_4_30.00_5_270.00_6_20.00_7_25.00_8_40.00_9_50.00_10_10.00');
INSERT INTO `order_pay` VALUES (559, 98, 1337.00, '现金支付', '20230531194739411', NULL, '2023-04-30 00:00:00', 1, 108, '租金', '2023-04-30 00:00:00', '3_15.00_4_30.00_5_270.00_6_20.00_7_25.00_8_40.00_9_50.00_10_10.00');
INSERT INTO `order_pay` VALUES (560, 99, 2063.00, '现金支付', '20230531194739422', NULL, '2023-04-30 00:00:00', 1, 108, '租金', '2023-04-30 00:00:00', '3_15.00_4_30.00_5_270.00_6_20.00_7_25.00_8_40.00_9_50.00_10_10.00');
INSERT INTO `order_pay` VALUES (561, 100, 2069.00, '现金支付', '20230531194739430', NULL, '2023-04-30 00:00:00', 1, 108, '租金', '2023-04-30 00:00:00', '3_15.00_4_30.00_5_270.00_6_20.00_7_25.00_8_40.00_9_50.00_10_10.00');
INSERT INTO `order_pay` VALUES (562, 101, 2875.00, '现金支付', '20230531194739442', NULL, '2023-04-30 00:00:00', 1, 108, '租金', '2023-04-30 00:00:00', '3_15.00_4_30.00_5_270.00_6_20.00_7_25.00_8_40.00_9_50.00_10_10.00');
INSERT INTO `order_pay` VALUES (563, 102, 2848.00, '现金支付', '20230531194739450', NULL, '2023-04-30 00:00:00', 1, 108, '租金', '2023-04-30 00:00:00', '3_15.00_4_30.00_5_270.00_6_20.00_7_25.00_8_40.00_9_50.00_10_10.00');
INSERT INTO `order_pay` VALUES (564, 112, 1492.00, '现金支付', '20230531194739460', NULL, '2023-04-30 00:00:00', 1, 108, '租金', '2023-04-30 00:00:00', '3_15.00_4_30.00_5_270.00_6_20.00_7_25.00_8_40.00_9_50.00_10_10.00');
INSERT INTO `order_pay` VALUES (565, 104, 1444.00, '现金支付', '20230531194739465', NULL, '2023-04-30 00:00:00', 1, 108, '租金', '2023-04-30 00:00:00', '3_15.00_4_30.00_5_270.00_6_20.00_7_25.00_8_40.00_9_50.00_10_10.00');
INSERT INTO `order_pay` VALUES (566, 105, 1450.00, '现金支付', '20230531194739473', NULL, '2023-04-30 00:00:00', 1, 108, '租金', '2023-04-30 00:00:00', '3_15.00_4_30.00_5_270.00_6_20.00_7_25.00_8_40.00_9_50.00_10_10.00');
INSERT INTO `order_pay` VALUES (567, 106, 1456.00, '现金支付', '20230531194739481', NULL, '2023-04-30 00:00:00', 1, 108, '租金', '2023-04-30 00:00:00', '3_15.00_4_30.00_5_270.00_6_20.00_7_25.00_8_40.00_9_50.00_10_10.00');
INSERT INTO `order_pay` VALUES (568, 107, 1462.00, '现金支付', '20230531194739489', NULL, '2023-04-30 00:00:00', 1, 108, '租金', '2023-04-30 00:00:00', '3_15.00_4_30.00_5_270.00_6_20.00_7_25.00_8_40.00_9_50.00_10_10.00');
INSERT INTO `order_pay` VALUES (569, 108, 1988.00, '现金支付', '20230531194739497', NULL, '2023-04-30 00:00:00', 1, 108, '租金', '2023-04-30 00:00:00', '3_15.00_4_30.00_5_270.00_6_20.00_7_25.00_8_40.00_9_50.00_10_10.00');
INSERT INTO `order_pay` VALUES (570, 109, 1994.00, '现金支付', '20230531194739508', NULL, '2023-04-30 00:00:00', 1, 108, '租金', '2023-04-30 00:00:00', '3_15.00_4_30.00_5_270.00_6_20.00_7_25.00_8_40.00_9_50.00_10_10.00');
INSERT INTO `order_pay` VALUES (571, 110, 3090.00, '现金支付', '20230531194739516', NULL, '2023-04-30 00:00:00', 1, 108, '租金', '2023-04-30 00:00:00', '3_15.00_4_30.00_5_270.00_6_20.00_7_25.00_8_40.00_9_50.00_10_10.00');
INSERT INTO `order_pay` VALUES (572, 111, 3096.00, '现金支付', '20230531194739524', NULL, '2023-04-30 00:00:00', 1, 108, '租金', '2023-04-30 00:00:00', '3_15.00_4_30.00_5_270.00_6_20.00_7_25.00_8_40.00_9_50.00_10_10.00');
INSERT INTO `order_pay` VALUES (573, 122, 1402.00, '现金支付', '20230531194739532', NULL, '2023-04-30 00:00:00', 1, 108, '租金', '2023-04-30 00:00:00', '3_15.00_4_30.00_5_270.00_6_20.00_7_25.00_8_40.00_9_50.00_10_10.00');
INSERT INTO `order_pay` VALUES (574, 113, 1348.00, '现金支付', '20230531194739540', NULL, '2023-04-30 00:00:00', 1, 108, '租金', '2023-04-30 00:00:00', '3_15.00_4_30.00_5_270.00_6_20.00_7_25.00_8_40.00_9_50.00_10_10.00');
INSERT INTO `order_pay` VALUES (575, 114, 1354.00, '现金支付', '20230531194739552', NULL, '2023-04-30 00:00:00', 1, 108, '租金', '2023-04-30 00:00:00', '3_15.00_4_30.00_5_270.00_6_20.00_7_25.00_8_40.00_9_50.00_10_10.00');
INSERT INTO `order_pay` VALUES (576, 115, 1360.00, '现金支付', '20230531194739560', NULL, '2023-04-30 00:00:00', 1, 108, '租金', '2023-04-30 00:00:00', '3_15.00_4_30.00_5_270.00_6_20.00_7_25.00_8_40.00_9_50.00_10_10.00');
INSERT INTO `order_pay` VALUES (577, 116, 1556.00, '现金支付', '20230531194739572', NULL, '2023-04-30 00:00:00', 1, 108, '租金', '2023-04-30 00:00:00', '3_15.00_4_30.00_5_270.00_6_20.00_7_25.00_8_40.00_9_50.00_10_10.00');
INSERT INTO `order_pay` VALUES (578, 117, 1562.00, '现金支付', '20230531194739580', NULL, '2023-04-30 00:00:00', 1, 108, '租金', '2023-04-30 00:00:00', '3_15.00_4_30.00_5_270.00_6_20.00_7_25.00_8_40.00_9_50.00_10_10.00');
INSERT INTO `order_pay` VALUES (579, 118, 2288.00, '现金支付', '20230531194739591', NULL, '2023-04-30 00:00:00', 1, 108, '租金', '2023-04-30 00:00:00', '3_15.00_4_30.00_5_270.00_6_20.00_7_25.00_8_40.00_9_50.00_10_10.00');
INSERT INTO `order_pay` VALUES (580, 119, 2294.00, '现金支付', '20230531194739599', NULL, '2023-04-30 00:00:00', 1, 108, '租金', '2023-04-30 00:00:00', '3_15.00_4_30.00_5_270.00_6_20.00_7_25.00_8_40.00_9_50.00_10_10.00');
INSERT INTO `order_pay` VALUES (581, 120, 3100.00, '现金支付', '20230531194739607', NULL, '2023-04-30 00:00:00', 1, 108, '租金', '2023-04-30 00:00:00', '3_15.00_4_30.00_5_270.00_6_20.00_7_25.00_8_40.00_9_50.00_10_10.00');
INSERT INTO `order_pay` VALUES (582, 121, 3106.00, '现金支付', '20230531194739615', NULL, '2023-04-30 00:00:00', 1, 108, '租金', '2023-04-30 00:00:00', '3_15.00_4_30.00_5_270.00_6_20.00_7_25.00_8_40.00_9_50.00_10_10.00');
INSERT INTO `order_pay` VALUES (583, 131, 1447.23, '现金支付', '20230531194739623', NULL, '2023-04-30 00:00:00', 1, 108, '租金', '2023-04-30 00:00:00', '3_15.00_4_30.00_5_270.00_6_20.00_7_25.00_8_40.00_9_50.00_10_10.00');
INSERT INTO `order_pay` VALUES (584, 123, 1558.00, '现金支付', '20230531194739630', NULL, '2023-04-30 00:00:00', 1, 108, '租金', '2023-04-30 00:00:00', '3_15.00_4_30.00_5_270.00_6_20.00_7_25.00_8_40.00_9_50.00_10_10.00');
INSERT INTO `order_pay` VALUES (585, 124, 1564.00, '现金支付', '20230531194739639', NULL, '2023-04-30 00:00:00', 1, 108, '租金', '2023-04-30 00:00:00', '3_15.00_4_30.00_5_270.00_6_20.00_7_25.00_8_40.00_9_50.00_10_10.00');
INSERT INTO `order_pay` VALUES (586, 125, 1408.23, '现金支付', '20230531194739646', NULL, '2023-04-30 00:00:00', 1, 108, '租金', '2023-04-30 00:00:00', '3_15.00_4_30.00_5_270.00_6_20.00_7_25.00_8_40.00_9_50.00_10_10.00');
INSERT INTO `order_pay` VALUES (587, 126, 1409.55, '现金支付', '20230531194739658', NULL, '2023-04-30 00:00:00', 1, 108, '租金', '2023-04-30 00:00:00', '3_15.00_4_30.00_5_270.00_6_20.00_7_25.00_8_40.00_9_50.00_10_10.00');
INSERT INTO `order_pay` VALUES (588, 127, 1934.09, '现金支付', '20230531194739668', NULL, '2023-04-30 00:00:00', 1, 108, '租金', '2023-04-30 00:00:00', '3_15.00_4_30.00_5_270.00_6_20.00_7_25.00_8_40.00_9_50.00_10_10.00');
INSERT INTO `order_pay` VALUES (589, 128, 1935.64, '现金支付', '20230531194739678', NULL, '2023-04-30 00:00:00', 1, 108, '租金', '2023-04-30 00:00:00', '3_15.00_4_30.00_5_270.00_6_20.00_7_25.00_8_40.00_9_50.00_10_10.00');
INSERT INTO `order_pay` VALUES (590, 129, 3027.18, '现金支付', '20230531194739682', NULL, '2023-04-30 00:00:00', 1, 108, '租金', '2023-04-30 00:00:00', '3_15.00_4_30.00_5_270.00_6_20.00_7_25.00_8_40.00_9_50.00_10_10.00');
INSERT INTO `order_pay` VALUES (591, 130, 3028.73, '现金支付', '20230531194739693', NULL, '2023-04-30 00:00:00', 1, 108, '租金', '2023-04-30 00:00:00', '3_15.00_4_30.00_5_270.00_6_20.00_7_25.00_8_40.00_9_50.00_10_10.00');
INSERT INTO `order_pay` VALUES (592, 141, 1285.00, '现金支付', '20230531194739701', NULL, '2023-04-30 00:00:00', 1, 108, '租金', '2023-04-30 00:00:00', '3_15.00_4_30.00_5_270.00_6_20.00_7_25.00_8_40.00_9_50.00_10_10.00');
INSERT INTO `order_pay` VALUES (593, 132, 1266.82, '现金支付', '20230531194739709', NULL, '2023-04-30 00:00:00', 1, 108, '租金', '2023-04-30 00:00:00', '3_15.00_4_30.00_5_270.00_6_20.00_7_25.00_8_40.00_9_50.00_10_10.00');
INSERT INTO `order_pay` VALUES (594, 133, 1273.04, '现金支付', '20230531194739718', NULL, '2023-04-30 00:00:00', 1, 108, '租金', '2023-04-30 00:00:00', '3_15.00_4_30.00_5_270.00_6_20.00_7_25.00_8_40.00_9_50.00_10_10.00');
INSERT INTO `order_pay` VALUES (595, 134, 1274.59, '现金支付', '20230531194739725', NULL, '2023-04-30 00:00:00', 1, 108, '租金', '2023-04-30 00:00:00', '3_15.00_4_30.00_5_270.00_6_20.00_7_25.00_8_40.00_9_50.00_10_10.00');
INSERT INTO `order_pay` VALUES (596, 135, 1496.83, '现金支付', '20230531194739733', NULL, '2023-04-30 00:00:00', 1, 108, '租金', '2023-04-30 00:00:00', '3_15.00_4_30.00_5_270.00_6_20.00_7_25.00_8_40.00_9_50.00_10_10.00');
INSERT INTO `order_pay` VALUES (597, 136, 1467.68, '现金支付', '20230531194739741', NULL, '2023-04-30 00:00:00', 1, 108, '租金', '2023-04-30 00:00:00', '3_15.00_4_30.00_5_270.00_6_20.00_7_25.00_8_40.00_9_50.00_10_10.00');
INSERT INTO `order_pay` VALUES (598, 137, 2189.23, '现金支付', '20230531194739748', NULL, '2023-04-30 00:00:00', 1, 108, '租金', '2023-04-30 00:00:00', '3_15.00_4_30.00_5_270.00_6_20.00_7_25.00_8_40.00_9_50.00_10_10.00');
INSERT INTO `order_pay` VALUES (599, 138, 2190.77, '现金支付', '20230531194739761', NULL, '2023-04-30 00:00:00', 1, 108, '租金', '2023-04-30 00:00:00', '3_15.00_4_30.00_5_270.00_6_20.00_7_25.00_8_40.00_9_50.00_10_10.00');
INSERT INTO `order_pay` VALUES (600, 139, 2992.23, '现金支付', '20230531194739769', NULL, '2023-04-30 00:00:00', 1, 108, '租金', '2023-04-30 00:00:00', '3_15.00_4_30.00_5_270.00_6_20.00_7_25.00_8_40.00_9_50.00_10_10.00');
INSERT INTO `order_pay` VALUES (601, 140, 2998.00, '现金支付', '20230531194739780', NULL, '2023-04-30 00:00:00', 1, 108, '租金', '2023-04-30 00:00:00', '3_15.00_4_30.00_5_270.00_6_20.00_7_25.00_8_40.00_9_50.00_10_10.00');
INSERT INTO `order_pay` VALUES (602, 142, 1450.00, '现金支付', '20230531194739792', NULL, '2023-04-30 00:00:00', 1, 108, '租金', '2023-04-30 00:00:00', '3_15.00_4_30.00_5_270.00_6_20.00_7_25.00_8_40.00_9_50.00_10_10.00');
INSERT INTO `order_pay` VALUES (603, 143, 1442.50, '现金支付', '20230531194739815', NULL, '2023-04-30 00:00:00', 1, 108, '租金', '2023-04-30 00:00:00', '3_15.00_4_30.00_5_270.00_6_20.00_7_25.00_8_40.00_9_50.00_10_10.00');
INSERT INTO `order_pay` VALUES (604, 144, 1444.00, '现金支付', '20230531194739827', NULL, '2023-04-30 00:00:00', 1, 108, '租金', '2023-04-30 00:00:00', '3_15.00_4_30.00_5_270.00_6_20.00_7_25.00_8_40.00_9_50.00_10_10.00');
INSERT INTO `order_pay` VALUES (605, 145, 1441.00, '现金支付', '20230531194739835', NULL, '2023-04-30 00:00:00', 1, 108, '租金', '2023-04-30 00:00:00', '3_15.00_4_30.00_5_270.00_6_20.00_7_25.00_8_40.00_9_50.00_10_10.00');
INSERT INTO `order_pay` VALUES (606, 146, 1444.98, '现金支付', '20230531194739843', NULL, '2023-04-30 00:00:00', 1, 108, '租金', '2023-04-30 00:00:00', '3_15.00_4_30.00_5_270.00_6_20.00_7_25.00_8_40.00_9_50.00_10_10.00');
INSERT INTO `order_pay` VALUES (607, 147, 1977.50, '现金支付', '20230531194739858', NULL, '2023-04-30 00:00:00', 1, 108, '租金', '2023-04-30 00:00:00', '3_15.00_4_30.00_5_270.00_6_20.00_7_25.00_8_40.00_9_50.00_10_10.00');
INSERT INTO `order_pay` VALUES (608, 56, 1435.00, '现金支付', '20230531195523593', NULL, '2023-05-31 19:55:23', 1, 108, '租金', '2023-05-31 19:57:21', '3_15.00_4_30.00_5_270.00_6_20.00_7_25.00_8_40.00_9_50.00_10_10.00');
INSERT INTO `order_pay` VALUES (609, 57, 1441.00, '现金支付', '20230531195523604', NULL, '2023-05-31 19:55:23', 1, 108, '租金', '2023-05-31 19:57:21', '3_15.00_4_30.00_5_270.00_6_20.00_7_25.00_8_40.00_9_50.00_10_10.00');
INSERT INTO `order_pay` VALUES (610, 65, 1489.00, '现金支付', '20230531195523616', NULL, '2023-05-31 19:55:23', 1, 108, '租金', '2023-05-31 19:57:21', '3_15.00_4_30.00_5_270.00_6_20.00_7_25.00_8_40.00_9_50.00_10_10.00');
INSERT INTO `order_pay` VALUES (611, 58, 1447.00, '现金支付', '20230531195523625', NULL, '2023-05-31 19:55:23', 1, 108, '租金', '2023-05-31 19:57:21', '3_15.00_4_30.00_5_270.00_6_20.00_7_25.00_8_40.00_9_50.00_10_10.00');
INSERT INTO `order_pay` VALUES (612, 59, 1643.00, '现金支付', '20230531195523637', NULL, '2023-05-31 19:55:23', 1, 108, '租金', '2023-05-31 19:57:21', '3_15.00_4_30.00_5_270.00_6_20.00_7_25.00_8_40.00_9_50.00_10_10.00');
INSERT INTO `order_pay` VALUES (613, 60, 1649.00, '现金支付', '20230531195523649', NULL, '2023-05-31 19:55:23', 1, 108, '租金', '2023-05-31 19:57:21', '3_15.00_4_30.00_5_270.00_6_20.00_7_25.00_8_40.00_9_50.00_10_10.00');
INSERT INTO `order_pay` VALUES (614, 61, 2375.00, '现金支付', '20230531195523657', NULL, '2023-05-31 19:55:23', 1, 108, '租金', '2023-05-31 19:57:21', '3_15.00_4_30.00_5_270.00_6_20.00_7_25.00_8_40.00_9_50.00_10_10.00');
INSERT INTO `order_pay` VALUES (615, 62, 2381.00, '现金支付', '20230531195523664', NULL, '2023-05-31 19:55:23', 1, 108, '租金', '2023-05-31 19:57:21', '3_15.00_4_30.00_5_270.00_6_20.00_7_25.00_8_40.00_9_50.00_10_10.00');
INSERT INTO `order_pay` VALUES (616, 63, 3187.00, '现金支付', '20230531195523676', NULL, '2023-05-31 19:55:23', 1, 108, '租金', '2023-05-31 19:57:21', '3_15.00_4_30.00_5_270.00_6_20.00_7_25.00_8_40.00_9_50.00_10_10.00');
INSERT INTO `order_pay` VALUES (617, 64, 3193.00, '现金支付', '20230531195523684', NULL, '2023-05-31 19:55:23', 1, 108, '租金', '2023-05-31 19:57:21', '3_15.00_4_30.00_5_270.00_6_20.00_7_25.00_8_40.00_9_50.00_10_10.00');
INSERT INTO `order_pay` VALUES (618, 74, 1664.50, '现金支付', '20230531195523692', NULL, '2023-05-31 19:55:23', 1, 108, '租金', '2023-05-31 19:57:21', '4_30.00_5_270.00_6_20.00_7_25.00_8_40.00_9_50.00_10_10.00');
INSERT INTO `order_pay` VALUES (619, 66, 1645.00, '现金支付', '20230531195523704', NULL, '2023-05-31 19:55:23', 1, 108, '租金', '2023-05-31 19:57:21', '3_15.00_4_30.00_5_270.00_6_20.00_7_25.00_8_40.00_9_50.00_10_10.00');
INSERT INTO `order_pay` VALUES (620, 67, 1506.00, '现金支付', '20230531195523711', NULL, '2023-05-31 19:55:23', 1, 108, '租金', '2023-05-31 19:57:21', '3_15.00_4_30.00_5_270.00');
INSERT INTO `order_pay` VALUES (621, 68, 1297.00, '现金支付', '20230531195523723', NULL, '2023-05-31 19:55:23', 1, 108, '租金', '2023-05-31 19:57:21', '8_40.00_9_50.00_10_10.00');
INSERT INTO `order_pay` VALUES (622, 69, 1663.00, '现金支付', '20230531195523731', NULL, '2023-05-31 19:55:23', 1, 108, '租金', '2023-05-31 19:57:21', '3_15.00_4_30.00_5_270.00_6_20.00_7_25.00_8_40.00_9_50.00_10_10.00');
INSERT INTO `order_pay` VALUES (623, 70, 2044.00, '现金支付', '20230531195523739', NULL, '2023-05-31 19:55:23', 1, 108, '租金', '2023-05-31 19:57:21', '3_15.00_4_30.00_5_270.00');
INSERT INTO `order_pay` VALUES (624, 71, 2180.00, '现金支付', '20230531195523754', NULL, '2023-05-31 19:55:23', 1, 108, '租金', '2023-05-31 19:57:21', '4_30.00_5_270.00_6_20.00_7_25.00_8_40.00_9_50.00_10_10.00');
INSERT INTO `order_pay` VALUES (625, 72, 3286.50, '现金支付', '20230531195523766', NULL, '2023-05-31 19:55:23', 1, 108, '租金', '2023-05-31 19:57:21', '3_15.00_4_30.00_5_270.00_6_20.00_7_25.00_8_40.00_9_50.00_10_10.00');
INSERT INTO `order_pay` VALUES (626, 73, 3163.00, '现金支付', '20230531195523774', NULL, '2023-05-31 19:55:23', 1, 108, '租金', '2023-05-31 19:57:21', '3_15.00_4_30.00_5_270.00_6_20.00');
INSERT INTO `order_pay` VALUES (627, 84, 1148.50, '现金支付', '20230531195523801', NULL, '2023-05-31 19:55:23', 1, 108, '租金', '2023-05-31 19:57:21', '3_15.00_4_30.00_5_270.00_6_20.00_7_25.00_8_40.00_9_50.00_10_10.00');
INSERT INTO `order_pay` VALUES (628, 75, 1531.00, '现金支付', '20230531195523805', NULL, '2023-05-31 19:55:23', 1, 108, '租金', '2023-05-31 19:57:21', '3_15.00_4_30.00_5_270.00_6_20.00_7_25.00_8_40.00_9_50.00_10_10.00');
INSERT INTO `order_pay` VALUES (629, 76, 1532.50, '现金支付', '20230531195523817', NULL, '2023-05-31 19:55:23', 1, 108, '租金', '2023-05-31 19:57:21', '3_15.00_4_30.00_5_270.00_6_20.00_7_25.00_8_40.00_9_50.00_10_10.00');
INSERT INTO `order_pay` VALUES (630, 77, 1119.00, '现金支付', '20230531195523825', NULL, '2023-05-31 19:55:23', 1, 108, '租金', '2023-05-31 19:57:21', '3_15.00_4_30.00');
INSERT INTO `order_pay` VALUES (631, 78, 1275.50, '现金支付', '20230531195523841', NULL, '2023-05-31 19:55:23', 1, 108, '租金', '2023-05-31 19:57:21', '10_10.00');
INSERT INTO `order_pay` VALUES (632, 79, 1727.00, '现金支付', '20230531195523852', NULL, '2023-05-31 19:55:23', 1, 108, '租金', '2023-05-31 19:57:21', '3_15.00_4_30.00_5_270.00_6_20.00_7_25.00_8_40.00_9_50.00_10_10.00');
INSERT INTO `order_pay` VALUES (633, 80, 2229.50, '现金支付', '20230531195523860', NULL, '2023-05-31 19:55:23', 1, 108, '租金', '2023-05-31 19:57:21', '3_15.00_4_30.00_5_270.00_6_20.00_7_25.00_8_40.00_9_50.00_10_10.00');
INSERT INTO `order_pay` VALUES (634, 81, 2231.00, '现金支付', '20230531195523872', NULL, '2023-05-31 19:55:23', 1, 108, '租金', '2023-05-31 19:57:21', '3_15.00_4_30.00_5_270.00_6_20.00_7_25.00_8_40.00_9_50.00_10_10.00');
INSERT INTO `order_pay` VALUES (635, 82, 3032.50, '现金支付', '20230531195523883', NULL, '2023-05-31 19:55:23', 1, 108, '租金', '2023-05-31 19:57:21', '3_15.00_4_30.00_5_270.00_6_20.00_7_25.00_8_40.00_9_50.00_10_10.00');
INSERT INTO `order_pay` VALUES (636, 83, 3034.00, '现金支付', '20230531195523891', NULL, '2023-05-31 19:55:23', 1, 108, '租金', '2023-05-31 19:57:21', '3_15.00_4_30.00_5_270.00_6_20.00_7_25.00_8_40.00_9_50.00_10_10.00');
INSERT INTO `order_pay` VALUES (637, 93, 1244.50, '现金支付', '20230531195523899', NULL, '2023-05-31 19:55:23', 1, 108, '租金', '2023-05-31 19:57:21', '3_15.00_4_30.00_5_270.00_6_20.00_7_25.00_8_40.00_9_50.00_10_10.00');
INSERT INTO `order_pay` VALUES (638, 85, 1246.00, '现金支付', '20230531195523907', NULL, '2023-05-31 19:55:23', 1, 108, '租金', '2023-05-31 19:57:21', '3_15.00_4_30.00_5_270.00_6_20.00_7_25.00_8_40.00_9_50.00_10_10.00');
INSERT INTO `order_pay` VALUES (639, 86, 1238.64, '现金支付', '20230531195523918', NULL, '2023-05-31 19:55:23', 1, 108, '租金', '2023-05-31 19:57:21', '3_15.00_4_30.00_5_270.00_6_20.00_7_25.00_8_40.00_9_50.00_10_10.00');
INSERT INTO `order_pay` VALUES (640, 87, 1253.50, '现金支付', '20230531195523926', NULL, '2023-05-31 19:55:23', 1, 108, '租金', '2023-05-31 19:57:21', '3_15.00_4_30.00_5_270.00_6_20.00_7_25.00_8_40.00_9_50.00_10_10.00');
INSERT INTO `order_pay` VALUES (641, 88, 1241.73, '现金支付', '20230531195523934', NULL, '2023-05-31 19:55:23', 1, 108, '租金', '2023-05-31 19:57:21', '3_15.00_4_30.00_5_270.00_6_20.00_7_25.00_8_40.00_9_50.00_10_10.00');
INSERT INTO `order_pay` VALUES (642, 89, 1781.00, '现金支付', '20230531195523942', NULL, '2023-05-31 19:55:23', 1, 108, '租金', '2023-05-31 19:57:21', '3_15.00_4_30.00_5_270.00_6_20.00_7_25.00_8_40.00_9_50.00_10_10.00');
INSERT INTO `order_pay` VALUES (643, 90, 1778.00, '现金支付', '20230531195523950', NULL, '2023-05-31 19:55:23', 1, 108, '租金', '2023-05-31 19:57:21', '3_15.00_4_30.00_5_270.00_6_20.00_7_25.00_8_40.00_9_50.00_10_10.00');
INSERT INTO `order_pay` VALUES (644, 91, 2856.05, '现金支付', '20230531195523957', NULL, '2023-05-31 19:55:23', 1, 108, '租金', '2023-05-31 19:57:21', '3_15.00_4_30.00_5_270.00_6_20.00_7_25.00_8_40.00_9_50.00_10_10.00');
INSERT INTO `order_pay` VALUES (645, 92, 2857.59, '现金支付', '20230531195523973', NULL, '2023-05-31 19:55:23', 1, 108, '租金', '2023-05-31 19:57:21', '3_15.00_4_30.00_5_270.00_6_20.00_7_25.00_8_40.00_9_50.00_10_10.00');
INSERT INTO `order_pay` VALUES (646, 103, 1076.50, '现金支付', '20230531195523985', NULL, '2023-05-31 19:55:23', 1, 108, '租金', '2023-05-31 19:57:21', '3_15.00_4_30.00_5_270.00_6_20.00_7_25.00_8_40.00_9_50.00_10_10.00');
INSERT INTO `order_pay` VALUES (647, 94, 1096.00, '现金支付', '20230531195523993', NULL, '2023-05-31 19:55:23', 1, 108, '租金', '2023-05-31 19:57:21', '3_15.00_4_30.00_5_270.00_6_20.00_7_25.00_8_40.00_9_50.00_10_10.00');
INSERT INTO `order_pay` VALUES (648, 95, 1097.50, '现金支付', '20230531195524004', NULL, '2023-05-31 19:55:23', 1, 108, '租金', '2023-05-31 19:57:21', '3_15.00_4_30.00_5_270.00_6_20.00_7_25.00_8_40.00_9_50.00_10_10.00');
INSERT INTO `order_pay` VALUES (649, 96, 1099.00, '现金支付', '20230531195524012', NULL, '2023-05-31 19:55:23', 1, 108, '租金', '2023-05-31 19:57:21', '3_15.00_4_30.00_5_270.00_6_20.00_7_25.00_8_40.00_9_50.00_10_10.00');
INSERT INTO `order_pay` VALUES (650, 97, 1290.50, '现金支付', '20230531195524024', NULL, '2023-05-31 19:55:24', 1, 108, '租金', '2023-05-31 19:57:21', '3_15.00_4_30.00_5_270.00_6_20.00_7_25.00_8_40.00_9_50.00_10_10.00');
INSERT INTO `order_pay` VALUES (651, 98, 1292.00, '现金支付', '20230531195524034', NULL, '2023-05-31 19:55:24', 1, 108, '租金', '2023-05-31 19:57:21', '3_15.00_4_30.00_5_270.00_6_20.00_7_25.00_8_40.00_9_50.00_10_10.00');
INSERT INTO `order_pay` VALUES (652, 99, 2013.50, '现金支付', '20230531195524038', NULL, '2023-05-31 19:55:24', 1, 108, '租金', '2023-05-31 19:57:21', '3_15.00_4_30.00_5_270.00_6_20.00_7_25.00_8_40.00_9_50.00_10_10.00');
INSERT INTO `order_pay` VALUES (653, 100, 2015.00, '现金支付', '20230531195524050', NULL, '2023-05-31 19:55:24', 1, 108, '租金', '2023-05-31 19:57:21', '3_15.00_4_30.00_5_270.00_6_20.00_7_25.00_8_40.00_9_50.00_10_10.00');
INSERT INTO `order_pay` VALUES (654, 101, 2816.50, '现金支付', '20230531195524057', NULL, '2023-05-31 19:55:24', 1, 108, '租金', '2023-05-31 19:57:21', '3_15.00_4_30.00_5_270.00_6_20.00_7_25.00_8_40.00_9_50.00_10_10.00');
INSERT INTO `order_pay` VALUES (655, 102, 2785.00, '现金支付', '20230531195524065', NULL, '2023-05-31 19:55:24', 1, 108, '租金', '2023-05-31 19:57:21', '3_15.00_4_30.00_5_270.00_6_20.00_7_25.00_8_40.00_9_50.00_10_10.00');
INSERT INTO `order_pay` VALUES (656, 112, 1492.00, '现金支付', '20230531195524073', NULL, '2023-05-31 19:55:24', 1, 108, '租金', '2023-05-31 19:57:21', '3_15.00_4_30.00_5_270.00_6_20.00_7_25.00_8_40.00_9_50.00_10_10.00');
INSERT INTO `order_pay` VALUES (657, 104, 1372.00, '现金支付', '20230531195524085', NULL, '2023-05-31 19:55:24', 1, 108, '租金', '2023-05-31 19:57:21', '3_15.00_4_30.00_5_270.00_6_20.00_7_25.00_8_40.00_9_50.00_10_10.00');
INSERT INTO `order_pay` VALUES (658, 105, 1373.50, '现金支付', '20230531195524089', NULL, '2023-05-31 19:55:24', 1, 108, '租金', '2023-05-31 19:57:21', '3_15.00_4_30.00_5_270.00_6_20.00_7_25.00_8_40.00_9_50.00_10_10.00');
INSERT INTO `order_pay` VALUES (659, 106, 1375.00, '现金支付', '20230531195524100', NULL, '2023-05-31 19:55:24', 1, 108, '租金', '2023-05-31 19:57:21', '3_15.00_4_30.00_5_270.00_6_20.00_7_25.00_8_40.00_9_50.00_10_10.00');
INSERT INTO `order_pay` VALUES (660, 107, 1376.50, '现金支付', '20230531195524108', NULL, '2023-05-31 19:55:24', 1, 108, '租金', '2023-05-31 19:57:21', '3_15.00_4_30.00_5_270.00_6_20.00_7_25.00_8_40.00_9_50.00_10_10.00');
INSERT INTO `order_pay` VALUES (661, 108, 1898.00, '现金支付', '20230531195524120', NULL, '2023-05-31 19:55:24', 1, 108, '租金', '2023-05-31 19:57:21', '3_15.00_4_30.00_5_270.00_6_20.00_7_25.00_8_40.00_9_50.00_10_10.00');
INSERT INTO `order_pay` VALUES (662, 109, 1899.50, '现金支付', '20230531195524125', NULL, '2023-05-31 19:55:24', 1, 108, '租金', '2023-05-31 19:57:21', '3_15.00_4_30.00_5_270.00_6_20.00_7_25.00_8_40.00_9_50.00_10_10.00');
INSERT INTO `order_pay` VALUES (663, 110, 2991.00, '现金支付', '20230531195524137', NULL, '2023-05-31 19:55:24', 1, 108, '租金', '2023-05-31 19:57:21', '3_15.00_4_30.00_5_270.00_6_20.00_7_25.00_8_40.00_9_50.00_10_10.00');
INSERT INTO `order_pay` VALUES (664, 111, 2992.50, '现金支付', '20230531195524145', NULL, '2023-05-31 19:55:24', 1, 108, '租金', '2023-05-31 19:57:21', '3_15.00_4_30.00_5_270.00_6_20.00_7_25.00_8_40.00_9_50.00_10_10.00');
INSERT INTO `order_pay` VALUES (665, 122, 1249.00, '现金支付', '20230531195524152', NULL, '2023-05-31 19:55:24', 1, 108, '租金', '2023-05-31 19:57:21', '3_15.00_4_30.00_5_270.00_6_20.00_7_25.00_8_40.00_9_50.00_10_10.00');
INSERT INTO `order_pay` VALUES (666, 113, 1348.00, '现金支付', '20230531195524164', NULL, '2023-05-31 19:55:24', 1, 108, '租金', '2023-05-31 19:57:21', '3_15.00_4_30.00_5_270.00_6_20.00_7_25.00_8_40.00_9_50.00_10_10.00');
INSERT INTO `order_pay` VALUES (667, 114, 1354.00, '现金支付', '20230531195524176', NULL, '2023-05-31 19:55:24', 1, 108, '租金', '2023-05-31 19:57:21', '3_15.00_4_30.00_5_270.00_6_20.00_7_25.00_8_40.00_9_50.00_10_10.00');
INSERT INTO `order_pay` VALUES (668, 115, 1238.50, '现金支付', '20230531195524187', NULL, '2023-05-31 19:55:24', 1, 108, '租金', '2023-05-31 19:57:21', '3_15.00_4_30.00_5_270.00_6_20.00_7_25.00_8_40.00_9_50.00_10_10.00');
INSERT INTO `order_pay` VALUES (669, 116, 1430.00, '现金支付', '20230531195524195', NULL, '2023-05-31 19:55:24', 1, 108, '租金', '2023-05-31 19:57:21', '3_15.00_4_30.00_5_270.00_6_20.00_7_25.00_8_40.00_9_50.00_10_10.00');
INSERT INTO `order_pay` VALUES (670, 117, 1431.50, '现金支付', '20230531195524203', NULL, '2023-05-31 19:55:24', 1, 108, '租金', '2023-05-31 19:57:21', '3_15.00_4_30.00_5_270.00_6_20.00_7_25.00_8_40.00_9_50.00_10_10.00');
INSERT INTO `order_pay` VALUES (671, 118, 2153.00, '现金支付', '20230531195524215', NULL, '2023-05-31 19:55:24', 1, 108, '租金', '2023-05-31 19:57:21', '3_15.00_4_30.00_5_270.00_6_20.00_7_25.00_8_40.00_9_50.00_10_10.00');
INSERT INTO `order_pay` VALUES (672, 119, 2154.50, '现金支付', '20230531195524222', NULL, '2023-05-31 19:55:24', 1, 108, '租金', '2023-05-31 19:57:21', '3_15.00_4_30.00_5_270.00_6_20.00_7_25.00_8_40.00_9_50.00_10_10.00');
INSERT INTO `order_pay` VALUES (673, 120, 2956.00, '现金支付', '20230531195524234', NULL, '2023-05-31 19:55:24', 1, 108, '租金', '2023-05-31 19:57:21', '3_15.00_4_30.00_5_270.00_6_20.00_7_25.00_8_40.00_9_50.00_10_10.00');
INSERT INTO `order_pay` VALUES (674, 121, 2957.50, '现金支付', '20230531195524242', NULL, '2023-05-31 19:55:24', 1, 108, '租金', '2023-05-31 19:57:21', '3_15.00_4_30.00_5_270.00_6_20.00_7_25.00_8_40.00_9_50.00_10_10.00');
INSERT INTO `order_pay` VALUES (675, 131, 1415.50, '现金支付', '20230531195524250', NULL, '2023-05-31 19:55:24', 1, 108, '租金', '2023-05-31 19:57:21', '3_15.00_4_30.00_5_270.00_6_20.00_7_25.00_8_40.00_9_50.00_10_10.00');
INSERT INTO `order_pay` VALUES (676, 123, 1400.50, '现金支付', '20230531195524258', NULL, '2023-05-31 19:55:24', 1, 108, '租金', '2023-05-31 19:57:21', '3_15.00_4_30.00_5_270.00_6_20.00_7_25.00_8_40.00_9_50.00_10_10.00');
INSERT INTO `order_pay` VALUES (677, 124, 1402.00, '现金支付', '20230531195524269', NULL, '2023-05-31 19:55:24', 1, 108, '租金', '2023-05-31 19:57:21', '3_15.00_4_30.00_5_270.00_6_20.00_7_25.00_8_40.00_9_50.00_10_10.00');
INSERT INTO `order_pay` VALUES (678, 125, 1403.50, '现金支付', '20230531195524280', NULL, '2023-05-31 19:55:24', 1, 108, '租金', '2023-05-31 19:57:21', '3_15.00_4_30.00_5_270.00_6_20.00_7_25.00_8_40.00_9_50.00_10_10.00');
INSERT INTO `order_pay` VALUES (679, 126, 1405.00, '现金支付', '20230531195524285', NULL, '2023-05-31 19:55:24', 1, 108, '租金', '2023-05-31 19:57:21', '3_15.00_4_30.00_5_270.00_6_20.00_7_25.00_8_40.00_9_50.00_10_10.00');
INSERT INTO `order_pay` VALUES (680, 127, 1929.50, '现金支付', '20230531195524297', NULL, '2023-05-31 19:55:24', 1, 108, '租金', '2023-05-31 19:57:21', '3_15.00_4_30.00_5_270.00_6_20.00_7_25.00_8_40.00_9_50.00_10_10.00');
INSERT INTO `order_pay` VALUES (681, 128, 1931.00, '现金支付', '20230531195524305', NULL, '2023-05-31 19:55:24', 1, 108, '租金', '2023-05-31 19:57:21', '3_15.00_4_30.00_5_270.00_6_20.00_7_25.00_8_40.00_9_50.00_10_10.00');
INSERT INTO `order_pay` VALUES (682, 129, 3022.50, '现金支付', '20230531195524312', NULL, '2023-05-31 19:55:24', 1, 108, '租金', '2023-05-31 19:57:21', '3_15.00_4_30.00_5_270.00_6_20.00_7_25.00_8_40.00_9_50.00_10_10.00');
INSERT INTO `order_pay` VALUES (683, 130, 3024.00, '现金支付', '20230531195524321', NULL, '2023-05-31 19:55:24', 1, 108, '租金', '2023-05-31 19:57:21', '3_15.00_4_30.00_5_270.00_6_20.00_7_25.00_8_40.00_9_50.00_10_10.00');
INSERT INTO `order_pay` VALUES (684, 141, 1285.00, '现金支付', '20230531195524329', NULL, '2023-05-31 19:55:24', 1, 108, '租金', '2023-05-31 19:57:21', '3_15.00_4_30.00_5_270.00_6_20.00_7_25.00_8_40.00_9_50.00_10_10.00');
INSERT INTO `order_pay` VALUES (685, 132, 1267.00, '现金支付', '20230531195524337', NULL, '2023-05-31 19:55:24', 1, 108, '租金', '2023-05-31 19:57:21', '3_15.00_4_30.00_5_270.00_6_20.00_7_25.00_8_40.00_9_50.00_10_10.00');
INSERT INTO `order_pay` VALUES (686, 133, 1268.50, '现金支付', '20230531195524349', NULL, '2023-05-31 19:55:24', 1, 108, '租金', '2023-05-31 19:57:21', '3_15.00_4_30.00_5_270.00_6_20.00_7_25.00_8_40.00_9_50.00_10_10.00');
INSERT INTO `order_pay` VALUES (687, 134, 1270.00, '现金支付', '20230531195524356', NULL, '2023-05-31 19:55:24', 1, 108, '租金', '2023-05-31 19:57:21', '3_15.00_4_30.00_5_270.00_6_20.00_7_25.00_8_40.00_9_50.00_10_10.00');
INSERT INTO `order_pay` VALUES (688, 135, 1461.50, '现金支付', '20230531195524364', NULL, '2023-05-31 19:55:24', 1, 108, '租金', '2023-05-31 19:57:21', '3_15.00_4_30.00_5_270.00_6_20.00_7_25.00_8_40.00_9_50.00_10_10.00');
INSERT INTO `order_pay` VALUES (689, 136, 1463.00, '现金支付', '20230531195524372', NULL, '2023-05-31 19:55:24', 1, 108, '租金', '2023-05-31 19:57:21', '3_15.00_4_30.00_5_270.00_6_20.00_7_25.00_8_40.00_9_50.00_10_10.00');
INSERT INTO `order_pay` VALUES (690, 137, 2184.50, '现金支付', '20230531195524383', NULL, '2023-05-31 19:55:24', 1, 108, '租金', '2023-05-31 19:57:21', '3_15.00_4_30.00_5_270.00_6_20.00_7_25.00_8_40.00_9_50.00_10_10.00');
INSERT INTO `order_pay` VALUES (691, 138, 2190.77, '现金支付', '20230531195524391', NULL, '2023-05-31 19:55:24', 1, 108, '租金', '2023-05-31 19:57:21', '3_15.00_4_30.00_5_270.00_6_20.00_7_25.00_8_40.00_9_50.00_10_10.00');
INSERT INTO `order_pay` VALUES (692, 139, 2992.23, '现金支付', '20230531195524399', NULL, '2023-05-31 19:55:24', 1, 108, '租金', '2023-05-31 19:57:21', '3_15.00_4_30.00_5_270.00_6_20.00_7_25.00_8_40.00_9_50.00_10_10.00');
INSERT INTO `order_pay` VALUES (693, 140, 2998.00, '现金支付', '20230531195524411', NULL, '2023-05-31 19:55:24', 1, 108, '租金', '2023-05-31 19:57:21', '3_15.00_4_30.00_5_270.00_6_20.00_7_25.00_8_40.00_9_50.00_10_10.00');
INSERT INTO `order_pay` VALUES (694, 142, 1450.00, '现金支付', '20230531195524419', NULL, '2023-05-31 19:55:24', 1, 108, '租金', '2023-05-31 19:57:21', '3_15.00_4_30.00_5_270.00_6_20.00_7_25.00_8_40.00_9_50.00_10_10.00');
INSERT INTO `order_pay` VALUES (695, 143, 1442.50, '现金支付', '20230531195524426', NULL, '2023-05-31 19:55:24', 1, 108, '租金', '2023-05-31 19:57:21', '3_15.00_4_30.00_5_270.00_6_20.00_7_25.00_8_40.00_9_50.00_10_10.00');
INSERT INTO `order_pay` VALUES (696, 144, 1444.00, '现金支付', '20230531195524434', NULL, '2023-05-31 19:55:24', 1, 108, '租金', '2023-05-31 19:57:21', '3_15.00_4_30.00_5_270.00_6_20.00_7_25.00_8_40.00_9_50.00_10_10.00');
INSERT INTO `order_pay` VALUES (697, 145, 1441.00, '现金支付', '20230531195524442', NULL, '2023-05-31 19:55:24', 1, 108, '租金', '2023-05-31 19:57:21', '3_15.00_4_30.00_5_270.00_6_20.00_7_25.00_8_40.00_9_50.00_10_10.00');
INSERT INTO `order_pay` VALUES (698, 146, 1444.98, '现金支付', '20230531195524450', NULL, '2023-05-31 19:55:24', 1, 108, '租金', '2023-05-31 19:57:21', '3_15.00_4_30.00_5_270.00_6_20.00_7_25.00_8_40.00_9_50.00_10_10.00');
INSERT INTO `order_pay` VALUES (699, 147, 1977.50, '', '20230531195524458', NULL, '2023-05-31 19:55:24', 0, 108, '租金', NULL, '3_15.00_4_30.00_5_270.00_6_20.00_7_25.00_8_40.00_9_50.00_10_10.00');

-- ----------------------------
-- Table structure for rent
-- ----------------------------
DROP TABLE IF EXISTS `rent`;
CREATE TABLE `rent`  (
  `rent_id` int(0) NOT NULL AUTO_INCREMENT,
  `house_id` int(0) NOT NULL,
  `user_id` int(0) DEFAULT NULL,
  `login` datetime(0) NOT NULL,
  `logout` datetime(0) DEFAULT NULL,
  `deposit` decimal(10, 2) NOT NULL,
  `state` int(0) NOT NULL,
  PRIMARY KEY (`rent_id`) USING BTREE,
  INDEX `FK_Reference_10`(`house_id`) USING BTREE,
  INDEX `FK_Reference_26`(`user_id`) USING BTREE,
  CONSTRAINT `FK_Reference_10` FOREIGN KEY (`house_id`) REFERENCES `house` (`house_id`) ON DELETE RESTRICT ON UPDATE RESTRICT,
  CONSTRAINT `FK_Reference_26` FOREIGN KEY (`user_id`) REFERENCES `user` (`user_id`) ON DELETE RESTRICT ON UPDATE RESTRICT
) ENGINE = InnoDB AUTO_INCREMENT = 56 CHARACTER SET = utf8mb4 COLLATE = utf8mb4_general_ci ROW_FORMAT = Dynamic;

-- ----------------------------
-- Records of rent
-- ----------------------------
INSERT INTO `rent` VALUES (56, 14, 111, '2023-01-01 00:00:00', NULL, 910.00, 1);
INSERT INTO `rent` VALUES (57, 15, 112, '2023-01-01 00:00:00', NULL, 910.00, 1);
INSERT INTO `rent` VALUES (58, 17, 113, '2023-01-01 00:00:00', NULL, 910.00, 1);
INSERT INTO `rent` VALUES (59, 18, 114, '2023-01-01 00:00:00', NULL, 1100.00, 1);
INSERT INTO `rent` VALUES (60, 19, 115, '2023-01-01 00:00:00', NULL, 1100.00, 1);
INSERT INTO `rent` VALUES (61, 20, 116, '2023-01-01 00:00:00', NULL, 1820.00, 1);
INSERT INTO `rent` VALUES (62, 21, 117, '2023-01-01 00:00:00', NULL, 1820.00, 1);
INSERT INTO `rent` VALUES (63, 22, 118, '2023-01-01 00:00:00', NULL, 2620.00, 1);
INSERT INTO `rent` VALUES (64, 23, 119, '2023-01-01 00:00:00', NULL, 2620.00, 1);
INSERT INTO `rent` VALUES (65, 16, 120, '2023-01-01 00:00:00', NULL, 910.00, 1);
INSERT INTO `rent` VALUES (66, 25, 121, '2023-01-01 00:00:00', NULL, 1060.00, 1);
INSERT INTO `rent` VALUES (67, 26, 122, '2023-01-01 00:00:00', NULL, 915.00, 1);
INSERT INTO `rent` VALUES (68, 27, 123, '2023-01-01 00:00:00', NULL, 700.00, 1);
INSERT INTO `rent` VALUES (69, 28, 124, '2023-01-01 00:00:00', NULL, 1060.00, 1);
INSERT INTO `rent` VALUES (70, 29, 125, '2023-01-01 00:00:00', NULL, 1435.00, 1);
INSERT INTO `rent` VALUES (71, 30, 126, '2023-01-01 00:00:00', NULL, 1565.00, 1);
INSERT INTO `rent` VALUES (72, 31, 127, '2023-01-01 00:00:00', NULL, 2670.00, 1);
INSERT INTO `rent` VALUES (73, 32, 128, '2023-01-01 00:00:00', NULL, 2545.00, 1);
INSERT INTO `rent` VALUES (74, 24, 129, '2023-01-01 00:00:00', NULL, 1045.00, 1);
INSERT INTO `rent` VALUES (75, 34, 130, '2023-01-01 00:00:00', NULL, 910.00, 1);
INSERT INTO `rent` VALUES (76, 35, 131, '2023-01-01 00:00:00', NULL, 910.00, 1);
INSERT INTO `rent` VALUES (77, 36, 132, '2023-01-01 00:00:00', NULL, 495.00, 1);
INSERT INTO `rent` VALUES (78, 37, 133, '2023-01-01 00:00:00', NULL, 650.00, 1);
INSERT INTO `rent` VALUES (79, 38, 134, '2023-01-01 00:00:00', NULL, 1100.00, 1);
INSERT INTO `rent` VALUES (80, 39, 135, '2023-01-01 00:00:00', NULL, 1820.00, 1);
INSERT INTO `rent` VALUES (81, 40, 136, '2023-01-01 00:00:00', NULL, 1820.00, 1);
INSERT INTO `rent` VALUES (82, 41, 137, '2023-01-01 00:00:00', NULL, 2620.00, 1);
INSERT INTO `rent` VALUES (83, 42, 138, '2023-01-01 00:00:00', NULL, 2620.00, 1);
INSERT INTO `rent` VALUES (84, 33, 139, '2023-01-01 00:00:00', NULL, 910.00, 1);
INSERT INTO `rent` VALUES (85, 44, 140, '2023-01-01 00:00:00', NULL, 1060.00, 1);
INSERT INTO `rent` VALUES (86, 45, 141, '2023-01-01 00:00:00', NULL, 1060.00, 1);
INSERT INTO `rent` VALUES (87, 46, 142, '2023-01-01 00:00:00', NULL, 1060.00, 1);
INSERT INTO `rent` VALUES (88, 47, 143, '2023-01-01 00:00:00', NULL, 1060.00, 1);
INSERT INTO `rent` VALUES (89, 48, 144, '2023-01-01 00:00:00', NULL, 1580.00, 1);
INSERT INTO `rent` VALUES (90, 49, 145, '2023-01-01 00:00:00', NULL, 1580.00, 1);
INSERT INTO `rent` VALUES (91, 50, 146, '2023-01-01 00:00:00', NULL, 2670.00, 1);
INSERT INTO `rent` VALUES (92, 51, 147, '2023-01-01 00:00:00', NULL, 2670.00, 1);
INSERT INTO `rent` VALUES (93, 43, 148, '2023-01-01 00:00:00', NULL, 1060.00, 1);
INSERT INTO `rent` VALUES (94, 53, 149, '2023-01-01 00:00:00', NULL, 910.00, 1);
INSERT INTO `rent` VALUES (95, 54, 150, '2023-01-01 00:00:00', NULL, 910.00, 1);
INSERT INTO `rent` VALUES (96, 55, 151, '2023-01-01 00:00:00', NULL, 910.00, 1);
INSERT INTO `rent` VALUES (97, 56, 152, '2023-01-01 00:00:00', NULL, 1100.00, 1);
INSERT INTO `rent` VALUES (98, 57, 153, '2023-01-01 00:00:00', NULL, 1100.00, 1);
INSERT INTO `rent` VALUES (99, 58, 154, '2023-01-01 00:00:00', NULL, 1820.00, 1);
INSERT INTO `rent` VALUES (100, 59, 155, '2023-01-01 00:00:00', NULL, 1820.00, 1);
INSERT INTO `rent` VALUES (101, 60, 156, '2023-01-01 00:00:00', NULL, 2620.00, 1);
INSERT INTO `rent` VALUES (102, 61, 157, '2023-01-01 00:00:00', NULL, 2620.00, 1);
INSERT INTO `rent` VALUES (103, 52, 158, '2023-01-01 00:00:00', NULL, 910.00, 1);
INSERT INTO `rent` VALUES (104, 63, 159, '2023-01-01 00:00:00', NULL, 1060.00, 1);
INSERT INTO `rent` VALUES (105, 64, 160, '2023-01-01 00:00:00', NULL, 1060.00, 1);
INSERT INTO `rent` VALUES (106, 65, 161, '2023-01-01 00:00:00', NULL, 1060.00, 1);
INSERT INTO `rent` VALUES (107, 66, 162, '2023-01-01 00:00:00', NULL, 1060.00, 1);
INSERT INTO `rent` VALUES (108, 67, 163, '2023-01-01 00:00:00', NULL, 1580.00, 1);
INSERT INTO `rent` VALUES (109, 68, 164, '2023-01-01 00:00:00', NULL, 1580.00, 1);
INSERT INTO `rent` VALUES (110, 69, 165, '2023-01-01 00:00:00', NULL, 2670.00, 1);
INSERT INTO `rent` VALUES (111, 70, 166, '2023-01-01 00:00:00', NULL, 2670.00, 1);
INSERT INTO `rent` VALUES (112, 62, 167, '2023-01-01 00:00:00', NULL, 1060.00, 1);
INSERT INTO `rent` VALUES (113, 72, 168, '2023-01-01 00:00:00', NULL, 910.00, 1);
INSERT INTO `rent` VALUES (114, 73, 169, '2023-01-01 00:00:00', NULL, 910.00, 1);
INSERT INTO `rent` VALUES (115, 74, 170, '2023-01-01 00:00:00', NULL, 910.00, 1);
INSERT INTO `rent` VALUES (116, 75, 171, '2023-01-01 00:00:00', NULL, 1100.00, 1);
INSERT INTO `rent` VALUES (117, 76, 172, '2023-01-01 00:00:00', NULL, 1100.00, 1);
INSERT INTO `rent` VALUES (118, 77, 173, '2023-01-01 00:00:00', NULL, 1820.00, 1);
INSERT INTO `rent` VALUES (119, 78, 174, '2023-01-01 00:00:00', NULL, 1820.00, 1);
INSERT INTO `rent` VALUES (120, 79, 175, '2023-01-01 00:00:00', NULL, 2620.00, 1);
INSERT INTO `rent` VALUES (121, 80, 176, '2023-01-01 00:00:00', NULL, 2620.00, 1);
INSERT INTO `rent` VALUES (122, 71, 177, '2023-01-01 00:00:00', NULL, 910.00, 1);
INSERT INTO `rent` VALUES (123, 82, 178, '2023-01-01 00:00:00', NULL, 1060.00, 1);
INSERT INTO `rent` VALUES (124, 83, 179, '2023-01-01 00:00:00', NULL, 1060.00, 1);
INSERT INTO `rent` VALUES (125, 84, 180, '2023-01-01 00:00:00', NULL, 1060.00, 1);
INSERT INTO `rent` VALUES (126, 85, 181, '2023-01-01 00:00:00', NULL, 1060.00, 1);
INSERT INTO `rent` VALUES (127, 86, 182, '2023-01-01 00:00:00', NULL, 1580.00, 1);
INSERT INTO `rent` VALUES (128, 87, 183, '2023-01-01 00:00:00', NULL, 1580.00, 1);
INSERT INTO `rent` VALUES (129, 88, 184, '2023-01-01 00:00:00', NULL, 2670.00, 1);
INSERT INTO `rent` VALUES (130, 89, 185, '2023-01-01 00:00:00', NULL, 2670.00, 1);
INSERT INTO `rent` VALUES (131, 81, 186, '2023-01-01 00:00:00', NULL, 1060.00, 1);
INSERT INTO `rent` VALUES (132, 91, 187, '2023-01-01 00:00:00', NULL, 910.00, 1);
INSERT INTO `rent` VALUES (133, 92, 188, '2023-01-01 00:00:00', NULL, 910.00, 1);
INSERT INTO `rent` VALUES (134, 93, 189, '2023-01-01 00:00:00', NULL, 910.00, 1);
INSERT INTO `rent` VALUES (135, 94, 190, '2023-01-01 00:00:00', NULL, 1100.00, 1);
INSERT INTO `rent` VALUES (136, 95, 191, '2023-01-01 00:00:00', NULL, 1100.00, 1);
INSERT INTO `rent` VALUES (137, 96, 192, '2023-01-01 00:00:00', NULL, 1820.00, 1);
INSERT INTO `rent` VALUES (138, 97, 193, '2023-01-01 00:00:00', NULL, 1820.00, 1);
INSERT INTO `rent` VALUES (139, 98, 194, '2023-01-01 00:00:00', NULL, 2620.00, 1);
INSERT INTO `rent` VALUES (140, 99, 195, '2023-01-01 00:00:00', NULL, 2620.00, 1);
INSERT INTO `rent` VALUES (141, 90, 196, '2023-01-01 00:00:00', NULL, 910.00, 1);
INSERT INTO `rent` VALUES (142, 100, 197, '2023-01-01 00:00:00', NULL, 1060.00, 1);
INSERT INTO `rent` VALUES (143, 101, 198, '2023-01-01 00:00:00', NULL, 1060.00, 1);
INSERT INTO `rent` VALUES (144, 102, 199, '2023-01-01 00:00:00', NULL, 1060.00, 1);
INSERT INTO `rent` VALUES (145, 103, 200, '2023-01-01 00:00:00', NULL, 1060.00, 1);
INSERT INTO `rent` VALUES (146, 104, 201, '2023-01-01 00:00:00', NULL, 1060.00, 1);
INSERT INTO `rent` VALUES (147, 105, 202, '2023-01-01 00:00:00', NULL, 1580.00, 1);

-- ----------------------------
-- Table structure for repair
-- ----------------------------
DROP TABLE IF EXISTS `repair`;
CREATE TABLE `repair`  (
  `repair_id` int(0) NOT NULL AUTO_INCREMENT,
  `rent_id` int(0) NOT NULL,
  `user_id` int(0) DEFAULT NULL,
  `message` text CHARACTER SET utf8mb4 COLLATE utf8mb4_general_ci NOT NULL,
  `report` datetime(0) NOT NULL,
  `fix` datetime(0) DEFAULT NULL,
  `price` decimal(10, 2) DEFAULT NULL,
  `remark` text CHARACTER SET utf8mb4 COLLATE utf8mb4_general_ci,
  `state` int(0) NOT NULL,
  PRIMARY KEY (`repair_id`) USING BTREE,
  INDEX `FK_Reference_19`(`user_id`) USING BTREE,
  INDEX `FK_Reference_21`(`rent_id`) USING BTREE,
  CONSTRAINT `FK_Reference_19` FOREIGN KEY (`user_id`) REFERENCES `user` (`user_id`) ON DELETE RESTRICT ON UPDATE RESTRICT,
  CONSTRAINT `FK_Reference_21` FOREIGN KEY (`rent_id`) REFERENCES `rent` (`rent_id`) ON DELETE RESTRICT ON UPDATE RESTRICT
) ENGINE = InnoDB AUTO_INCREMENT = 3 CHARACTER SET = utf8mb4 COLLATE = utf8mb4_general_ci ROW_FORMAT = Dynamic;

-- ----------------------------
-- Table structure for report
-- ----------------------------
DROP TABLE IF EXISTS `report`;
CREATE TABLE `report`  (
  `report_id` int(0) NOT NULL AUTO_INCREMENT,
  `user_id` int(0) NOT NULL,
  `stem` text CHARACTER SET utf8mb4 COLLATE utf8mb4_general_ci NOT NULL,
  `content` text CHARACTER SET utf8mb4 COLLATE utf8mb4_general_ci NOT NULL,
  `time` datetime(0) NOT NULL,
  `views` int(10) UNSIGNED ZEROFILL NOT NULL,
  `state` int(0) NOT NULL,
  PRIMARY KEY (`report_id`) USING BTREE,
  INDEX `FK_Reference_24`(`user_id`) USING BTREE,
  CONSTRAINT `FK_Reference_24` FOREIGN KEY (`user_id`) REFERENCES `user` (`user_id`) ON DELETE RESTRICT ON UPDATE RESTRICT
) ENGINE = InnoDB AUTO_INCREMENT = 56 CHARACTER SET = utf8mb4 COLLATE = utf8mb4_general_ci ROW_FORMAT = Dynamic;

-- ----------------------------
-- Records of report
-- ----------------------------
INSERT INTO `report` VALUES (1, 1, '测试标题', '测试内容', '2023-03-13 21:23:17', 0000000100, 1);
INSERT INTO `report` VALUES (2, 1, '标题0', '文本内容0', '2023-03-13 21:24:38', 0000000001, 0);
INSERT INTO `report` VALUES (3, 1, '标题1', '文本内容1', '2023-03-13 21:24:52', 0000000000, 1);
INSERT INTO `report` VALUES (4, 1, '标题2', '文本内容2', '2023-03-13 21:24:38', 0000001234, 1);
INSERT INTO `report` VALUES (5, 1, '标题3', '文本内容3', '2023-03-13 21:24:38', 0000000000, 0);
INSERT INTO `report` VALUES (6, 1, '标题4', '文本内容4', '2023-03-13 21:24:38', 0000000000, 1);
INSERT INTO `report` VALUES (7, 1, '标题5', '文本内容5', '2023-03-13 21:24:38', 0000000200, 1);
INSERT INTO `report` VALUES (8, 1, '标题6', '文本内容6', '2023-03-14 10:08:56', 0000000000, 2);
INSERT INTO `report` VALUES (9, 1, '标题7', '<p>文本内容7</p>', '2023-03-14 10:09:14', 0000000001, 2);
INSERT INTO `report` VALUES (10, 1, '标题8', '文本内容8', '2023-03-13 21:24:38', 0000000852, 1);
INSERT INTO `report` VALUES (11, 1, '标题9', '文本内容9', '2023-03-13 21:24:38', 0000000000, 1);
INSERT INTO `report` VALUES (12, 1, '标题10', '文本内容10', '2023-03-14 10:12:24', 0000000000, 2);
INSERT INTO `report` VALUES (13, 1, '标题11', '文本内容11', '2023-03-13 21:24:38', 0000000465, 0);
INSERT INTO `report` VALUES (14, 1, '标题12', '<p>文本内容12</p>', '2023-03-14 22:51:10', 0000000000, 2);
INSERT INTO `report` VALUES (15, 1, '标题13', '<p>文本内容13</p>', '2023-03-14 22:51:29', 0000000001, 2);
INSERT INTO `report` VALUES (16, 1, '标题14', '文本内容14', '2023-03-13 21:24:38', 0000000963, 1);
INSERT INTO `report` VALUES (17, 1, '标题15', '文本内容15', '2023-03-13 21:24:38', 0000000000, 1);
INSERT INTO `report` VALUES (18, 1, '标题16', '文本内容16', '2023-03-13 21:24:38', 0000000000, 1);
INSERT INTO `report` VALUES (19, 1, '标题17', '文本内容17', '2023-03-13 21:24:38', 0000000000, 1);
INSERT INTO `report` VALUES (20, 1, '标题18', '文本内容18', '2023-03-13 21:24:38', 0000000456, 1);
INSERT INTO `report` VALUES (21, 1, '标题19', '文本内容19', '2023-03-13 21:24:38', 0000000000, 1);
INSERT INTO `report` VALUES (22, 1, '标题20', '文本内容20', '2023-03-13 21:24:38', 0000000000, 1);
INSERT INTO `report` VALUES (23, 1, '标题21', '文本内容21', '2023-03-13 21:24:38', 0000000000, 1);
INSERT INTO `report` VALUES (24, 1, '标题22', '文本内容22', '2023-03-14 10:19:46', 0000000000, 0);
INSERT INTO `report` VALUES (25, 1, '标题23', '文本内容23', '2023-03-13 21:24:38', 0000000000, 1);
INSERT INTO `report` VALUES (26, 1, '标题24', '<p>文本内容24</p>', '2023-03-14 10:20:38', 0000000000, 0);
INSERT INTO `report` VALUES (27, 1, '标题25', '文本内容25', '2023-03-13 21:24:38', 0000000999, 1);
INSERT INTO `report` VALUES (28, 1, '标题26', '文本内容26', '2023-03-13 21:24:38', 0000000000, 1);
INSERT INTO `report` VALUES (29, 1, '标题27', '文本内容27', '2023-03-13 21:24:38', 0000000000, 1);
INSERT INTO `report` VALUES (30, 1, '标题28', '文本内容28', '2023-03-13 21:24:38', 0000000000, 1);
INSERT INTO `report` VALUES (31, 1, '标题29', '文本内容29', '2023-03-13 21:24:38', 0000000000, 1);
INSERT INTO `report` VALUES (32, 1, '富豪的个人修养', '<h1>我是一个富豪</h1><ol><li>我超级超级有钱</li><li>我要买很多东西吃</li></ol><p><span style=\"color: rgb(230, 0, 0);\">你不必知道我是谁</span></p>', '2023-03-14 06:39:31', 0000000000, 1);
INSERT INTO `report` VALUES (33, 1, '还记得我吗？', '<h1>不好意思这次我一定要赢</h1>', '2023-03-14 06:42:09', 0000000000, 1);
INSERT INTO `report` VALUES (34, 1, '还记得它吗', '<h1>不好意思这次我一定要输</h1>', '2023-03-14 06:43:26', 0000000000, 2);
INSERT INTO `report` VALUES (35, 1, '西门吹雪', '<h1>东方求败ddd</h1><ol><li>来战</li><li>无敌的我又回来了</li></ol>', '2023-03-14 23:46:19', 0000000000, 2);
INSERT INTO `report` VALUES (36, 1, '哈哈哈', '<h1>大西瓜</h1><h2>大水牛</h2>', '2023-03-14 06:50:43', 0000000000, 0);
INSERT INTO `report` VALUES (37, 1, '你好啊', '<h1>123465</h1><pre class=\"ql-syntax\" spellcheck=\"false\">我是一个兵\n</pre>', '2023-03-14 06:53:17', 0000000001, 1);
INSERT INTO `report` VALUES (38, 1, '你很好啊', '<h1>123465</h1><p>我是一个兵</p><p>王俊凯是傻逼</p>', '2023-03-14 10:15:30', 0000000000, 0);
INSERT INTO `report` VALUES (39, 1, '东方失败', '<p>求战</p>', '2023-03-14 06:57:11', 0000000001, 1);
INSERT INTO `report` VALUES (40, 1, 'hhh', '<p><strong>ahsjsj</strong></p><h2><strong>kssk</strong></h2><p><em>sss<span class=\"ql-cursor\">﻿</span></em></p>', '2023-03-14 07:10:29', 0000000001, 1);
INSERT INTO `report` VALUES (41, 1, '一只小鸟', '<p>飞飞飞</p>', '2023-03-14 07:53:21', 0000000000, 2);
INSERT INTO `report` VALUES (42, 1, '4678979', '<p>你好啊啊啊啊啊</p>', '2023-03-14 08:10:24', 0000000000, 1);
INSERT INTO `report` VALUES (43, 1, '测试标题', '<h1><strong class=\"ql-size-huge\">测试内容</strong></h1>', '2023-03-14 09:28:45', 0000000001, 1);
INSERT INTO `report` VALUES (44, 1, '测试标题', '<h1><strong class=\"ql-size-huge\">测试内容</strong></h1>', '2023-03-14 09:31:38', 0000000000, 2);
INSERT INTO `report` VALUES (45, 1, '标题10', '<p>文本内容10</p>', '2023-03-14 09:31:55', 0000000000, 2);
INSERT INTO `report` VALUES (46, 1, '78979', '<p>文本内容87879</p>', '2023-03-14 09:49:40', 0000000001, 1);
INSERT INTO `report` VALUES (47, 1, 'LadyGAGA', '<p>66666</p>', '2023-03-14 09:58:21', 0000000005, 1);
INSERT INTO `report` VALUES (48, 1, '测试用', '<h1>测试</h1><p>测试123</p>', '2023-03-14 22:57:08', 0000000000, 2);
INSERT INTO `report` VALUES (49, 1, '123132', '<p>123123</p>', '2023-03-14 22:59:26', 0000000000, 0);
INSERT INTO `report` VALUES (50, 1, '测试用123', '<p>12</p>', '2023-03-14 23:02:26', 0000000000, 2);
INSERT INTO `report` VALUES (51, 1, '测试保存1', '<p>测试1</p>', '2023-03-14 23:06:44', 0000000000, 0);
INSERT INTO `report` VALUES (52, 1, '测试添加2', '<p>测试添加2</p>', '2023-03-14 23:07:53', 0000000000, 2);
INSERT INTO `report` VALUES (53, 1, '测试删除', '<p>测试12134</p>', '2023-03-15 00:14:41', 0000000000, 0);
INSERT INTO `report` VALUES (54, 1, '测试保存10086', '<p>10086</p>', '2023-03-15 08:31:13', 0000000001, 2);
INSERT INTO `report` VALUES (55, 1, '测试时间', '<p>时间</p>', '2023-03-14 23:52:18', 0000000015, 1);

-- ----------------------------
-- Table structure for role
-- ----------------------------
DROP TABLE IF EXISTS `role`;
CREATE TABLE `role`  (
  `role_id` int(0) NOT NULL AUTO_INCREMENT,
  `role_name` varchar(20) CHARACTER SET utf8mb4 COLLATE utf8mb4_general_ci NOT NULL,
  `remark` text CHARACTER SET utf8mb4 COLLATE utf8mb4_general_ci,
  `state` int(0) NOT NULL,
  PRIMARY KEY (`role_id`) USING BTREE
) ENGINE = InnoDB AUTO_INCREMENT = 10 CHARACTER SET = utf8mb4 COLLATE = utf8mb4_general_ci ROW_FORMAT = Dynamic;

-- ----------------------------
-- Records of role
-- ----------------------------
INSERT INTO `role` VALUES (1, '住户', NULL, 1);
INSERT INTO `role` VALUES (2, '管理员', '1、在公司经营战略指导下,制定发展计划及指标,推动并确保指标的顺利完成;2、负责部门的日常管理,建立规范、高效的管理体系及工作流程,建设和发展优秀的队伍; 3、根据公司方针和部门需要,合理设置部门组织结构和岗位,优化工作流程,开发和培养员工能力;4、对员工绩效进行管理,提升部门工作效率,提高员工满意度。', 1);
INSERT INTO `role` VALUES (10, '总经理', '1、负责前台全面工作,创造良好的工作氛围; 2.及时了解员工的思想,检查督导本部门员工的仪表仪容、组织记录、礼貌用语及工作效率; 3.掌握预订情况和当天客情,根据当天到达及离店房客名单,最大限度的销售即时客房;4.督导迎送服务,贯彻执行服务程序,督导问讯服务的进行,满足客人合理的要求。', 1);
INSERT INTO `role` VALUES (11, '财务员', '1、协助上级制定公司的财务规章制度；2、审核单据，包括报销单据、销售单据以及原始凭据，做好财务核算；3、对资金流动进行认真核对，并定期对公司的坏账进行清理。', 1);
INSERT INTO `role` VALUES (12, '人事专员', '1、主要办理人事招聘、人才引进、职称评定、内部调动、解聘、退休、接纳和劳动年检、转移保险、公积金缴纳的相关手续。', 1);
INSERT INTO `role` VALUES (13, '前台', '1、负责出租屋前台接待工作;2、负责公司电话转接、收发传真、文档复印、预定机票酒店等工作; 3、负责员工考勤和外出、请假等各类表单。', 1);
INSERT INTO `role` VALUES (14, '维修员', '1、负责出租屋日常的房屋维修、零星小修工作,为业主提供维修服务。2、遵守公司维修制度规定,高效、优质、安全地完成维修工作。', 1);

-- ----------------------------
-- Table structure for salary
-- ----------------------------
DROP TABLE IF EXISTS `salary`;
CREATE TABLE `salary`  (
  `salary_id` int(0) NOT NULL AUTO_INCREMENT,
  `salary_name` varchar(10) CHARACTER SET utf8mb4 COLLATE utf8mb4_general_ci NOT NULL,
  `price` decimal(10, 2) NOT NULL,
  `remark` text CHARACTER SET utf8mb4 COLLATE utf8mb4_general_ci NOT NULL,
  `state` int(0) NOT NULL,
  `time` datetime(0) NOT NULL,
  `operation` int(0) NOT NULL,
  `old_price` decimal(10, 2) NOT NULL,
  PRIMARY KEY (`salary_id`) USING BTREE
) ENGINE = InnoDB AUTO_INCREMENT = 9 CHARACTER SET = utf8mb4 COLLATE = utf8mb4_general_ci ROW_FORMAT = Dynamic;

-- ----------------------------
-- Records of salary
-- ----------------------------
INSERT INTO `salary` VALUES (9, '正式职工薪水1', 6500.00, '正式职工薪水每月基础薪水￥6500.00元', 1, '2023-05-31 11:37:43', 0, 6500.00);
INSERT INTO `salary` VALUES (10, '正式职工薪水2', 6000.00, '正式职工薪水每月基础薪水￥6000.00元', 1, '2023-05-31 11:38:30', 0, 6000.00);
INSERT INTO `salary` VALUES (11, '正式职工薪水3', 5500.00, '正式职工薪水每月基础薪水￥5500.00元', 1, '2023-05-31 11:38:50', 0, 5500.00);
INSERT INTO `salary` VALUES (12, '正式职工薪水4', 5000.00, '正式职工薪水每月基础薪水￥5000.00元', 1, '2023-05-31 11:39:10', 0, 5000.00);
INSERT INTO `salary` VALUES (13, '正式职工薪水5', 4000.00, '正式职工薪水每月基础薪水￥4000.00元', 1, '2023-05-31 11:39:31', 0, 4000.00);
INSERT INTO `salary` VALUES (14, '正式职工薪水6', 3500.00, '正式职工薪水每月基础薪水￥3500.00元', 1, '2023-05-31 11:39:55', 0, 3500.00);
INSERT INTO `salary` VALUES (15, '正式职工薪水7', 3000.00, '正式职工薪水每月基础薪水￥3000.00元', 1, '2023-05-31 11:40:14', 0, 3000.00);
INSERT INTO `salary` VALUES (16, '正式职工薪水8', 2800.00, '正式职工薪水每月基础薪水￥2800.00元', 1, '2023-05-31 11:40:39', 0, 2800.00);
INSERT INTO `salary` VALUES (17, '试用期薪水1', 3500.00, '试用期薪水每月基础薪水￥3500.00元', 2, '2023-05-31 11:42:03', 0, 3500.00);
INSERT INTO `salary` VALUES (18, '试用期薪水2', 3000.00, '试用期薪水每月基础薪水￥3000.00元', 2, '2023-05-31 11:42:32', 0, 3000.00);
INSERT INTO `salary` VALUES (19, '试用期薪水3', 2800.00, '试用期薪水每月基础薪水￥2800.00元', 2, '2023-05-31 11:43:15', 0, 2800.00);
INSERT INTO `salary` VALUES (20, '试用期薪水4', 2500.00, '试用期薪水每月基础薪水￥2500.00元', 2, '2023-05-31 11:43:37', 0, 2500.00);
INSERT INTO `salary` VALUES (21, '试用期薪水5', 2000.00, '试用期薪水每月基础薪水￥2000.00元', 2, '2023-05-31 11:43:56', 0, 2000.00);
INSERT INTO `salary` VALUES (22, '车费补贴', 300.00, '每月车费补贴￥300.00元', 3, '2023-05-31 11:44:47', 0, 300.00);
INSERT INTO `salary` VALUES (23, '高温补贴', 350.00, '每月高温补贴￥350.00元', 3, '2023-05-31 11:47:35', 0, 350.00);
INSERT INTO `salary` VALUES (24, '饭餐补贴', 200.00, '每月饭餐补贴￥200.00元', 3, '2023-05-31 11:48:05', 0, 200.00);

-- ----------------------------
-- Table structure for salary_role
-- ----------------------------
DROP TABLE IF EXISTS `salary_role`;
CREATE TABLE `salary_role`  (
  `salary_id` int(0) NOT NULL,
  `role_id` int(0) NOT NULL,
  `time` datetime(0) NOT NULL,
  `state` int(0) NOT NULL,
  PRIMARY KEY (`salary_id`, `role_id`) USING BTREE,
  INDEX `FK_Reference_51`(`role_id`) USING BTREE,
  CONSTRAINT `FK_Reference_50` FOREIGN KEY (`salary_id`) REFERENCES `salary` (`salary_id`) ON DELETE RESTRICT ON UPDATE RESTRICT,
  CONSTRAINT `FK_Reference_51` FOREIGN KEY (`role_id`) REFERENCES `role` (`role_id`) ON DELETE RESTRICT ON UPDATE RESTRICT
) ENGINE = InnoDB CHARACTER SET = utf8mb4 COLLATE = utf8mb4_general_ci ROW_FORMAT = Dynamic;

-- ----------------------------
-- Records of salary_role
-- ----------------------------
INSERT INTO `salary_role` VALUES (9, 10, '2023-05-31 11:49:55', 1);
INSERT INTO `salary_role` VALUES (11, 11, '2023-05-31 11:51:56', 1);
INSERT INTO `salary_role` VALUES (13, 12, '2023-05-31 11:53:17', 1);
INSERT INTO `salary_role` VALUES (14, 13, '2023-05-31 11:54:14', 1);
INSERT INTO `salary_role` VALUES (15, 14, '2023-05-31 11:56:54', 1);
INSERT INTO `salary_role` VALUES (17, 10, '2023-05-31 11:49:55', 1);
INSERT INTO `salary_role` VALUES (18, 11, '2023-05-31 11:51:56', 1);
INSERT INTO `salary_role` VALUES (19, 12, '2023-05-31 11:53:17', 1);
INSERT INTO `salary_role` VALUES (20, 13, '2023-05-31 11:54:14', 1);
INSERT INTO `salary_role` VALUES (21, 14, '2023-05-31 11:56:54', 1);
INSERT INTO `salary_role` VALUES (22, 10, '2023-05-31 11:49:55', 1);
INSERT INTO `salary_role` VALUES (22, 11, '2023-05-31 11:51:56', 1);
INSERT INTO `salary_role` VALUES (22, 12, '2023-05-31 11:53:17', 1);
INSERT INTO `salary_role` VALUES (22, 13, '2023-05-31 11:54:14', 1);
INSERT INTO `salary_role` VALUES (22, 14, '2023-05-31 11:56:54', 1);
INSERT INTO `salary_role` VALUES (23, 10, '2023-05-31 11:49:55', 1);
INSERT INTO `salary_role` VALUES (23, 14, '2023-05-31 11:56:54', 1);
INSERT INTO `salary_role` VALUES (24, 10, '2023-05-31 11:49:55', 1);
INSERT INTO `salary_role` VALUES (24, 11, '2023-05-31 11:51:56', 1);
INSERT INTO `salary_role` VALUES (24, 12, '2023-05-31 11:53:17', 1);
INSERT INTO `salary_role` VALUES (24, 13, '2023-05-31 11:54:14', 1);
INSERT INTO `salary_role` VALUES (24, 14, '2023-05-31 11:56:54', 1);

-- ----------------------------
-- Table structure for sequence
-- ----------------------------
DROP TABLE IF EXISTS `sequence`;
CREATE TABLE `sequence`  (
  `sid` int(0) NOT NULL AUTO_INCREMENT,
  `sname` varchar(20) CHARACTER SET utf8mb4 COLLATE utf8mb4_general_ci NOT NULL,
  `sval` int(0) NOT NULL,
  `sdate` date DEFAULT NULL,
  PRIMARY KEY (`sid`) USING BTREE
) ENGINE = InnoDB AUTO_INCREMENT = 29 CHARACTER SET = utf8mb4 COLLATE = utf8mb4_general_ci ROW_FORMAT = Dynamic;

-- ----------------------------
-- Records of sequence
-- ----------------------------
INSERT INTO `sequence` VALUES (6, '1', 1, '2023-02-07');
INSERT INTO `sequence` VALUES (7, '4', 1, '2023-02-10');
INSERT INTO `sequence` VALUES (8, '1', 5, '2023-03-13');
INSERT INTO `sequence` VALUES (9, '1', 13, '2023-04-02');
INSERT INTO `sequence` VALUES (10, '1', 4, '2023-04-03');
INSERT INTO `sequence` VALUES (11, '1', 5, '2023-04-04');
INSERT INTO `sequence` VALUES (12, '1', 3, '2023-04-05');
INSERT INTO `sequence` VALUES (13, '1', 6, '2023-04-06');
INSERT INTO `sequence` VALUES (14, '1', 6, '2023-04-07');
INSERT INTO `sequence` VALUES (15, '1', 33, '2023-04-09');
INSERT INTO `sequence` VALUES (16, '1', 32, '2023-04-10');
INSERT INTO `sequence` VALUES (17, '1', 2, '2023-04-11');
INSERT INTO `sequence` VALUES (18, '1', 1, '2023-04-12');
INSERT INTO `sequence` VALUES (19, '1', 1, '2023-04-13');
INSERT INTO `sequence` VALUES (20, '1', 1, '2023-04-17');
INSERT INTO `sequence` VALUES (21, '1', 1, '2023-04-27');
INSERT INTO `sequence` VALUES (22, '1', 1, '2023-05-20');
INSERT INTO `sequence` VALUES (23, '3', 1, '2023-05-21');
INSERT INTO `sequence` VALUES (24, '3', 4, '2023-05-22');
INSERT INTO `sequence` VALUES (25, '5', 2, '2023-05-22');
INSERT INTO `sequence` VALUES (26, '6', 1, '2023-05-22');
INSERT INTO `sequence` VALUES (27, '4', 1, '2023-05-22');
INSERT INTO `sequence` VALUES (28, '1', 1, '2023-05-30');
INSERT INTO `sequence` VALUES (29, '10', 3, '2023-05-31');
INSERT INTO `sequence` VALUES (30, '11', 2, '2023-05-31');
INSERT INTO `sequence` VALUES (31, '12', 1, '2023-05-31');
INSERT INTO `sequence` VALUES (32, '13', 1, '2023-05-31');
INSERT INTO `sequence` VALUES (33, '14', 1, '2023-05-31');
INSERT INTO `sequence` VALUES (34, '1', 100, '2023-05-31');

-- ----------------------------
-- Table structure for staff_pay
-- ----------------------------
DROP TABLE IF EXISTS `staff_pay`;
CREATE TABLE `staff_pay`  (
  `id` int(0) NOT NULL AUTO_INCREMENT,
  `user_id` int(0) NOT NULL,
  `out_trade_no` varchar(30) CHARACTER SET utf8mb4 COLLATE utf8mb4_general_ci NOT NULL,
  `time` datetime(0) NOT NULL,
  `base_price` decimal(10, 2) NOT NULL,
  `else_price` decimal(10, 2) NOT NULL,
  `price` decimal(10, 2) NOT NULL,
  `remark` varchar(255) CHARACTER SET utf8mb4 COLLATE utf8mb4_general_ci DEFAULT NULL,
  `state` int(0) NOT NULL,
  PRIMARY KEY (`id`) USING BTREE,
  INDEX `FK_Reference_80`(`user_id`) USING BTREE,
  CONSTRAINT `FK_Reference_80` FOREIGN KEY (`user_id`) REFERENCES `user` (`user_id`) ON DELETE RESTRICT ON UPDATE RESTRICT
) ENGINE = InnoDB AUTO_INCREMENT = 15 CHARACTER SET = utf8mb4 COLLATE = utf8mb4_general_ci ROW_FORMAT = Dynamic;

-- ----------------------------
-- Records of staff_pay
-- ----------------------------
INSERT INTO `staff_pay` VALUES (15, 106, '20230531170657560', '2023-01-31 00:00:00', 3500.00, 850.00, 4350.00, '22_300_23_350_24_200', 0);
INSERT INTO `staff_pay` VALUES (16, 107, '20230531170657579', '2023-01-31 00:00:00', 3000.00, 500.00, 3500.00, '22_300_24_200', 0);
INSERT INTO `staff_pay` VALUES (17, 108, '20230531170657595', '2023-01-31 00:00:00', 2800.00, 500.00, 3300.00, '22_300_24_200', 0);
INSERT INTO `staff_pay` VALUES (18, 109, '20230531170657614', '2023-01-31 00:00:00', 2500.00, 500.00, 3000.00, '22_300_24_200', 0);
INSERT INTO `staff_pay` VALUES (19, 110, '20230531170657626', '2023-01-31 00:00:00', 2000.00, 850.00, 2850.00, '22_300_23_350_24_200', 0);
INSERT INTO `staff_pay` VALUES (20, 106, '20230531170657561', '2023-02-28 19:13:11', 3500.00, 850.00, 4350.00, '22_300_23_350_24_200', 0);
INSERT INTO `staff_pay` VALUES (21, 107, '20230531170657580', '2023-02-28 19:13:11', 3000.00, 500.00, 3500.00, '22_300_24_200', 0);
INSERT INTO `staff_pay` VALUES (22, 108, '20230531170657597', '2023-02-28 19:13:11', 2800.00, 500.00, 3300.00, '22_300_24_200', 0);
INSERT INTO `staff_pay` VALUES (23, 109, '20230531170657615', '2023-02-28 19:13:11', 2500.00, 500.00, 3000.00, '22_300_24_200', 0);
INSERT INTO `staff_pay` VALUES (24, 110, '20230531170657629', '2023-02-28 19:13:11', 2000.00, 850.00, 2850.00, '22_300_23_350_24_200', 0);
INSERT INTO `staff_pay` VALUES (25, 106, '20230531170657563', '2023-03-31 00:00:00', 3500.00, 850.00, 4350.00, '22_300_23_350_24_200', 0);
INSERT INTO `staff_pay` VALUES (26, 107, '20230531170657575', '2023-03-31 00:00:00', 3000.00, 500.00, 3500.00, '22_300_24_200', 0);
INSERT INTO `staff_pay` VALUES (27, 108, '20230531170657598', '2023-03-31 00:00:00', 2800.00, 500.00, 3300.00, '22_300_24_200', 0);
INSERT INTO `staff_pay` VALUES (28, 109, '20230531170657618', '2023-03-31 00:00:00', 2500.00, 500.00, 3000.00, '22_300_24_200', 0);
INSERT INTO `staff_pay` VALUES (29, 110, '20230531170657626', '2023-03-31 00:00:00', 2000.00, 850.00, 2850.00, '22_300_23_350_24_200', 0);
INSERT INTO `staff_pay` VALUES (30, 106, '20230531170657563', '2023-04-30 00:00:00', 3500.00, 850.00, 4350.00, '22_300_23_350_24_200', 0);
INSERT INTO `staff_pay` VALUES (31, 107, '20230531170657575', '2023-04-30 00:00:00', 3000.00, 500.00, 3500.00, '22_300_24_200', 0);
INSERT INTO `staff_pay` VALUES (32, 108, '20230531170657598', '2023-04-30 00:00:00', 2800.00, 500.00, 3300.00, '22_300_24_200', 0);
INSERT INTO `staff_pay` VALUES (33, 109, '20230531170657618', '2023-04-30 00:00:00', 2500.00, 500.00, 3000.00, '22_300_24_200', 0);
INSERT INTO `staff_pay` VALUES (34, 110, '20230531170657626', '2023-04-30 00:00:00', 2000.00, 850.00, 2850.00, '22_300_23_350_24_200', 0);
INSERT INTO `staff_pay` VALUES (35, 106, '20230531170657563', '2023-05-31 00:00:00', 3500.00, 850.00, 4350.00, '22_300_23_350_24_200', 0);
INSERT INTO `staff_pay` VALUES (36, 107, '20230531170657575', '2023-05-31 00:00:00', 3000.00, 500.00, 3500.00, '22_300_24_200', 0);
INSERT INTO `staff_pay` VALUES (37, 108, '20230531170657598', '2023-05-31 00:00:00', 2800.00, 500.00, 3300.00, '22_300_24_200', 0);
INSERT INTO `staff_pay` VALUES (38, 109, '20230531170657618', '2023-05-31 00:00:00', 2500.00, 500.00, 3000.00, '22_300_24_200', 0);
INSERT INTO `staff_pay` VALUES (39, 110, '20230531170657626', '2023-05-31 00:00:00', 2000.00, 850.00, 2850.00, '22_300_23_350_24_200', 0);

-- ----------------------------
-- Table structure for style
-- ----------------------------
DROP TABLE IF EXISTS `style`;
CREATE TABLE `style`  (
  `style_id` int(0) NOT NULL AUTO_INCREMENT,
  `style_name` varchar(10) CHARACTER SET utf8mb4 COLLATE utf8mb4_general_ci NOT NULL,
  `area` decimal(10, 2) NOT NULL,
  `num` int(0) NOT NULL,
  `price` decimal(10, 2) NOT NULL,
  `state` int(0) NOT NULL,
  `balcony` char(2) CHARACTER SET utf8mb4 COLLATE utf8mb4_general_ci NOT NULL,
  `floor` char(2) CHARACTER SET utf8mb4 COLLATE utf8mb4_general_ci NOT NULL,
  `available` int(0) NOT NULL,
  PRIMARY KEY (`style_id`) USING BTREE
) ENGINE = InnoDB AUTO_INCREMENT = 12 CHARACTER SET = utf8mb4 COLLATE = utf8mb4_general_ci ROW_FORMAT = Dynamic;

-- ----------------------------
-- Records of style
-- ----------------------------
INSERT INTO `style` VALUES (12, '一房一卫', 15.00, 12, 30.00, 1, '无', '低', 0);
INSERT INTO `style` VALUES (13, '一厅一房一卫', 20.00, 6, 32.00, 1, '无', '低', 0);
INSERT INTO `style` VALUES (14, '一厅二房一卫', 40.00, 6, 34.00, 1, '无', '低', 0);
INSERT INTO `style` VALUES (15, '一厅三房二卫', 60.00, 6, 36.00, 1, '无', '低', 0);
INSERT INTO `style` VALUES (16, '一房一卫', 15.00, 8, 30.00, 1, '无', '高', 0);
INSERT INTO `style` VALUES (17, '一厅一房一卫', 20.00, 4, 32.00, 1, '无', '高', 0);
INSERT INTO `style` VALUES (18, '一厅二房一卫', 40.00, 4, 34.00, 1, '无', '高', 0);
INSERT INTO `style` VALUES (19, '一厅三房二卫', 60.00, 4, 36.00, 1, '无', '高', 0);
INSERT INTO `style` VALUES (20, '一房一卫带阳台', 20.00, 10, 30.00, 1, '有', '低', 0);
INSERT INTO `style` VALUES (21, '一厅一房一卫带阳台', 35.00, 4, 32.00, 1, '有', '低', 0);
INSERT INTO `style` VALUES (22, '一厅二房一卫带阳台', 65.00, 4, 34.00, 1, '有', '低', 0);
INSERT INTO `style` VALUES (23, '一房一卫带阳台', 20.00, 15, 30.00, 1, '有', '高', 0);
INSERT INTO `style` VALUES (24, '一厅一房一卫带阳台', 35.00, 6, 32.00, 1, '有', '高', 0);
INSERT INTO `style` VALUES (25, '一厅二房一卫带阳台', 65.00, 6, 34.00, 1, '有', '高', 0);
INSERT INTO `style` VALUES (26, '一厅三房二卫', 75.00, 4, 36.00, 1, '无', '高', 0);
INSERT INTO `style` VALUES (27, '一厅三房二卫带阳台', 75.00, 4, 36.00, 1, '有', '高', 1);

-- ----------------------------
-- Table structure for user
-- ----------------------------
DROP TABLE IF EXISTS `user`;
CREATE TABLE `user`  (
  `user_id` int(0) NOT NULL AUTO_INCREMENT,
  `role_id` int(0) NOT NULL,
  `username` varchar(20) CHARACTER SET utf8mb4 COLLATE utf8mb4_general_ci NOT NULL,
  `password` varchar(60) CHARACTER SET utf8mb4 COLLATE utf8mb4_general_ci NOT NULL,
  `name` varchar(6) CHARACTER SET utf8mb4 COLLATE utf8mb4_general_ci DEFAULT NULL,
  `phone` char(11) CHARACTER SET utf8mb4 COLLATE utf8mb4_general_ci DEFAULT NULL,
  `sex` varchar(2) CHARACTER SET utf8mb4 COLLATE utf8mb4_general_ci DEFAULT NULL,
  `nation` varchar(10) CHARACTER SET utf8mb4 COLLATE utf8mb4_general_ci DEFAULT NULL,
  `birthday` date DEFAULT NULL,
  `address` varchar(100) CHARACTER SET utf8mb4 COLLATE utf8mb4_general_ci DEFAULT NULL,
  `idcard` varchar(18) CHARACTER SET utf8mb4 COLLATE utf8mb4_general_ci DEFAULT NULL,
  `sign` date DEFAULT NULL,
  `lose` date DEFAULT NULL,
  `authority` varchar(30) CHARACTER SET utf8mb4 COLLATE utf8mb4_general_ci DEFAULT NULL,
  `state` int(0) DEFAULT NULL,
  `addtime` datetime(0) NOT NULL,
  `deltime` datetime(0) DEFAULT NULL,
  `remark` datetime(0) DEFAULT NULL,
  `avatar` varchar(255) CHARACTER SET utf8mb4 COLLATE utf8mb4_general_ci DEFAULT NULL,
  PRIMARY KEY (`user_id`) USING BTREE,
  INDEX `FK_Reference_25`(`role_id`) USING BTREE,
  CONSTRAINT `FK_Reference_25` FOREIGN KEY (`role_id`) REFERENCES `role` (`role_id`) ON DELETE RESTRICT ON UPDATE RESTRICT
) ENGINE = InnoDB AUTO_INCREMENT = 106 CHARACTER SET = utf8mb4 COLLATE = utf8mb4_general_ci ROW_FORMAT = Dynamic;

-- ----------------------------
-- Records of user
-- ----------------------------
INSERT INTO `user` VALUES (1, 2, '000000000000', '$2a$10$dxibOXwJfMnUNd7fZNoOB.sDFYAUJKXeqenvTogMXRr5FUYl.8wXe', '超管', '00000000000', '男', '汉', '2000-01-01', '广东省湛江市麻章区广东海洋大学', '440680000000000000', '2000-01-01', '2023-05-31', '佛山市公安局南海分局', 1, '2022-12-01 00:00:00', NULL, '2023-05-31 11:30:04', '0000000000008f131fde-e5ca-4cfd-a755-ab6c12a3f333.jpeg');
INSERT INTO `user` VALUES (106, 10, '202305311001', '$2a$10$95wmD5gk18gyOTc0PwfwouEqkyjx5yztiukV6apaGAZeABj3Y2wSW', '猪猪波', '13912345678', '男', '汉', '2000-01-01', '广东省湛江市麻章区广东海洋大学', '440680000000000000', '2000-01-01', '2023-05-31', '佛山市公安局南海分局', 1, '2022-12-01 00:00:00', NULL, '2023-05-31 17:57:11', '202305311001ea0d0528-0de9-4035-ab54-80f1f9547e75.jpeg');
INSERT INTO `user` VALUES (107, 11, '202305311101', '$2a$10$rJdBR5ODQwfCQZSAbVGSaujq6FsJTCE3lsOA0NU1ANIivSdZRcp4u', '菲菲波', '13912365478', '男', '汉', '2000-01-01', '广东省湛江市麻章区广东海洋大学', '440680000000000000', '2000-01-01', '2023-05-31', '佛山市公安局南海分局', 1, '2022-12-01 00:00:00', NULL, '2022-12-01 00:00:00', 'avatar_default.jpeg');
INSERT INTO `user` VALUES (108, 12, '202305311201', '$2a$10$Ppoa7DuH8nP9YZW1RL7/qeHFojaFJV3o8Y.FOdRBGHBe8AStvW.86', '呆呆波', '13654789654', '男', '汉', '2000-01-01', '广东省湛江市麻章区广东海洋大学', '440680000000000000', '2000-01-01', '2023-05-31', '佛山市公安局南海分局', 1, '2022-12-01 00:00:00', NULL, '2022-12-01 00:00:00', 'avatar_default.jpeg');
INSERT INTO `user` VALUES (109, 13, '202305311301', '$2a$10$hzXp33g5zQjSpCT6AZHX0.fKGzkvwnq4Cwtja980u1kxZmg/l.qkq', '超人波', '13654789654', '男', '汉', '2000-01-01', '广东省湛江市麻章区广东海洋大学', '440680000000000000', '2000-01-01', '2023-05-31', '佛山市公安局南海分局', 1, '2022-12-01 00:00:00', NULL, '2022-12-01 00:00:00', 'avatar_default.jpeg');
INSERT INTO `user` VALUES (110, 14, '202305311401', '$2a$10$VOFOG/DlLOolRJA4iBhjH.BzFP3Gr6/6.0ybGLV4surOjJKSrRRpG', '迷糊波', '13245699872', '男', '汉', '2000-01-01', '广东省湛江市麻章区广东海洋大学', '440680000000000000', '2000-01-01', '2023-05-31', '佛山市公安局南海分局', 1, '2022-12-01 00:00:00', NULL, '2022-12-01 00:00:00', 'avatar_default.jpeg');
INSERT INTO `user` VALUES (111, 1, '202305310001', '$2a$10$6K4X79QzgzG5RQKBi9SCNeOn091xp1rs4ntF7xc8LM7jCIxHrAMqG', '芝麻糊', '13912365478', '男', '汉', '2000-01-01', '广东省湛江市麻章区广东海洋大学', '440680000000000000', '2000-01-01', '2023-05-31', '佛山市公安局南海分局', 1, '2023-01-01 00:00:00', NULL, '2023-01-01 00:00:00', 'avatar_default.jpeg');
INSERT INTO `user` VALUES (112, 1, '202305310002', '$2a$10$WRC1rvxWX0ynOPB6C4HdruEmNEGz37puHi6lfiH4G3NyGQF30EbTC', '花生糊', '13923654789', '男', '汉', '2000-01-01', '广东省湛江市麻章区广东海洋大学', '440680000000000000', '2000-01-01', '2023-05-31', '佛山市公安局南海分局', 1, '2023-01-01 00:00:00', NULL, '2023-01-01 00:00:00', 'avatar_default.jpeg');
INSERT INTO `user` VALUES (113, 1, '202305310003', '$2a$10$qtlT8SO6M8UoRXDMbsGcWedNKUQrjrsTb7Z4jhYssYi1nAw1Ci.5C', '绿豆沙', '13624589654', '男', '汉', '2000-01-01', '广东省湛江市麻章区广东海洋大学', '440680000000000000', '2000-01-01', '2023-05-31', '佛山市公安局南海分局', 1, '2023-01-01 00:00:00', NULL, '2023-01-01 00:00:00', 'avatar_default.jpeg');
INSERT INTO `user` VALUES (114, 1, '202305310004', '$2a$10$qtlT8SO6M8UoRXDMbsGcWedNKUQrjrsTb7Z4jhYssYi1nAw1Ci.5C', '小杰', '13923654789', '男', '汉', '2000-01-01', '广东省湛江市麻章区广东海洋大学', '440680000000000000', '2000-01-01', '2023-05-31', '佛山市公安局南海分局', 1, '2023-01-01 00:00:00', NULL, '2023-01-01 00:00:00', 'avatar_default.jpeg');
INSERT INTO `user` VALUES (115, 1, '202305310005', '$2a$10$qtlT8SO6M8UoRXDMbsGcWedNKUQrjrsTb7Z4jhYssYi1nAw1Ci.5C', '小毛', '13923654789', '男', '汉', '2000-01-01', '广东省湛江市麻章区广东海洋大学', '440680000000000000', '2000-01-01', '2023-05-31', '佛山市公安局南海分局', 1, '2023-01-01 00:00:00', NULL, '2023-01-01 00:00:00', 'avatar_default.jpeg');
INSERT INTO `user` VALUES (116, 1, '202305310006', '$2a$10$qtlT8SO6M8UoRXDMbsGcWedNKUQrjrsTb7Z4jhYssYi1nAw1Ci.5C', '小黎', '13923654789', '男', '汉', '2000-01-01', '广东省湛江市麻章区广东海洋大学', '440680000000000000', '2000-01-01', '2023-05-31', '佛山市公安局南海分局', 1, '2023-01-01 00:00:00', NULL, '2023-01-01 00:00:00', 'avatar_default.jpeg');
INSERT INTO `user` VALUES (117, 1, '202305310007', '$2a$10$qtlT8SO6M8UoRXDMbsGcWedNKUQrjrsTb7Z4jhYssYi1nAw1Ci.5C', '小雕', '13923654789', '男', '汉', '2000-01-01', '广东省湛江市麻章区广东海洋大学', '440680000000000000', '2000-01-01', '2023-05-31', '佛山市公安局南海分局', 1, '2023-01-01 00:00:00', NULL, '2023-01-01 00:00:00', 'avatar_default.jpeg');
INSERT INTO `user` VALUES (118, 1, '202305310008', '$2a$10$qtlT8SO6M8UoRXDMbsGcWedNKUQrjrsTb7Z4jhYssYi1nAw1Ci.5C', '小夫', '13923654789', '男', '汉', '2000-01-01', '广东省湛江市麻章区广东海洋大学', '440680000000000000', '2000-01-01', '2023-05-31', '佛山市公安局南海分局', 1, '2023-01-01 00:00:00', NULL, '2023-01-01 00:00:00', 'avatar_default.jpeg');
INSERT INTO `user` VALUES (119, 1, '202305310009', '$2a$10$qtlT8SO6M8UoRXDMbsGcWedNKUQrjrsTb7Z4jhYssYi1nAw1Ci.5C', '小虎', '13923654789', '男', '汉', '2000-01-01', '广东省湛江市麻章区广东海洋大学', '440680000000000000', '2000-01-01', '2023-05-31', '佛山市公安局南海分局', 1, '2023-01-01 00:00:00', NULL, '2023-01-01 00:00:00', 'avatar_default.jpeg');
INSERT INTO `user` VALUES (120, 1, '202305310010', '$2a$10$qtlT8SO6M8UoRXDMbsGcWedNKUQrjrsTb7Z4jhYssYi1nAw1Ci.5C', '小明', '13923654789', '男', '汉', '2000-01-01', '广东省湛江市麻章区广东海洋大学', '440680000000000000', '2000-01-01', '2023-05-31', '佛山市公安局南海分局', 1, '2023-01-01 00:00:00', NULL, '2023-01-01 00:00:00', 'avatar_default.jpeg');
INSERT INTO `user` VALUES (121, 1, '202305310011', '$2a$10$qtlT8SO6M8UoRXDMbsGcWedNKUQrjrsTb7Z4jhYssYi1nAw1Ci.5C', '小白', '13923654789', '男', '汉', '2000-01-01', '广东省湛江市麻章区广东海洋大学', '440680000000000000', '2000-01-01', '2023-05-31', '佛山市公安局南海分局', 1, '2023-01-01 00:00:00', NULL, '2023-01-01 00:00:00', 'avatar_default.jpeg');
INSERT INTO `user` VALUES (122, 1, '202305310012', '$2a$10$qtlT8SO6M8UoRXDMbsGcWedNKUQrjrsTb7Z4jhYssYi1nAw1Ci.5C', '小罗', '13923654789', '男', '汉', '2000-01-01', '广东省湛江市麻章区广东海洋大学', '440680000000000000', '2000-01-01', '2023-05-31', '佛山市公安局南海分局', 1, '2023-01-01 00:00:00', NULL, '2023-01-01 00:00:00', 'avatar_default.jpeg');
INSERT INTO `user` VALUES (123, 1, '202305310013', '$2a$10$qtlT8SO6M8UoRXDMbsGcWedNKUQrjrsTb7Z4jhYssYi1nAw1Ci.5C', '小莹', '13923654789', '男', '汉', '2000-01-01', '广东省湛江市麻章区广东海洋大学', '440680000000000000', '2000-01-01', '2023-05-31', '佛山市公安局南海分局', 1, '2023-01-01 00:00:00', NULL, '2023-01-01 00:00:00', 'avatar_default.jpeg');
INSERT INTO `user` VALUES (124, 1, '202305310014', '$2a$10$qtlT8SO6M8UoRXDMbsGcWedNKUQrjrsTb7Z4jhYssYi1nAw1Ci.5C', '小英', '13923654789', '男', '汉', '2000-01-01', '广东省湛江市麻章区广东海洋大学', '440680000000000000', '2000-01-01', '2023-05-31', '佛山市公安局南海分局', 1, '2023-01-01 00:00:00', NULL, '2023-01-01 00:00:00', 'avatar_default.jpeg');
INSERT INTO `user` VALUES (125, 1, '202305310015', '$2a$10$qtlT8SO6M8UoRXDMbsGcWedNKUQrjrsTb7Z4jhYssYi1nAw1Ci.5C', '红豆沙', '13923654789', '男', '汉', '2000-01-01', '广东省湛江市麻章区广东海洋大学', '440680000000000000', '2000-01-01', '2023-05-31', '佛山市公安局南海分局', 1, '2023-01-01 00:00:00', NULL, '2023-01-01 00:00:00', 'avatar_default.jpeg');
INSERT INTO `user` VALUES (126, 1, '202305310016', '$2a$10$qtlT8SO6M8UoRXDMbsGcWedNKUQrjrsTb7Z4jhYssYi1nAw1Ci.5C', '豆浆', '13923654789', '男', '汉', '2000-01-01', '广东省湛江市麻章区广东海洋大学', '440680000000000000', '2000-01-01', '2023-05-31', '佛山市公安局南海分局', 1, '2023-01-01 00:00:00', NULL, '2023-01-01 00:00:00', 'avatar_default.jpeg');
INSERT INTO `user` VALUES (127, 1, '202305310017', '$2a$10$qtlT8SO6M8UoRXDMbsGcWedNKUQrjrsTb7Z4jhYssYi1nAw1Ci.5C', '豆饼', '13923654789', '男', '汉', '2000-01-01', '广东省湛江市麻章区广东海洋大学', '440680000000000000', '2000-01-01', '2023-05-31', '佛山市公安局南海分局', 1, '2023-01-01 00:00:00', NULL, '2023-01-01 00:00:00', 'avatar_default.jpeg');
INSERT INTO `user` VALUES (128, 1, '202305310018', '$2a$10$qtlT8SO6M8UoRXDMbsGcWedNKUQrjrsTb7Z4jhYssYi1nAw1Ci.5C', '生菜', '13923654789', '男', '汉', '2000-01-01', '广东省湛江市麻章区广东海洋大学', '440680000000000000', '2000-01-01', '2023-05-31', '佛山市公安局南海分局', 1, '2023-01-01 00:00:00', NULL, '2023-01-01 00:00:00', 'avatar_default.jpeg');
INSERT INTO `user` VALUES (129, 1, '202305310019', '$2a$10$qtlT8SO6M8UoRXDMbsGcWedNKUQrjrsTb7Z4jhYssYi1nAw1Ci.5C', '油麦菜', '13923654789', '男', '汉', '2000-01-01', '广东省湛江市麻章区广东海洋大学', '440680000000000000', '2000-01-01', '2023-05-31', '佛山市公安局南海分局', 1, '2023-01-01 00:00:00', NULL, '2023-01-01 00:00:00', 'avatar_default.jpeg');
INSERT INTO `user` VALUES (130, 1, '202305310020', '$2a$10$qtlT8SO6M8UoRXDMbsGcWedNKUQrjrsTb7Z4jhYssYi1nAw1Ci.5C', '通菜', '13923654789', '男', '汉', '2000-01-01', '广东省湛江市麻章区广东海洋大学', '440680000000000000', '2000-01-01', '2023-05-31', '佛山市公安局南海分局', 1, '2023-01-01 00:00:00', NULL, '2023-01-01 00:00:00', 'avatar_default.jpeg');
INSERT INTO `user` VALUES (131, 1, '202305310021', '$2a$10$qtlT8SO6M8UoRXDMbsGcWedNKUQrjrsTb7Z4jhYssYi1nAw1Ci.5C', '西红柿', '13923654789', '男', '汉', '2000-01-01', '广东省湛江市麻章区广东海洋大学', '440680000000000000', '2000-01-01', '2023-05-31', '佛山市公安局南海分局', 1, '2023-01-01 00:00:00', NULL, '2023-01-01 00:00:00', 'avatar_default.jpeg');
INSERT INTO `user` VALUES (132, 1, '202305310022', '$2a$10$qtlT8SO6M8UoRXDMbsGcWedNKUQrjrsTb7Z4jhYssYi1nAw1Ci.5C', '青瓜', '13923654789', '男', '汉', '2000-01-01', '广东省湛江市麻章区广东海洋大学', '440680000000000000', '2000-01-01', '2023-05-31', '佛山市公安局南海分局', 1, '2023-01-01 00:00:00', NULL, '2023-01-01 00:00:00', 'avatar_default.jpeg');
INSERT INTO `user` VALUES (133, 1, '202305310023', '$2a$10$qtlT8SO6M8UoRXDMbsGcWedNKUQrjrsTb7Z4jhYssYi1nAw1Ci.5C', '节瓜', '13923654789', '男', '汉', '2000-01-01', '广东省湛江市麻章区广东海洋大学', '440680000000000000', '2000-01-01', '2023-05-31', '佛山市公安局南海分局', 1, '2023-01-01 00:00:00', NULL, '2023-01-01 00:00:00', 'avatar_default.jpeg');
INSERT INTO `user` VALUES (134, 1, '202305310024', '$2a$10$qtlT8SO6M8UoRXDMbsGcWedNKUQrjrsTb7Z4jhYssYi1nAw1Ci.5C', '土豆', '13923654789', '男', '汉', '2000-01-01', '广东省湛江市麻章区广东海洋大学', '440680000000000000', '2000-01-01', '2023-05-31', '佛山市公安局南海分局', 1, '2023-01-01 00:00:00', NULL, '2023-01-01 00:00:00', 'avatar_default.jpeg');
INSERT INTO `user` VALUES (135, 1, '202305310025', '$2a$10$qtlT8SO6M8UoRXDMbsGcWedNKUQrjrsTb7Z4jhYssYi1nAw1Ci.5C', '洋葱', '13923654789', '男', '汉', '2000-01-01', '广东省湛江市麻章区广东海洋大学', '440680000000000000', '2000-01-01', '2023-05-31', '佛山市公安局南海分局', 1, '2023-01-01 00:00:00', NULL, '2023-01-01 00:00:00', 'avatar_default.jpeg');
INSERT INTO `user` VALUES (136, 1, '202305310026', '$2a$10$qtlT8SO6M8UoRXDMbsGcWedNKUQrjrsTb7Z4jhYssYi1nAw1Ci.5C', '大蒜', '13923654789', '男', '汉', '2000-01-01', '广东省湛江市麻章区广东海洋大学', '440680000000000000', '2000-01-01', '2023-05-31', '佛山市公安局南海分局', 1, '2023-01-01 00:00:00', NULL, '2023-01-01 00:00:00', 'avatar_default.jpeg');
INSERT INTO `user` VALUES (137, 1, '202305310027', '$2a$10$qtlT8SO6M8UoRXDMbsGcWedNKUQrjrsTb7Z4jhYssYi1nAw1Ci.5C', '黄姜', '13923654789', '男', '汉', '2000-01-01', '广东省湛江市麻章区广东海洋大学', '440680000000000000', '2000-01-01', '2023-05-31', '佛山市公安局南海分局', 1, '2023-01-01 00:00:00', NULL, '2023-01-01 00:00:00', 'avatar_default.jpeg');
INSERT INTO `user` VALUES (138, 1, '202305310028', '$2a$10$qtlT8SO6M8UoRXDMbsGcWedNKUQrjrsTb7Z4jhYssYi1nAw1Ci.5C', '料酒', '13923654789', '男', '汉', '2000-01-01', '广东省湛江市麻章区广东海洋大学', '440680000000000000', '2000-01-01', '2023-05-31', '佛山市公安局南海分局', 1, '2023-01-01 00:00:00', NULL, '2023-01-01 00:00:00', 'avatar_default.jpeg');
INSERT INTO `user` VALUES (139, 1, '202305310029', '$2a$10$qtlT8SO6M8UoRXDMbsGcWedNKUQrjrsTb7Z4jhYssYi1nAw1Ci.5C', '生抽', '13923654789', '男', '汉', '2000-01-01', '广东省湛江市麻章区广东海洋大学', '440680000000000000', '2000-01-01', '2023-05-31', '佛山市公安局南海分局', 1, '2023-01-01 00:00:00', NULL, '2023-01-01 00:00:00', 'avatar_default.jpeg');
INSERT INTO `user` VALUES (140, 1, '202305310030', '$2a$10$qtlT8SO6M8UoRXDMbsGcWedNKUQrjrsTb7Z4jhYssYi1nAw1Ci.5C', '老抽', '13923654789', '男', '汉', '2000-01-01', '广东省湛江市麻章区广东海洋大学', '440680000000000000', '2000-01-01', '2023-05-31', '佛山市公安局南海分局', 1, '2023-01-01 00:00:00', NULL, '2023-01-01 00:00:00', 'avatar_default.jpeg');
INSERT INTO `user` VALUES (141, 1, '202305310031', '$2a$10$qtlT8SO6M8UoRXDMbsGcWedNKUQrjrsTb7Z4jhYssYi1nAw1Ci.5C', '细狗', '13923654789', '男', '汉', '2000-01-01', '广东省湛江市麻章区广东海洋大学', '440680000000000000', '2000-01-01', '2023-05-31', '佛山市公安局南海分局', 1, '2023-01-01 00:00:00', NULL, '2023-01-01 00:00:00', 'avatar_default.jpeg');
INSERT INTO `user` VALUES (142, 1, '202305310032', '$2a$10$qtlT8SO6M8UoRXDMbsGcWedNKUQrjrsTb7Z4jhYssYi1nAw1Ci.5C', '白糖', '13923654789', '男', '汉', '2000-01-01', '广东省湛江市麻章区广东海洋大学', '440680000000000000', '2000-01-01', '2023-05-31', '佛山市公安局南海分局', 1, '2023-01-01 00:00:00', NULL, '2023-01-01 00:00:00', 'avatar_default.jpeg');
INSERT INTO `user` VALUES (143, 1, '202305310033', '$2a$10$qtlT8SO6M8UoRXDMbsGcWedNKUQrjrsTb7Z4jhYssYi1nAw1Ci.5C', '木耳', '13923654789', '男', '汉', '2000-01-01', '广东省湛江市麻章区广东海洋大学', '440680000000000000', '2000-01-01', '2023-05-31', '佛山市公安局南海分局', 1, '2023-01-01 00:00:00', NULL, '2023-01-01 00:00:00', 'avatar_default.jpeg');
INSERT INTO `user` VALUES (144, 1, '202305310034', '$2a$10$qtlT8SO6M8UoRXDMbsGcWedNKUQrjrsTb7Z4jhYssYi1nAw1Ci.5C', '白虎', '13923654789', '男', '汉', '2000-01-01', '广东省湛江市麻章区广东海洋大学', '440680000000000000', '2000-01-01', '2023-05-31', '佛山市公安局南海分局', 1, '2023-01-01 00:00:00', NULL, '2023-01-01 00:00:00', 'avatar_default.jpeg');
INSERT INTO `user` VALUES (145, 1, '202305310035', '$2a$10$qtlT8SO6M8UoRXDMbsGcWedNKUQrjrsTb7Z4jhYssYi1nAw1Ci.5C', '青龙', '13923654789', '男', '汉', '2000-01-01', '广东省湛江市麻章区广东海洋大学', '440680000000000000', '2000-01-01', '2023-05-31', '佛山市公安局南海分局', 1, '2023-01-01 00:00:00', NULL, '2023-01-01 00:00:00', 'avatar_default.jpeg');
INSERT INTO `user` VALUES (146, 1, '202305310036', '$2a$10$qtlT8SO6M8UoRXDMbsGcWedNKUQrjrsTb7Z4jhYssYi1nAw1Ci.5C', '玄武', '13923654789', '男', '汉', '2000-01-01', '广东省湛江市麻章区广东海洋大学', '440680000000000000', '2000-01-01', '2023-05-31', '佛山市公安局南海分局', 1, '2023-01-01 00:00:00', NULL, '2023-01-01 00:00:00', 'avatar_default.jpeg');
INSERT INTO `user` VALUES (147, 1, '202305310037', '$2a$10$qtlT8SO6M8UoRXDMbsGcWedNKUQrjrsTb7Z4jhYssYi1nAw1Ci.5C', '朱雀', '13923654789', '男', '汉', '2000-01-01', '广东省湛江市麻章区广东海洋大学', '440680000000000000', '2000-01-01', '2023-05-31', '佛山市公安局南海分局', 1, '2023-01-01 00:00:00', NULL, '2023-01-01 00:00:00', 'avatar_default.jpeg');
INSERT INTO `user` VALUES (148, 1, '202305310038', '$2a$10$qtlT8SO6M8UoRXDMbsGcWedNKUQrjrsTb7Z4jhYssYi1nAw1Ci.5C', '鸡粉', '13923654789', '男', '汉', '2000-01-01', '广东省湛江市麻章区广东海洋大学', '440680000000000000', '2000-01-01', '2023-05-31', '佛山市公安局南海分局', 1, '2023-01-01 00:00:00', NULL, '2023-01-01 00:00:00', 'avatar_default.jpeg');
INSERT INTO `user` VALUES (149, 1, '202305310039', '$2a$10$qtlT8SO6M8UoRXDMbsGcWedNKUQrjrsTb7Z4jhYssYi1nAw1Ci.5C', '蔡徐坤', '13923654789', '男', '汉', '2000-01-01', '广东省湛江市麻章区广东海洋大学', '440680000000000000', '2000-01-01', '2023-05-31', '佛山市公安局南海分局', 1, '2023-01-01 00:00:00', NULL, '2023-01-01 00:00:00', 'avatar_default.jpeg');
INSERT INTO `user` VALUES (150, 1, '202305310040', '$2a$10$qtlT8SO6M8UoRXDMbsGcWedNKUQrjrsTb7Z4jhYssYi1nAw1Ci.5C', '杨颖', '13923654789', '男', '汉', '2000-01-01', '广东省湛江市麻章区广东海洋大学', '440680000000000000', '2000-01-01', '2023-05-31', '佛山市公安局南海分局', 1, '2023-01-01 00:00:00', NULL, '2023-01-01 00:00:00', 'avatar_default.jpeg');
INSERT INTO `user` VALUES (151, 1, '202305310041', '$2a$10$qtlT8SO6M8UoRXDMbsGcWedNKUQrjrsTb7Z4jhYssYi1nAw1Ci.5C', '周杰伦', '13923654789', '男', '汉', '2000-01-01', '广东省湛江市麻章区广东海洋大学', '440680000000000000', '2000-01-01', '2023-05-31', '佛山市公安局南海分局', 1, '2023-01-01 00:00:00', NULL, '2023-01-01 00:00:00', 'avatar_default.jpeg');
INSERT INTO `user` VALUES (152, 1, '202305310042', '$2a$10$qtlT8SO6M8UoRXDMbsGcWedNKUQrjrsTb7Z4jhYssYi1nAw1Ci.5C', '王俊凯', '13923654789', '男', '汉', '2000-01-01', '广东省湛江市麻章区广东海洋大学', '440680000000000000', '2000-01-01', '2023-05-31', '佛山市公安局南海分局', 1, '2023-01-01 00:00:00', NULL, '2023-01-01 00:00:00', 'avatar_default.jpeg');
INSERT INTO `user` VALUES (153, 1, '202305310043', '$2a$10$qtlT8SO6M8UoRXDMbsGcWedNKUQrjrsTb7Z4jhYssYi1nAw1Ci.5C', '苏皓杰', '13923654789', '男', '汉', '2000-01-01', '广东省湛江市麻章区广东海洋大学', '440680000000000000', '2000-01-01', '2023-05-31', '佛山市公安局南海分局', 1, '2023-01-01 00:00:00', NULL, '2023-01-01 00:00:00', 'avatar_default.jpeg');
INSERT INTO `user` VALUES (154, 1, '202305310044', '$2a$10$qtlT8SO6M8UoRXDMbsGcWedNKUQrjrsTb7Z4jhYssYi1nAw1Ci.5C', '潘英家', '13923654789', '男', '汉', '2000-01-01', '广东省湛江市麻章区广东海洋大学', '440680000000000000', '2000-01-01', '2023-05-31', '佛山市公安局南海分局', 1, '2023-01-01 00:00:00', NULL, '2023-01-01 00:00:00', 'avatar_default.jpeg');
INSERT INTO `user` VALUES (155, 1, '202305310045', '$2a$10$qtlT8SO6M8UoRXDMbsGcWedNKUQrjrsTb7Z4jhYssYi1nAw1Ci.5C', '黄租赁', '13923654789', '男', '汉', '2000-01-01', '广东省湛江市麻章区广东海洋大学', '440680000000000000', '2000-01-01', '2023-05-31', '佛山市公安局南海分局', 1, '2023-01-01 00:00:00', NULL, '2023-01-01 00:00:00', 'avatar_default.jpeg');
INSERT INTO `user` VALUES (156, 1, '202305310046', '$2a$10$qtlT8SO6M8UoRXDMbsGcWedNKUQrjrsTb7Z4jhYssYi1nAw1Ci.5C', '黄请先', '13923654789', '男', '汉', '2000-01-01', '广东省湛江市麻章区广东海洋大学', '440680000000000000', '2000-01-01', '2023-05-31', '佛山市公安局南海分局', 1, '2023-01-01 00:00:00', NULL, '2023-01-01 00:00:00', 'avatar_default.jpeg');
INSERT INTO `user` VALUES (157, 1, '202305310047', '$2a$10$qtlT8SO6M8UoRXDMbsGcWedNKUQrjrsTb7Z4jhYssYi1nAw1Ci.5C', '欧阳娜娜', '13923654789', '男', '汉', '2000-01-01', '广东省湛江市麻章区广东海洋大学', '440680000000000000', '2000-01-01', '2023-05-31', '佛山市公安局南海分局', 1, '2023-01-01 00:00:00', NULL, '2023-01-01 00:00:00', 'avatar_default.jpeg');
INSERT INTO `user` VALUES (158, 1, '202305310048', '$2a$10$qtlT8SO6M8UoRXDMbsGcWedNKUQrjrsTb7Z4jhYssYi1nAw1Ci.5C', '欧阳锋', '13923654789', '男', '汉', '2000-01-01', '广东省湛江市麻章区广东海洋大学', '440680000000000000', '2000-01-01', '2023-05-31', '佛山市公安局南海分局', 1, '2023-01-01 00:00:00', NULL, '2023-01-01 00:00:00', 'avatar_default.jpeg');
INSERT INTO `user` VALUES (159, 1, '202305310049', '$2a$10$qtlT8SO6M8UoRXDMbsGcWedNKUQrjrsTb7Z4jhYssYi1nAw1Ci.5C', '林冲', '13923654789', '男', '汉', '2000-01-01', '广东省湛江市麻章区广东海洋大学', '440680000000000000', '2000-01-01', '2023-05-31', '佛山市公安局南海分局', 1, '2023-01-01 00:00:00', NULL, '2023-01-01 00:00:00', 'avatar_default.jpeg');
INSERT INTO `user` VALUES (160, 1, '202305310050', '$2a$10$qtlT8SO6M8UoRXDMbsGcWedNKUQrjrsTb7Z4jhYssYi1nAw1Ci.5C', '武松', '13923654789', '男', '汉', '2000-01-01', '广东省湛江市麻章区广东海洋大学', '440680000000000000', '2000-01-01', '2023-05-31', '佛山市公安局南海分局', 1, '2023-01-01 00:00:00', NULL, '2023-01-01 00:00:00', 'avatar_default.jpeg');
INSERT INTO `user` VALUES (161, 1, '202305310051', '$2a$10$qtlT8SO6M8UoRXDMbsGcWedNKUQrjrsTb7Z4jhYssYi1nAw1Ci.5C', '萧峰', '13923654789', '男', '汉', '2000-01-01', '广东省湛江市麻章区广东海洋大学', '440680000000000000', '2000-01-01', '2023-05-31', '佛山市公安局南海分局', 1, '2023-01-01 00:00:00', NULL, '2023-01-01 00:00:00', 'avatar_default.jpeg');
INSERT INTO `user` VALUES (162, 1, '202305310052', '$2a$10$qtlT8SO6M8UoRXDMbsGcWedNKUQrjrsTb7Z4jhYssYi1nAw1Ci.5C', '欧阳修', '13923654789', '男', '汉', '2000-01-01', '广东省湛江市麻章区广东海洋大学', '440680000000000000', '2000-01-01', '2023-05-31', '佛山市公安局南海分局', 1, '2023-01-01 00:00:00', NULL, '2023-01-01 00:00:00', 'avatar_default.jpeg');
INSERT INTO `user` VALUES (163, 1, '202305310053', '$2a$10$qtlT8SO6M8UoRXDMbsGcWedNKUQrjrsTb7Z4jhYssYi1nAw1Ci.5C', '李白', '13923654789', '男', '汉', '2000-01-01', '广东省湛江市麻章区广东海洋大学', '440680000000000000', '2000-01-01', '2023-05-31', '佛山市公安局南海分局', 1, '2023-01-01 00:00:00', NULL, '2023-01-01 00:00:00', 'avatar_default.jpeg');
INSERT INTO `user` VALUES (164, 1, '202305310054', '$2a$10$qtlT8SO6M8UoRXDMbsGcWedNKUQrjrsTb7Z4jhYssYi1nAw1Ci.5C', '杜甫', '13923654789', '男', '汉', '2000-01-01', '广东省湛江市麻章区广东海洋大学', '440680000000000000', '2000-01-01', '2023-05-31', '佛山市公安局南海分局', 1, '2023-01-01 00:00:00', NULL, '2023-01-01 00:00:00', 'avatar_default.jpeg');
INSERT INTO `user` VALUES (165, 1, '202305310055', '$2a$10$qtlT8SO6M8UoRXDMbsGcWedNKUQrjrsTb7Z4jhYssYi1nAw1Ci.5C', '李清照', '13923654789', '男', '汉', '2000-01-01', '广东省湛江市麻章区广东海洋大学', '440680000000000000', '2000-01-01', '2023-05-31', '佛山市公安局南海分局', 1, '2023-01-01 00:00:00', NULL, '2023-01-01 00:00:00', 'avatar_default.jpeg');
INSERT INTO `user` VALUES (166, 1, '202305310056', '$2a$10$qtlT8SO6M8UoRXDMbsGcWedNKUQrjrsTb7Z4jhYssYi1nAw1Ci.5C', '苍井', '13923654789', '男', '汉', '2000-01-01', '广东省湛江市麻章区广东海洋大学', '440680000000000000', '2000-01-01', '2023-05-31', '佛山市公安局南海分局', 1, '2023-01-01 00:00:00', NULL, '2023-01-01 00:00:00', 'avatar_default.jpeg');
INSERT INTO `user` VALUES (167, 1, '202305310057', '$2a$10$qtlT8SO6M8UoRXDMbsGcWedNKUQrjrsTb7Z4jhYssYi1nAw1Ci.5C', '李警官', '13923654789', '男', '汉', '2000-01-01', '广东省湛江市麻章区广东海洋大学', '440680000000000000', '2000-01-01', '2023-05-31', '佛山市公安局南海分局', 1, '2023-01-01 00:00:00', NULL, '2023-01-01 00:00:00', 'avatar_default.jpeg');
INSERT INTO `user` VALUES (168, 1, '202305310058', '$2a$10$qtlT8SO6M8UoRXDMbsGcWedNKUQrjrsTb7Z4jhYssYi1nAw1Ci.5C', '胖虎', '13923654789', '男', '汉', '2000-01-01', '广东省湛江市麻章区广东海洋大学', '440680000000000000', '2000-01-01', '2023-05-31', '佛山市公安局南海分局', 1, '2023-01-01 00:00:00', NULL, '2023-01-01 00:00:00', 'avatar_default.jpeg');
INSERT INTO `user` VALUES (169, 1, '202305310059', '$2a$10$qtlT8SO6M8UoRXDMbsGcWedNKUQrjrsTb7Z4jhYssYi1nAw1Ci.5C', '静香', '13923654789', '男', '汉', '2000-01-01', '广东省湛江市麻章区广东海洋大学', '440680000000000000', '2000-01-01', '2023-05-31', '佛山市公安局南海分局', 1, '2023-01-01 00:00:00', NULL, '2023-01-01 00:00:00', 'avatar_default.jpeg');
INSERT INTO `user` VALUES (170, 1, '202305310060', '$2a$10$qtlT8SO6M8UoRXDMbsGcWedNKUQrjrsTb7Z4jhYssYi1nAw1Ci.5C', '野逼大熊', '13923654789', '男', '汉', '2000-01-01', '广东省湛江市麻章区广东海洋大学', '440680000000000000', '2000-01-01', '2023-05-31', '佛山市公安局南海分局', 1, '2023-01-01 00:00:00', NULL, '2023-01-01 00:00:00', 'avatar_default.jpeg');
INSERT INTO `user` VALUES (171, 1, '202305310061', '$2a$10$qtlT8SO6M8UoRXDMbsGcWedNKUQrjrsTb7Z4jhYssYi1nAw1Ci.5C', '大胡', '13923654789', '男', '汉', '2000-01-01', '广东省湛江市麻章区广东海洋大学', '440680000000000000', '2000-01-01', '2023-05-31', '佛山市公安局南海分局', 1, '2023-01-01 00:00:00', NULL, '2023-01-01 00:00:00', 'avatar_default.jpeg');
INSERT INTO `user` VALUES (172, 1, '202305310062', '$2a$10$qtlT8SO6M8UoRXDMbsGcWedNKUQrjrsTb7Z4jhYssYi1nAw1Ci.5C', '大提琴', '13923654789', '男', '汉', '2000-01-01', '广东省湛江市麻章区广东海洋大学', '440680000000000000', '2000-01-01', '2023-05-31', '佛山市公安局南海分局', 1, '2023-01-01 00:00:00', NULL, '2023-01-01 00:00:00', 'avatar_default.jpeg');
INSERT INTO `user` VALUES (173, 1, '202305310063', '$2a$10$qtlT8SO6M8UoRXDMbsGcWedNKUQrjrsTb7Z4jhYssYi1nAw1Ci.5C', '小提琴', '13923654789', '男', '汉', '2000-01-01', '广东省湛江市麻章区广东海洋大学', '440680000000000000', '2000-01-01', '2023-05-31', '佛山市公安局南海分局', 1, '2023-01-01 00:00:00', NULL, '2023-01-01 00:00:00', 'avatar_default.jpeg');
INSERT INTO `user` VALUES (174, 1, '202305310064', '$2a$10$qtlT8SO6M8UoRXDMbsGcWedNKUQrjrsTb7Z4jhYssYi1nAw1Ci.5C', '大萧', '13923654789', '男', '汉', '2000-01-01', '广东省湛江市麻章区广东海洋大学', '440680000000000000', '2000-01-01', '2023-05-31', '佛山市公安局南海分局', 1, '2023-01-01 00:00:00', NULL, '2023-01-01 00:00:00', 'avatar_default.jpeg');
INSERT INTO `user` VALUES (175, 1, '202305310065', '$2a$10$qtlT8SO6M8UoRXDMbsGcWedNKUQrjrsTb7Z4jhYssYi1nAw1Ci.5C', '单簧管', '13923654789', '男', '汉', '2000-01-01', '广东省湛江市麻章区广东海洋大学', '440680000000000000', '2000-01-01', '2023-05-31', '佛山市公安局南海分局', 1, '2023-01-01 00:00:00', NULL, '2023-01-01 00:00:00', 'avatar_default.jpeg');
INSERT INTO `user` VALUES (176, 1, '202305310066', '$2a$10$qtlT8SO6M8UoRXDMbsGcWedNKUQrjrsTb7Z4jhYssYi1nAw1Ci.5C', '双簧管', '13923654789', '男', '汉', '2000-01-01', '广东省湛江市麻章区广东海洋大学', '440680000000000000', '2000-01-01', '2023-05-31', '佛山市公安局南海分局', 1, '2023-01-01 00:00:00', NULL, '2023-01-01 00:00:00', 'avatar_default.jpeg');
INSERT INTO `user` VALUES (177, 1, '202305310067', '$2a$10$qtlT8SO6M8UoRXDMbsGcWedNKUQrjrsTb7Z4jhYssYi1nAw1Ci.5C', '苑翰', '13923654789', '男', '汉', '2000-01-01', '广东省湛江市麻章区广东海洋大学', '440680000000000000', '2000-01-01', '2023-05-31', '佛山市公安局南海分局', 1, '2023-01-01 00:00:00', NULL, '2023-01-01 00:00:00', 'avatar_default.jpeg');
INSERT INTO `user` VALUES (178, 1, '202305310068', '$2a$10$qtlT8SO6M8UoRXDMbsGcWedNKUQrjrsTb7Z4jhYssYi1nAw1Ci.5C', '中提琴', '13923654789', '男', '汉', '2000-01-01', '广东省湛江市麻章区广东海洋大学', '440680000000000000', '2000-01-01', '2023-05-31', '佛山市公安局南海分局', 1, '2023-01-01 00:00:00', NULL, '2023-01-01 00:00:00', 'avatar_default.jpeg');
INSERT INTO `user` VALUES (179, 1, '202305310069', '$2a$10$qtlT8SO6M8UoRXDMbsGcWedNKUQrjrsTb7Z4jhYssYi1nAw1Ci.5C', '钢琴', '13923654789', '男', '汉', '2000-01-01', '广东省湛江市麻章区广东海洋大学', '440680000000000000', '2000-01-01', '2023-05-31', '佛山市公安局南海分局', 1, '2023-01-01 00:00:00', NULL, '2023-01-01 00:00:00', 'avatar_default.jpeg');
INSERT INTO `user` VALUES (180, 1, '202305310070', '$2a$10$qtlT8SO6M8UoRXDMbsGcWedNKUQrjrsTb7Z4jhYssYi1nAw1Ci.5C', '电子琴', '13923654789', '男', '汉', '2000-01-01', '广东省湛江市麻章区广东海洋大学', '440680000000000000', '2000-01-01', '2023-05-31', '佛山市公安局南海分局', 1, '2023-01-01 00:00:00', NULL, '2023-01-01 00:00:00', 'avatar_default.jpeg');
INSERT INTO `user` VALUES (181, 1, '202305310071', '$2a$10$qtlT8SO6M8UoRXDMbsGcWedNKUQrjrsTb7Z4jhYssYi1nAw1Ci.5C', '爵士鼓', '13923654789', '男', '汉', '2000-01-01', '广东省湛江市麻章区广东海洋大学', '440680000000000000', '2000-01-01', '2023-05-31', '佛山市公安局南海分局', 1, '2023-01-01 00:00:00', NULL, '2023-01-01 00:00:00', 'avatar_default.jpeg');
INSERT INTO `user` VALUES (182, 1, '202305310072', '$2a$10$qtlT8SO6M8UoRXDMbsGcWedNKUQrjrsTb7Z4jhYssYi1nAw1Ci.5C', '椰汁水', '13923654789', '男', '汉', '2000-01-01', '广东省湛江市麻章区广东海洋大学', '440680000000000000', '2000-01-01', '2023-05-31', '佛山市公安局南海分局', 1, '2023-01-01 00:00:00', NULL, '2023-01-01 00:00:00', 'avatar_default.jpeg');
INSERT INTO `user` VALUES (183, 1, '202305310073', '$2a$10$qtlT8SO6M8UoRXDMbsGcWedNKUQrjrsTb7Z4jhYssYi1nAw1Ci.5C', '纯牛奶', '13923654789', '男', '汉', '2000-01-01', '广东省湛江市麻章区广东海洋大学', '440680000000000000', '2000-01-01', '2023-05-31', '佛山市公安局南海分局', 1, '2023-01-01 00:00:00', NULL, '2023-01-01 00:00:00', 'avatar_default.jpeg');
INSERT INTO `user` VALUES (184, 1, '202305310074', '$2a$10$qtlT8SO6M8UoRXDMbsGcWedNKUQrjrsTb7Z4jhYssYi1nAw1Ci.5C', '糖浆', '13923654789', '男', '汉', '2000-01-01', '广东省湛江市麻章区广东海洋大学', '440680000000000000', '2000-01-01', '2023-05-31', '佛山市公安局南海分局', 1, '2023-01-01 00:00:00', NULL, '2023-01-01 00:00:00', 'avatar_default.jpeg');
INSERT INTO `user` VALUES (185, 1, '202305310075', '$2a$10$qtlT8SO6M8UoRXDMbsGcWedNKUQrjrsTb7Z4jhYssYi1nAw1Ci.5C', '西米露', '13923654789', '男', '汉', '2000-01-01', '广东省湛江市麻章区广东海洋大学', '440680000000000000', '2000-01-01', '2023-05-31', '佛山市公安局南海分局', 1, '2023-01-01 00:00:00', NULL, '2023-01-01 00:00:00', 'avatar_default.jpeg');
INSERT INTO `user` VALUES (186, 1, '202305310076', '$2a$10$qtlT8SO6M8UoRXDMbsGcWedNKUQrjrsTb7Z4jhYssYi1nAw1Ci.5C', '凉粉', '13923654789', '男', '汉', '2000-01-01', '广东省湛江市麻章区广东海洋大学', '440680000000000000', '2000-01-01', '2023-05-31', '佛山市公安局南海分局', 1, '2023-01-01 00:00:00', NULL, '2023-01-01 00:00:00', 'avatar_default.jpeg');
INSERT INTO `user` VALUES (187, 1, '202305310077', '$2a$10$qtlT8SO6M8UoRXDMbsGcWedNKUQrjrsTb7Z4jhYssYi1nAw1Ci.5C', '清补凉', '13923654789', '男', '汉', '2000-01-01', '广东省湛江市麻章区广东海洋大学', '440680000000000000', '2000-01-01', '2023-05-31', '佛山市公安局南海分局', 1, '2023-01-01 00:00:00', NULL, '2023-01-01 00:00:00', 'avatar_default.jpeg');
INSERT INTO `user` VALUES (188, 1, '202305310078', '$2a$10$qtlT8SO6M8UoRXDMbsGcWedNKUQrjrsTb7Z4jhYssYi1nAw1Ci.5C', '芋圆', '13923654789', '男', '汉', '2000-01-01', '广东省湛江市麻章区广东海洋大学', '440680000000000000', '2000-01-01', '2023-05-31', '佛山市公安局南海分局', 1, '2023-01-01 00:00:00', NULL, '2023-01-01 00:00:00', 'avatar_default.jpeg');
INSERT INTO `user` VALUES (189, 1, '202305310079', '$2a$10$qtlT8SO6M8UoRXDMbsGcWedNKUQrjrsTb7Z4jhYssYi1nAw1Ci.5C', '波波', '13923654789', '男', '汉', '2000-01-01', '广东省湛江市麻章区广东海洋大学', '440680000000000000', '2000-01-01', '2023-05-31', '佛山市公安局南海分局', 1, '2023-01-01 00:00:00', NULL, '2023-01-01 00:00:00', 'avatar_default.jpeg');
INSERT INTO `user` VALUES (190, 1, '202305310080', '$2a$10$qtlT8SO6M8UoRXDMbsGcWedNKUQrjrsTb7Z4jhYssYi1nAw1Ci.5C', '奶茶', '13923654789', '男', '汉', '2000-01-01', '广东省湛江市麻章区广东海洋大学', '440680000000000000', '2000-01-01', '2023-05-31', '佛山市公安局南海分局', 1, '2023-01-01 00:00:00', NULL, '2023-01-01 00:00:00', 'avatar_default.jpeg');
INSERT INTO `user` VALUES (191, 1, '202305310081', '$2a$10$qtlT8SO6M8UoRXDMbsGcWedNKUQrjrsTb7Z4jhYssYi1nAw1Ci.5C', '麦当劳', '13923654789', '男', '汉', '2000-01-01', '广东省湛江市麻章区广东海洋大学', '440680000000000000', '2000-01-01', '2023-05-31', '佛山市公安局南海分局', 1, '2023-01-01 00:00:00', NULL, '2023-01-01 00:00:00', 'avatar_default.jpeg');
INSERT INTO `user` VALUES (192, 1, '202305310082', '$2a$10$qtlT8SO6M8UoRXDMbsGcWedNKUQrjrsTb7Z4jhYssYi1nAw1Ci.5C', '熊猫', '13923654789', '男', '汉', '2000-01-01', '广东省湛江市麻章区广东海洋大学', '440680000000000000', '2000-01-01', '2023-05-31', '佛山市公安局南海分局', 1, '2023-01-01 00:00:00', NULL, '2023-01-01 00:00:00', 'avatar_default.jpeg');
INSERT INTO `user` VALUES (193, 1, '202305310083', '$2a$10$qtlT8SO6M8UoRXDMbsGcWedNKUQrjrsTb7Z4jhYssYi1nAw1Ci.5C', '长颈鹿', '13923654789', '男', '汉', '2000-01-01', '广东省湛江市麻章区广东海洋大学', '440680000000000000', '2000-01-01', '2023-05-31', '佛山市公安局南海分局', 1, '2023-01-01 00:00:00', NULL, '2023-01-01 00:00:00', 'avatar_default.jpeg');
INSERT INTO `user` VALUES (194, 1, '202305310084', '$2a$10$qtlT8SO6M8UoRXDMbsGcWedNKUQrjrsTb7Z4jhYssYi1nAw1Ci.5C', '河马', '13923654789', '男', '汉', '2000-01-01', '广东省湛江市麻章区广东海洋大学', '440680000000000000', '2000-01-01', '2023-05-31', '佛山市公安局南海分局', 1, '2023-01-01 00:00:00', NULL, '2023-01-01 00:00:00', 'avatar_default.jpeg');
INSERT INTO `user` VALUES (195, 1, '202305310085', '$2a$10$qtlT8SO6M8UoRXDMbsGcWedNKUQrjrsTb7Z4jhYssYi1nAw1Ci.5C', '大西瓜', '13923654789', '男', '汉', '2000-01-01', '广东省湛江市麻章区广东海洋大学', '440680000000000000', '2000-01-01', '2023-05-31', '佛山市公安局南海分局', 1, '2023-01-01 00:00:00', NULL, '2023-01-01 00:00:00', 'avatar_default.jpeg');
INSERT INTO `user` VALUES (196, 1, '202305310086', '$2a$10$qtlT8SO6M8UoRXDMbsGcWedNKUQrjrsTb7Z4jhYssYi1nAw1Ci.5C', '斑马', '13923654789', '男', '汉', '2000-01-01', '广东省湛江市麻章区广东海洋大学', '440680000000000000', '2000-01-01', '2023-05-31', '佛山市公安局南海分局', 1, '2023-01-01 00:00:00', NULL, '2023-01-01 00:00:00', 'avatar_default.jpeg');
INSERT INTO `user` VALUES (197, 1, '202305310087', '$2a$10$qtlT8SO6M8UoRXDMbsGcWedNKUQrjrsTb7Z4jhYssYi1nAw1Ci.5C', '牛马', '13923654789', '男', '汉', '2000-01-01', '广东省湛江市麻章区广东海洋大学', '440680000000000000', '2000-01-01', '2023-05-31', '佛山市公安局南海分局', 1, '2023-01-01 00:00:00', NULL, '2023-01-01 00:00:00', 'avatar_default.jpeg');
INSERT INTO `user` VALUES (198, 1, '202305310088', '$2a$10$qtlT8SO6M8UoRXDMbsGcWedNKUQrjrsTb7Z4jhYssYi1nAw1Ci.5C', '杜鹃', '13923654789', '男', '汉', '2000-01-01', '广东省湛江市麻章区广东海洋大学', '440680000000000000', '2000-01-01', '2023-05-31', '佛山市公安局南海分局', 1, '2023-01-01 00:00:00', NULL, '2023-01-01 00:00:00', 'avatar_default.jpeg');
INSERT INTO `user` VALUES (199, 1, '202305310089', '$2a$10$qtlT8SO6M8UoRXDMbsGcWedNKUQrjrsTb7Z4jhYssYi1nAw1Ci.5C', '燕子', '13923654789', '男', '汉', '2000-01-01', '广东省湛江市麻章区广东海洋大学', '440680000000000000', '2000-01-01', '2023-05-31', '佛山市公安局南海分局', 1, '2023-01-01 00:00:00', NULL, '2023-01-01 00:00:00', 'avatar_default.jpeg');
INSERT INTO `user` VALUES (200, 1, '202305310090', '$2a$10$qtlT8SO6M8UoRXDMbsGcWedNKUQrjrsTb7Z4jhYssYi1nAw1Ci.5C', '喜鹊', '13923654789', '男', '汉', '2000-01-01', '广东省湛江市麻章区广东海洋大学', '440680000000000000', '2000-01-01', '2023-05-31', '佛山市公安局南海分局', 1, '2023-01-01 00:00:00', NULL, '2023-01-01 00:00:00', 'avatar_default.jpeg');
INSERT INTO `user` VALUES (201, 1, '202305310091', '$2a$10$qtlT8SO6M8UoRXDMbsGcWedNKUQrjrsTb7Z4jhYssYi1nAw1Ci.5C', '后羿', '13923654789', '男', '汉', '2000-01-01', '广东省湛江市麻章区广东海洋大学', '440680000000000000', '2000-01-01', '2023-05-31', '佛山市公安局南海分局', 1, '2023-01-01 00:00:00', NULL, '2023-01-01 00:00:00', 'avatar_default.jpeg');
INSERT INTO `user` VALUES (202, 1, '202305310092', '$2a$10$qtlT8SO6M8UoRXDMbsGcWedNKUQrjrsTb7Z4jhYssYi1nAw1Ci.5C', '皮特仔', '13923654789', '男', '汉', '2000-01-01', '广东省湛江市麻章区广东海洋大学', '440680000000000000', '2000-01-01', '2023-05-31', '佛山市公安局南海分局', 1, '2023-01-01 00:00:00', NULL, '2023-01-01 00:00:00', 'avatar_default.jpeg');
INSERT INTO `user` VALUES (203, 1, '202305310093', '$2a$10$qtlT8SO6M8UoRXDMbsGcWedNKUQrjrsTb7Z4jhYssYi1nAw1Ci.5C', '听腾飞', '13923654789', '男', '汉', '2000-01-01', '广东省湛江市麻章区广东海洋大学', '440680000000000000', '2000-01-01', '2023-05-31', '佛山市公安局南海分局', 1, '2023-01-01 00:00:00', NULL, '2023-01-01 00:00:00', 'avatar_default.jpeg');
INSERT INTO `user` VALUES (204, 1, '202305310094', '$2a$10$qtlT8SO6M8UoRXDMbsGcWedNKUQrjrsTb7Z4jhYssYi1nAw1Ci.5C', '吗莹', '13923654789', '男', '汉', '2000-01-01', '广东省湛江市麻章区广东海洋大学', '440680000000000000', '2000-01-01', '2023-05-31', '佛山市公安局南海分局', 1, '2023-01-01 00:00:00', NULL, '2023-01-01 00:00:00', 'avatar_default.jpeg');
INSERT INTO `user` VALUES (205, 1, '202305310095', '$2a$10$qtlT8SO6M8UoRXDMbsGcWedNKUQrjrsTb7Z4jhYssYi1nAw1Ci.5C', '可口可乐', '13923654789', '男', '汉', '2000-01-01', '广东省湛江市麻章区广东海洋大学', '440680000000000000', '2000-01-01', '2023-05-31', '佛山市公安局南海分局', 1, '2023-01-01 00:00:00', NULL, '2023-01-01 00:00:00', 'avatar_default.jpeg');
INSERT INTO `user` VALUES (206, 1, '202305310096', '$2a$10$qtlT8SO6M8UoRXDMbsGcWedNKUQrjrsTb7Z4jhYssYi1nAw1Ci.5C', '七喜', '13923654789', '男', '汉', '2000-01-01', '广东省湛江市麻章区广东海洋大学', '440680000000000000', '2000-01-01', '2023-05-31', '佛山市公安局南海分局', 1, '2023-01-01 00:00:00', NULL, '2023-01-01 00:00:00', 'avatar_default.jpeg');
INSERT INTO `user` VALUES (207, 1, '202305310097', '$2a$10$qtlT8SO6M8UoRXDMbsGcWedNKUQrjrsTb7Z4jhYssYi1nAw1Ci.5C', '汉堡包', '13923654789', '男', '汉', '2000-01-01', '广东省湛江市麻章区广东海洋大学', '440680000000000000', '2000-01-01', '2023-05-31', '佛山市公安局南海分局', 1, '2023-01-01 00:00:00', NULL, '2023-01-01 00:00:00', 'avatar_default.jpeg');
INSERT INTO `user` VALUES (208, 1, '202305310098', '$2a$10$qtlT8SO6M8UoRXDMbsGcWedNKUQrjrsTb7Z4jhYssYi1nAw1Ci.5C', '薯条', '13923654789', '男', '汉', '2000-01-01', '广东省湛江市麻章区广东海洋大学', '440680000000000000', '2000-01-01', '2023-05-31', '佛山市公安局南海分局', 1, '2023-01-01 00:00:00', NULL, '2023-01-01 00:00:00', 'avatar_default.jpeg');
INSERT INTO `user` VALUES (209, 1, '202305310099', '$2a$10$qtlT8SO6M8UoRXDMbsGcWedNKUQrjrsTb7Z4jhYssYi1nAw1Ci.5C', '爱中国', '13923654789', '男', '汉', '2000-01-01', '广东省湛江市麻章区广东海洋大学', '440680000000000000', '2000-01-01', '2023-05-31', '佛山市公安局南海分局', 1, '2023-01-01 00:00:00', NULL, '2023-01-01 00:00:00', 'avatar_default.jpeg');

SET FOREIGN_KEY_CHECKS = 1;
